InspectionID,RunID,EmployeeID,InspectedAt,Notes
1,1,1,2024-01-01 09:00:00,Inspection completed for run 1
2,2,2,2024-01-01 15:00:00,Inspection completed for run 2
3,3,3,2024-01-01 21:00:00,Inspection completed for run 3
4,4,4,2024-01-02 03:00:00,Inspection completed for run 4
5,5,5,2024-01-02 09:00:00,Inspection completed for run 5
6,6,6,2024-01-02 15:00:00,Inspection completed for run 6
7,7,1,2024-01-02 21:00:00,Inspection completed for run 7
8,8,2,2024-01-03 03:00:00,Inspection completed for run 8
9,9,3,2024-01-03 09:00:00,Inspection completed for run 9
10,10,4,2024-01-03 15:00:00,Inspection completed for run 10
11,11,5,2024-01-03 21:00:00,Inspection completed for run 11
12,12,6,2024-01-04 03:00:00,Inspection completed for run 12
13,13,1,2024-01-04 09:00:00,Inspection completed for run 13
14,14,2,2024-01-04 15:00:00,Inspection completed for run 14
15,15,3,2024-01-04 21:00:00,Inspection completed for run 15
16,16,4,2024-01-05 03:00:00,Inspection completed for run 16
17,17,5,2024-01-05 09:00:00,Inspection completed for run 17
18,18,6,2024-01-05 15:00:00,Inspection completed for run 18
19,19,1,2024-01-05 21:00:00,Inspection completed for run 19
20,20,2,2024-01-06 03:00:00,Inspection completed for run 20
21,21,3,2024-01-06 09:00:00,Inspection completed for run 21
22,22,4,2024-01-06 15:00:00,Inspection completed for run 22
23,23,5,2024-01-06 21:00:00,Inspection completed for run 23
24,24,6,2024-01-07 03:00:00,Inspection completed for run 24
25,25,1,2024-01-07 09:00:00,Inspection completed for run 25
26,26,2,2024-01-07 15:00:00,Inspection completed for run 26
27,27,3,2024-01-07 21:00:00,Inspection completed for run 27
28,28,4,2024-01-08 03:00:00,Inspection completed for run 28
29,29,5,2024-01-08 09:00:00,Inspection completed for run 29
30,30,6,2024-01-08 15:00:00,Inspection completed for run 30
31,31,1,2024-01-08 21:00:00,Inspection completed for run 31
32,32,2,2024-01-09 03:00:00,Inspection completed for run 32
33,33,3,2024-01-09 09:00:00,Inspection completed for run 33
34,34,4,2024-01-09 15:00:00,Inspection completed for run 34
35,35,5,2024-01-09 21:00:00,Inspection completed for run 35
36,36,6,2024-01-10 03:00:00,Inspection completed for run 36
37,37,1,2024-01-10 09:00:00,Inspection completed for run 37
38,38,2,2024-01-10 15:00:00,Inspection completed for run 38
39,39,3,2024-01-10 21:00:00,Inspection completed for run 39
40,40,4,2024-01-11 03:00:00,Inspection completed for run 40
41,41,5,2024-01-11 09:00:00,Inspection completed for run 41
42,42,6,2024-01-11 15:00:00,Inspection completed for run 42
43,43,1,2024-01-11 21:00:00,Inspection completed for run 43
44,44,2,2024-01-12 03:00:00,Inspection completed for run 44
45,45,3,2024-01-12 09:00:00,Inspection completed for run 45
46,46,4,2024-01-12 15:00:00,Inspection completed for run 46
47,47,5,2024-01-12 21:00:00,Inspection completed for run 47
48,48,6,2024-01-13 03:00:00,Inspection completed for run 48
49,49,1,2024-01-13 09:00:00,Inspection completed for run 49
50,50,2,2024-01-13 15:00:00,Inspection completed for run 50
51,51,3,2024-01-13 21:00:00,Inspection completed for run 51
52,52,4,2024-01-14 03:00:00,Inspection completed for run 52
53,53,5,2024-01-14 09:00:00,Inspection completed for run 53
54,54,6,2024-01-14 15:00:00,Inspection completed for run 54
55,55,1,2024-01-14 21:00:00,Inspection completed for run 55
56,56,2,2024-01-15 03:00:00,Inspection completed for run 56
57,57,3,2024-01-15 09:00:00,Inspection completed for run 57
58,58,4,2024-01-15 15:00:00,Inspection completed for run 58
59,59,5,2024-01-15 21:00:00,Inspection completed for run 59
60,60,6,2024-01-16 03:00:00,Inspection completed for run 60
61,61,1,2024-01-16 09:00:00,Inspection completed for run 61
62,62,2,2024-01-16 15:00:00,Inspection completed for run 62
63,63,3,2024-01-16 21:00:00,Inspection completed for run 63
64,64,4,2024-01-17 03:00:00,Inspection completed for run 64
65,65,5,2024-01-17 09:00:00,Inspection completed for run 65
66,66,6,2024-01-17 15:00:00,Inspection completed for run 66
67,67,1,2024-01-17 21:00:00,Inspection completed for run 67
68,68,2,2024-01-18 03:00:00,Inspection completed for run 68
69,69,3,2024-01-18 09:00:00,Inspection completed for run 69
70,70,4,2024-01-18 15:00:00,Inspection completed for run 70
71,71,5,2024-01-18 21:00:00,Inspection completed for run 71
72,72,6,2024-01-19 03:00:00,Inspection completed for run 72
73,73,1,2024-01-19 09:00:00,Inspection completed for run 73
74,74,2,2024-01-19 15:00:00,Inspection completed for run 74
75,75,3,2024-01-19 21:00:00,Inspection completed for run 75
76,76,4,2024-01-20 03:00:00,Inspection completed for run 76
77,77,5,2024-01-20 09:00:00,Inspection completed for run 77
78,78,6,2024-01-20 15:00:00,Inspection completed for run 78
79,79,1,2024-01-20 21:00:00,Inspection completed for run 79
80,80,2,2024-01-21 03:00:00,Inspection completed for run 80
81,81,3,2024-01-21 09:00:00,Inspection completed for run 81
82,82,4,2024-01-21 15:00:00,Inspection completed for run 82
83,83,5,2024-01-21 21:00:00,Inspection completed for run 83
84,84,6,2024-01-22 03:00:00,Inspection completed for run 84
85,85,1,2024-01-22 09:00:00,Inspection completed for run 85
86,86,2,2024-01-22 15:00:00,Inspection completed for run 86
87,87,3,2024-01-22 21:00:00,Inspection completed for run 87
88,88,4,2024-01-23 03:00:00,Inspection completed for run 88
89,89,5,2024-01-23 09:00:00,Inspection completed for run 89
90,90,6,2024-01-23 15:00:00,Inspection completed for run 90
91,91,1,2024-01-23 21:00:00,Inspection completed for run 91
92,92,2,2024-01-24 03:00:00,Inspection completed for run 92
93,93,3,2024-01-24 09:00:00,Inspection completed for run 93
94,94,4,2024-01-24 15:00:00,Inspection completed for run 94
95,95,5,2024-01-24 21:00:00,Inspection completed for run 95
96,96,6,2024-01-25 03:00:00,Inspection completed for run 96
97,97,1,2024-01-25 09:00:00,Inspection completed for run 97
98,98,2,2024-01-25 15:00:00,Inspection completed for run 98
99,99,3,2024-01-25 21:00:00,Inspection completed for run 99
100,100,4,2024-01-26 03:00:00,Inspection completed for run 100
101,101,5,2024-01-26 09:00:00,Inspection completed for run 101
102,102,6,2024-01-26 15:00:00,Inspection completed for run 102
103,103,1,2024-01-26 21:00:00,Inspection completed for run 103
104,104,2,2024-01-27 03:00:00,Inspection completed for run 104
105,105,3,2024-01-27 09:00:00,Inspection completed for run 105
106,106,4,2024-01-27 15:00:00,Inspection completed for run 106
107,107,5,2024-01-27 21:00:00,Inspection completed for run 107
108,108,6,2024-01-28 03:00:00,Inspection completed for run 108
109,109,1,2024-01-28 09:00:00,Inspection completed for run 109
110,110,2,2024-01-28 15:00:00,Inspection completed for run 110
111,111,3,2024-01-28 21:00:00,Inspection completed for run 111
112,112,4,2024-01-29 03:00:00,Inspection completed for run 112
113,113,5,2024-01-29 09:00:00,Inspection completed for run 113
114,114,6,2024-01-29 15:00:00,Inspection completed for run 114
115,115,1,2024-01-29 21:00:00,Inspection completed for run 115
116,116,2,2024-01-30 03:00:00,Inspection completed for run 116
117,117,3,2024-01-30 09:00:00,Inspection completed for run 117
118,118,4,2024-01-30 15:00:00,Inspection completed for run 118
119,119,5,2024-01-30 21:00:00,Inspection completed for run 119
120,120,6,2024-01-31 03:00:00,Inspection completed for run 120
121,121,1,2024-01-31 09:00:00,Inspection completed for run 121
122,122,2,2024-01-31 15:00:00,Inspection completed for run 122
123,123,3,2024-01-31 21:00:00,Inspection completed for run 123
124,124,4,2024-02-01 03:00:00,Inspection completed for run 124
125,125,5,2024-02-01 09:00:00,Inspection completed for run 125
126,126,6,2024-02-01 15:00:00,Inspection completed for run 126
127,127,1,2024-02-01 21:00:00,Inspection completed for run 127
128,128,2,2024-02-02 03:00:00,Inspection completed for run 128
129,129,3,2024-02-02 09:00:00,Inspection completed for run 129
130,130,4,2024-02-02 15:00:00,Inspection completed for run 130
131,131,5,2024-02-02 21:00:00,Inspection completed for run 131
132,132,6,2024-02-03 03:00:00,Inspection completed for run 132
133,133,1,2024-02-03 09:00:00,Inspection completed for run 133
134,134,2,2024-02-03 15:00:00,Inspection completed for run 134
135,135,3,2024-02-03 21:00:00,Inspection completed for run 135
136,136,4,2024-02-04 03:00:00,Inspection completed for run 136
137,137,5,2024-02-04 09:00:00,Inspection completed for run 137
138,138,6,2024-02-04 15:00:00,Inspection completed for run 138
139,139,1,2024-02-04 21:00:00,Inspection completed for run 139
140,140,2,2024-02-05 03:00:00,Inspection completed for run 140
141,141,3,2024-02-05 09:00:00,Inspection completed for run 141
142,142,4,2024-02-05 15:00:00,Inspection completed for run 142
143,143,5,2024-02-05 21:00:00,Inspection completed for run 143
144,144,6,2024-02-06 03:00:00,Inspection completed for run 144
145,145,1,2024-02-06 09:00:00,Inspection completed for run 145
146,146,2,2024-02-06 15:00:00,Inspection completed for run 146
147,147,3,2024-02-06 21:00:00,Inspection completed for run 147
148,148,4,2024-02-07 03:00:00,Inspection completed for run 148
149,149,5,2024-02-07 09:00:00,Inspection completed for run 149
150,150,6,2024-02-07 15:00:00,Inspection completed for run 150
151,151,1,2024-02-07 21:00:00,Inspection completed for run 151
152,152,2,2024-02-08 03:00:00,Inspection completed for run 152
153,153,3,2024-02-08 09:00:00,Inspection completed for run 153
154,154,4,2024-02-08 15:00:00,Inspection completed for run 154
155,155,5,2024-02-08 21:00:00,Inspection completed for run 155
156,156,6,2024-02-09 03:00:00,Inspection completed for run 156
157,157,1,2024-02-09 09:00:00,Inspection completed for run 157
158,158,2,2024-02-09 15:00:00,Inspection completed for run 158
159,159,3,2024-02-09 21:00:00,Inspection completed for run 159
160,160,4,2024-02-10 03:00:00,Inspection completed for run 160
161,161,5,2024-02-10 09:00:00,Inspection completed for run 161
162,162,6,2024-02-10 15:00:00,Inspection completed for run 162
163,163,1,2024-02-10 21:00:00,Inspection completed for run 163
164,164,2,2024-02-11 03:00:00,Inspection completed for run 164
165,165,3,2024-02-11 09:00:00,Inspection completed for run 165
166,166,4,2024-02-11 15:00:00,Inspection completed for run 166
167,167,5,2024-02-11 21:00:00,Inspection completed for run 167
168,168,6,2024-02-12 03:00:00,Inspection completed for run 168
169,169,1,2024-02-12 09:00:00,Inspection completed for run 169
170,170,2,2024-02-12 15:00:00,Inspection completed for run 170
171,171,3,2024-02-12 21:00:00,Inspection completed for run 171
172,172,4,2024-02-13 03:00:00,Inspection completed for run 172
173,173,5,2024-02-13 09:00:00,Inspection completed for run 173
174,174,6,2024-02-13 15:00:00,Inspection completed for run 174
175,175,1,2024-02-13 21:00:00,Inspection completed for run 175
176,176,2,2024-02-14 03:00:00,Inspection completed for run 176
177,177,3,2024-02-14 09:00:00,Inspection completed for run 177
178,178,4,2024-02-14 15:00:00,Inspection completed for run 178
179,179,5,2024-02-14 21:00:00,Inspection completed for run 179
180,180,6,2024-02-15 03:00:00,Inspection completed for run 180
181,181,1,2024-02-15 09:00:00,Inspection completed for run 181
182,182,2,2024-02-15 15:00:00,Inspection completed for run 182
183,183,3,2024-02-15 21:00:00,Inspection completed for run 183
184,184,4,2024-02-16 03:00:00,Inspection completed for run 184
185,185,5,2024-02-16 09:00:00,Inspection completed for run 185
186,186,6,2024-02-16 15:00:00,Inspection completed for run 186
187,187,1,2024-02-16 21:00:00,Inspection completed for run 187
188,188,2,2024-02-17 03:00:00,Inspection completed for run 188
189,189,3,2024-02-17 09:00:00,Inspection completed for run 189
190,190,4,2024-02-17 15:00:00,Inspection completed for run 190
191,191,5,2024-02-17 21:00:00,Inspection completed for run 191
192,192,6,2024-02-18 03:00:00,Inspection completed for run 192
193,193,1,2024-02-18 09:00:00,Inspection completed for run 193
194,194,2,2024-02-18 15:00:00,Inspection completed for run 194
195,195,3,2024-02-18 21:00:00,Inspection completed for run 195
196,196,4,2024-02-19 03:00:00,Inspection completed for run 196
197,197,5,2024-02-19 09:00:00,Inspection completed for run 197
198,198,6,2024-02-19 15:00:00,Inspection completed for run 198
199,199,1,2024-02-19 21:00:00,Inspection completed for run 199
200,200,2,2024-02-20 03:00:00,Inspection completed for run 200
201,201,3,2024-02-20 09:00:00,Inspection completed for run 201
202,202,4,2024-02-20 15:00:00,Inspection completed for run 202
203,203,5,2024-02-20 21:00:00,Inspection completed for run 203
204,204,6,2024-02-21 03:00:00,Inspection completed for run 204
205,205,1,2024-02-21 09:00:00,Inspection completed for run 205
206,206,2,2024-02-21 15:00:00,Inspection completed for run 206
207,207,3,2024-02-21 21:00:00,Inspection completed for run 207
208,208,4,2024-02-22 03:00:00,Inspection completed for run 208
209,209,5,2024-02-22 09:00:00,Inspection completed for run 209
210,210,6,2024-02-22 15:00:00,Inspection completed for run 210
211,211,1,2024-02-22 21:00:00,Inspection completed for run 211
212,212,2,2024-02-23 03:00:00,Inspection completed for run 212
213,213,3,2024-02-23 09:00:00,Inspection completed for run 213
214,214,4,2024-02-23 15:00:00,Inspection completed for run 214
215,215,5,2024-02-23 21:00:00,Inspection completed for run 215
216,216,6,2024-02-24 03:00:00,Inspection completed for run 216
217,217,1,2024-02-24 09:00:00,Inspection completed for run 217
218,218,2,2024-02-24 15:00:00,Inspection completed for run 218
219,219,3,2024-02-24 21:00:00,Inspection completed for run 219
220,220,4,2024-02-25 03:00:00,Inspection completed for run 220
221,221,5,2024-02-25 09:00:00,Inspection completed for run 221
222,222,6,2024-02-25 15:00:00,Inspection completed for run 222
223,223,1,2024-02-25 21:00:00,Inspection completed for run 223
224,224,2,2024-02-26 03:00:00,Inspection completed for run 224
225,225,3,2024-02-26 09:00:00,Inspection completed for run 225
226,226,4,2024-02-26 15:00:00,Inspection completed for run 226
227,227,5,2024-02-26 21:00:00,Inspection completed for run 227
228,228,6,2024-02-27 03:00:00,Inspection completed for run 228
229,229,1,2024-02-27 09:00:00,Inspection completed for run 229
230,230,2,2024-02-27 15:00:00,Inspection completed for run 230
231,231,3,2024-02-27 21:00:00,Inspection completed for run 231
232,232,4,2024-02-28 03:00:00,Inspection completed for run 232
233,233,5,2024-02-28 09:00:00,Inspection completed for run 233
234,234,6,2024-02-28 15:00:00,Inspection completed for run 234
235,235,1,2024-02-28 21:00:00,Inspection completed for run 235
236,236,2,2024-02-29 03:00:00,Inspection completed for run 236
237,237,3,2024-02-29 09:00:00,Inspection completed for run 237
238,238,4,2024-02-29 15:00:00,Inspection completed for run 238
239,239,5,2024-02-29 21:00:00,Inspection completed for run 239
240,240,6,2024-03-01 03:00:00,Inspection completed for run 240
241,241,1,2024-03-01 09:00:00,Inspection completed for run 241
242,242,2,2024-03-01 15:00:00,Inspection completed for run 242
243,243,3,2024-03-01 21:00:00,Inspection completed for run 243
244,244,4,2024-03-02 03:00:00,Inspection completed for run 244
245,245,5,2024-03-02 09:00:00,Inspection completed for run 245
246,246,6,2024-03-02 15:00:00,Inspection completed for run 246
247,247,1,2024-03-02 21:00:00,Inspection completed for run 247
248,248,2,2024-03-03 03:00:00,Inspection completed for run 248
249,249,3,2024-03-03 09:00:00,Inspection completed for run 249
250,250,4,2024-03-03 15:00:00,Inspection completed for run 250
251,251,5,2024-03-03 21:00:00,Inspection completed for run 251
252,252,6,2024-03-04 03:00:00,Inspection completed for run 252
253,253,1,2024-03-04 09:00:00,Inspection completed for run 253
254,254,2,2024-03-04 15:00:00,Inspection completed for run 254
255,255,3,2024-03-04 21:00:00,Inspection completed for run 255
256,256,4,2024-03-05 03:00:00,Inspection completed for run 256
257,257,5,2024-03-05 09:00:00,Inspection completed for run 257
258,258,6,2024-03-05 15:00:00,Inspection completed for run 258
259,259,1,2024-03-05 21:00:00,Inspection completed for run 259
260,260,2,2024-03-06 03:00:00,Inspection completed for run 260
261,261,3,2024-03-06 09:00:00,Inspection completed for run 261
262,262,4,2024-03-06 15:00:00,Inspection completed for run 262
263,263,5,2024-03-06 21:00:00,Inspection completed for run 263
264,264,6,2024-03-07 03:00:00,Inspection completed for run 264
265,265,1,2024-03-07 09:00:00,Inspection completed for run 265
266,266,2,2024-03-07 15:00:00,Inspection completed for run 266
267,267,3,2024-03-07 21:00:00,Inspection completed for run 267
268,268,4,2024-03-08 03:00:00,Inspection completed for run 268
269,269,5,2024-03-08 09:00:00,Inspection completed for run 269
270,270,6,2024-03-08 15:00:00,Inspection completed for run 270
271,271,1,2024-03-08 21:00:00,Inspection completed for run 271
272,272,2,2024-03-09 03:00:00,Inspection completed for run 272
273,273,3,2024-03-09 09:00:00,Inspection completed for run 273
274,274,4,2024-03-09 15:00:00,Inspection completed for run 274
275,275,5,2024-03-09 21:00:00,Inspection completed for run 275
276,276,6,2024-03-10 03:00:00,Inspection completed for run 276
277,277,1,2024-03-10 09:00:00,Inspection completed for run 277
278,278,2,2024-03-10 15:00:00,Inspection completed for run 278
279,279,3,2024-03-10 21:00:00,Inspection completed for run 279
280,280,4,2024-03-11 03:00:00,Inspection completed for run 280
281,281,5,2024-03-11 09:00:00,Inspection completed for run 281
282,282,6,2024-03-11 15:00:00,Inspection completed for run 282
283,283,1,2024-03-11 21:00:00,Inspection completed for run 283
284,284,2,2024-03-12 03:00:00,Inspection completed for run 284
285,285,3,2024-03-12 09:00:00,Inspection completed for run 285
286,286,4,2024-03-12 15:00:00,Inspection completed for run 286
287,287,5,2024-03-12 21:00:00,Inspection completed for run 287
288,288,6,2024-03-13 03:00:00,Inspection completed for run 288
289,289,1,2024-03-13 09:00:00,Inspection completed for run 289
290,290,2,2024-03-13 15:00:00,Inspection completed for run 290
291,291,3,2024-03-13 21:00:00,Inspection completed for run 291
292,292,4,2024-03-14 03:00:00,Inspection completed for run 292
293,293,5,2024-03-14 09:00:00,Inspection completed for run 293
294,294,6,2024-03-14 15:00:00,Inspection completed for run 294
295,295,1,2024-03-14 21:00:00,Inspection completed for run 295
296,296,2,2024-03-15 03:00:00,Inspection completed for run 296
297,297,3,2024-03-15 09:00:00,Inspection completed for run 297
298,298,4,2024-03-15 15:00:00,Inspection completed for run 298
299,299,5,2024-03-15 21:00:00,Inspection completed for run 299
300,300,6,2024-03-16 03:00:00,Inspection completed for run 300
301,301,1,2024-03-16 09:00:00,Inspection completed for run 301
302,302,2,2024-03-16 15:00:00,Inspection completed for run 302
303,303,3,2024-03-16 21:00:00,Inspection completed for run 303
304,304,4,2024-03-17 03:00:00,Inspection completed for run 304
305,305,5,2024-03-17 09:00:00,Inspection completed for run 305
306,306,6,2024-03-17 15:00:00,Inspection completed for run 306
307,307,1,2024-03-17 21:00:00,Inspection completed for run 307
308,308,2,2024-03-18 03:00:00,Inspection completed for run 308
309,309,3,2024-03-18 09:00:00,Inspection completed for run 309
310,310,4,2024-03-18 15:00:00,Inspection completed for run 310
311,311,5,2024-03-18 21:00:00,Inspection completed for run 311
312,312,6,2024-03-19 03:00:00,Inspection completed for run 312
313,313,1,2024-03-19 09:00:00,Inspection completed for run 313
314,314,2,2024-03-19 15:00:00,Inspection completed for run 314
315,315,3,2024-03-19 21:00:00,Inspection completed for run 315
316,316,4,2024-03-20 03:00:00,Inspection completed for run 316
317,317,5,2024-03-20 09:00:00,Inspection completed for run 317
318,318,6,2024-03-20 15:00:00,Inspection completed for run 318
319,319,1,2024-03-20 21:00:00,Inspection completed for run 319
320,320,2,2024-03-21 03:00:00,Inspection completed for run 320
321,321,3,2024-03-21 09:00:00,Inspection completed for run 321
322,322,4,2024-03-21 15:00:00,Inspection completed for run 322
323,323,5,2024-03-21 21:00:00,Inspection completed for run 323
324,324,6,2024-03-22 03:00:00,Inspection completed for run 324
325,325,1,2024-03-22 09:00:00,Inspection completed for run 325
326,326,2,2024-03-22 15:00:00,Inspection completed for run 326
327,327,3,2024-03-22 21:00:00,Inspection completed for run 327
328,328,4,2024-03-23 03:00:00,Inspection completed for run 328
329,329,5,2024-03-23 09:00:00,Inspection completed for run 329
330,330,6,2024-03-23 15:00:00,Inspection completed for run 330
331,331,1,2024-03-23 21:00:00,Inspection completed for run 331
332,332,2,2024-03-24 03:00:00,Inspection completed for run 332
333,333,3,2024-03-24 09:00:00,Inspection completed for run 333
334,334,4,2024-03-24 15:00:00,Inspection completed for run 334
335,335,5,2024-03-24 21:00:00,Inspection completed for run 335
336,336,6,2024-03-25 03:00:00,Inspection completed for run 336
337,337,1,2024-03-25 09:00:00,Inspection completed for run 337
338,338,2,2024-03-25 15:00:00,Inspection completed for run 338
339,339,3,2024-03-25 21:00:00,Inspection completed for run 339
340,340,4,2024-03-26 03:00:00,Inspection completed for run 340
341,341,5,2024-03-26 09:00:00,Inspection completed for run 341
342,342,6,2024-03-26 15:00:00,Inspection completed for run 342
343,343,1,2024-03-26 21:00:00,Inspection completed for run 343
344,344,2,2024-03-27 03:00:00,Inspection completed for run 344
345,345,3,2024-03-27 09:00:00,Inspection completed for run 345
346,346,4,2024-03-27 15:00:00,Inspection completed for run 346
347,347,5,2024-03-27 21:00:00,Inspection completed for run 347
348,348,6,2024-03-28 03:00:00,Inspection completed for run 348
349,349,1,2024-03-28 09:00:00,Inspection completed for run 349
350,350,2,2024-03-28 15:00:00,Inspection completed for run 350
351,351,3,2024-03-28 21:00:00,Inspection completed for run 351
352,352,4,2024-03-29 03:00:00,Inspection completed for run 352
353,353,5,2024-03-29 09:00:00,Inspection completed for run 353
354,354,6,2024-03-29 15:00:00,Inspection completed for run 354
355,355,1,2024-03-29 21:00:00,Inspection completed for run 355
356,356,2,2024-03-30 03:00:00,Inspection completed for run 356
357,357,3,2024-03-30 09:00:00,Inspection completed for run 357
358,358,4,2024-03-30 15:00:00,Inspection completed for run 358
359,359,5,2024-03-30 21:00:00,Inspection completed for run 359
360,360,6,2024-03-31 03:00:00,Inspection completed for run 360
361,361,1,2024-03-31 09:00:00,Inspection completed for run 361
362,362,2,2024-03-31 15:00:00,Inspection completed for run 362
363,363,3,2024-03-31 21:00:00,Inspection completed for run 363
364,364,4,2024-04-01 03:00:00,Inspection completed for run 364
365,365,5,2024-04-01 09:00:00,Inspection completed for run 365
366,366,6,2024-04-01 15:00:00,Inspection completed for run 366
367,367,1,2024-04-01 21:00:00,Inspection completed for run 367
368,368,2,2024-04-02 03:00:00,Inspection completed for run 368
369,369,3,2024-04-02 09:00:00,Inspection completed for run 369
370,370,4,2024-04-02 15:00:00,Inspection completed for run 370
371,371,5,2024-04-02 21:00:00,Inspection completed for run 371
372,372,6,2024-04-03 03:00:00,Inspection completed for run 372
373,373,1,2024-04-03 09:00:00,Inspection completed for run 373
374,374,2,2024-04-03 15:00:00,Inspection completed for run 374
375,375,3,2024-04-03 21:00:00,Inspection completed for run 375
376,376,4,2024-04-04 03:00:00,Inspection completed for run 376
377,377,5,2024-04-04 09:00:00,Inspection completed for run 377
378,378,6,2024-04-04 15:00:00,Inspection completed for run 378
379,379,1,2024-04-04 21:00:00,Inspection completed for run 379
380,380,2,2024-04-05 03:00:00,Inspection completed for run 380
381,381,3,2024-04-05 09:00:00,Inspection completed for run 381
382,382,4,2024-04-05 15:00:00,Inspection completed for run 382
383,383,5,2024-04-05 21:00:00,Inspection completed for run 383
384,384,6,2024-04-06 03:00:00,Inspection completed for run 384
385,385,1,2024-04-06 09:00:00,Inspection completed for run 385
386,386,2,2024-04-06 15:00:00,Inspection completed for run 386
387,387,3,2024-04-06 21:00:00,Inspection completed for run 387
388,388,4,2024-04-07 03:00:00,Inspection completed for run 388
389,389,5,2024-04-07 09:00:00,Inspection completed for run 389
390,390,6,2024-04-07 15:00:00,Inspection completed for run 390
391,391,1,2024-04-07 21:00:00,Inspection completed for run 391
392,392,2,2024-04-08 03:00:00,Inspection completed for run 392
393,393,3,2024-04-08 09:00:00,Inspection completed for run 393
394,394,4,2024-04-08 15:00:00,Inspection completed for run 394
395,395,5,2024-04-08 21:00:00,Inspection completed for run 395
396,396,6,2024-04-09 03:00:00,Inspection completed for run 396
397,397,1,2024-04-09 09:00:00,Inspection completed for run 397
398,398,2,2024-04-09 15:00:00,Inspection completed for run 398
399,399,3,2024-04-09 21:00:00,Inspection completed for run 399
400,400,4,2024-04-10 03:00:00,Inspection completed for run 400
401,401,5,2024-04-10 09:00:00,Inspection completed for run 401
402,402,6,2024-04-10 15:00:00,Inspection completed for run 402
403,403,1,2024-04-10 21:00:00,Inspection completed for run 403
404,404,2,2024-04-11 03:00:00,Inspection completed for run 404
405,405,3,2024-04-11 09:00:00,Inspection completed for run 405
406,406,4,2024-04-11 15:00:00,Inspection completed for run 406
407,407,5,2024-04-11 21:00:00,Inspection completed for run 407
408,408,6,2024-04-12 03:00:00,Inspection completed for run 408
409,409,1,2024-04-12 09:00:00,Inspection completed for run 409
410,410,2,2024-04-12 15:00:00,Inspection completed for run 410
411,411,3,2024-04-12 21:00:00,Inspection completed for run 411
412,412,4,2024-04-13 03:00:00,Inspection completed for run 412
413,413,5,2024-04-13 09:00:00,Inspection completed for run 413
414,414,6,2024-04-13 15:00:00,Inspection completed for run 414
415,415,1,2024-04-13 21:00:00,Inspection completed for run 415
416,416,2,2024-04-14 03:00:00,Inspection completed for run 416
417,417,3,2024-04-14 09:00:00,Inspection completed for run 417
418,418,4,2024-04-14 15:00:00,Inspection completed for run 418
419,419,5,2024-04-14 21:00:00,Inspection completed for run 419
420,420,6,2024-04-15 03:00:00,Inspection completed for run 420
421,421,1,2024-04-15 09:00:00,Inspection completed for run 421
422,422,2,2024-04-15 15:00:00,Inspection completed for run 422
423,423,3,2024-04-15 21:00:00,Inspection completed for run 423
424,424,4,2024-04-16 03:00:00,Inspection completed for run 424
425,425,5,2024-04-16 09:00:00,Inspection completed for run 425
426,426,6,2024-04-16 15:00:00,Inspection completed for run 426
427,427,1,2024-04-16 21:00:00,Inspection completed for run 427
428,428,2,2024-04-17 03:00:00,Inspection completed for run 428
429,429,3,2024-04-17 09:00:00,Inspection completed for run 429
430,430,4,2024-04-17 15:00:00,Inspection completed for run 430
431,431,5,2024-04-17 21:00:00,Inspection completed for run 431
432,432,6,2024-04-18 03:00:00,Inspection completed for run 432
433,433,1,2024-04-18 09:00:00,Inspection completed for run 433
434,434,2,2024-04-18 15:00:00,Inspection completed for run 434
435,435,3,2024-04-18 21:00:00,Inspection completed for run 435
436,436,4,2024-04-19 03:00:00,Inspection completed for run 436
437,437,5,2024-04-19 09:00:00,Inspection completed for run 437
438,438,6,2024-04-19 15:00:00,Inspection completed for run 438
439,439,1,2024-04-19 21:00:00,Inspection completed for run 439
440,440,2,2024-04-20 03:00:00,Inspection completed for run 440
441,441,3,2024-04-20 09:00:00,Inspection completed for run 441
442,442,4,2024-04-20 15:00:00,Inspection completed for run 442
443,443,5,2024-04-20 21:00:00,Inspection completed for run 443
444,444,6,2024-04-21 03:00:00,Inspection completed for run 444
445,445,1,2024-04-21 09:00:00,Inspection completed for run 445
446,446,2,2024-04-21 15:00:00,Inspection completed for run 446
447,447,3,2024-04-21 21:00:00,Inspection completed for run 447
448,448,4,2024-04-22 03:00:00,Inspection completed for run 448
449,449,5,2024-04-22 09:00:00,Inspection completed for run 449
450,450,6,2024-04-22 15:00:00,Inspection completed for run 450
451,451,1,2024-04-22 21:00:00,Inspection completed for run 451
452,452,2,2024-04-23 03:00:00,Inspection completed for run 452
453,453,3,2024-04-23 09:00:00,Inspection completed for run 453
454,454,4,2024-04-23 15:00:00,Inspection completed for run 454
455,455,5,2024-04-23 21:00:00,Inspection completed for run 455
456,456,6,2024-04-24 03:00:00,Inspection completed for run 456
457,457,1,2024-04-24 09:00:00,Inspection completed for run 457
458,458,2,2024-04-24 15:00:00,Inspection completed for run 458
459,459,3,2024-04-24 21:00:00,Inspection completed for run 459
460,460,4,2024-04-25 03:00:00,Inspection completed for run 460
461,461,5,2024-04-25 09:00:00,Inspection completed for run 461
462,462,6,2024-04-25 15:00:00,Inspection completed for run 462
463,463,1,2024-04-25 21:00:00,Inspection completed for run 463
464,464,2,2024-04-26 03:00:00,Inspection completed for run 464
465,465,3,2024-04-26 09:00:00,Inspection completed for run 465
466,466,4,2024-04-26 15:00:00,Inspection completed for run 466
467,467,5,2024-04-26 21:00:00,Inspection completed for run 467
468,468,6,2024-04-27 03:00:00,Inspection completed for run 468
469,469,1,2024-04-27 09:00:00,Inspection completed for run 469
470,470,2,2024-04-27 15:00:00,Inspection completed for run 470
471,471,3,2024-04-27 21:00:00,Inspection completed for run 471
472,472,4,2024-04-28 03:00:00,Inspection completed for run 472
473,473,5,2024-04-28 09:00:00,Inspection completed for run 473
474,474,6,2024-04-28 15:00:00,Inspection completed for run 474
475,475,1,2024-04-28 21:00:00,Inspection completed for run 475
476,476,2,2024-04-29 03:00:00,Inspection completed for run 476
477,477,3,2024-04-29 09:00:00,Inspection completed for run 477
478,478,4,2024-04-29 15:00:00,Inspection completed for run 478
479,479,5,2024-04-29 21:00:00,Inspection completed for run 479
480,480,6,2024-04-30 03:00:00,Inspection completed for run 480
481,481,1,2024-04-30 09:00:00,Inspection completed for run 481
482,482,2,2024-04-30 15:00:00,Inspection completed for run 482
483,483,3,2024-04-30 21:00:00,Inspection completed for run 483
484,484,4,2024-05-01 03:00:00,Inspection completed for run 484
485,485,5,2024-05-01 09:00:00,Inspection completed for run 485
486,486,6,2024-05-01 15:00:00,Inspection completed for run 486
487,487,1,2024-05-01 21:00:00,Inspection completed for run 487
488,488,2,2024-05-02 03:00:00,Inspection completed for run 488
489,489,3,2024-05-02 09:00:00,Inspection completed for run 489
490,490,4,2024-05-02 15:00:00,Inspection completed for run 490
491,491,5,2024-05-02 21:00:00,Inspection completed for run 491
492,492,6,2024-05-03 03:00:00,Inspection completed for run 492
493,493,1,2024-05-03 09:00:00,Inspection completed for run 493
494,494,2,2024-05-03 15:00:00,Inspection completed for run 494
495,495,3,2024-05-03 21:00:00,Inspection completed for run 495
496,496,4,2024-05-04 03:00:00,Inspection completed for run 496
497,497,5,2024-05-04 09:00:00,Inspection completed for run 497
498,498,6,2024-05-04 15:00:00,Inspection completed for run 498
499,499,1,2024-05-04 21:00:00,Inspection completed for run 499
500,500,2,2024-05-05 03:00:00,Inspection completed for run 500
501,501,3,2024-05-05 09:00:00,Inspection completed for run 501
502,502,4,2024-05-05 15:00:00,Inspection completed for run 502
503,503,5,2024-05-05 21:00:00,Inspection completed for run 503
504,504,6,2024-05-06 03:00:00,Inspection completed for run 504
505,505,1,2024-05-06 09:00:00,Inspection completed for run 505
506,506,2,2024-05-06 15:00:00,Inspection completed for run 506
507,507,3,2024-05-06 21:00:00,Inspection completed for run 507
508,508,4,2024-05-07 03:00:00,Inspection completed for run 508
509,509,5,2024-05-07 09:00:00,Inspection completed for run 509
510,510,6,2024-05-07 15:00:00,Inspection completed for run 510
511,511,1,2024-05-07 21:00:00,Inspection completed for run 511
512,512,2,2024-05-08 03:00:00,Inspection completed for run 512
513,513,3,2024-05-08 09:00:00,Inspection completed for run 513
514,514,4,2024-05-08 15:00:00,Inspection completed for run 514
515,515,5,2024-05-08 21:00:00,Inspection completed for run 515
516,516,6,2024-05-09 03:00:00,Inspection completed for run 516
517,517,1,2024-05-09 09:00:00,Inspection completed for run 517
518,518,2,2024-05-09 15:00:00,Inspection completed for run 518
519,519,3,2024-05-09 21:00:00,Inspection completed for run 519
520,520,4,2024-05-10 03:00:00,Inspection completed for run 520
521,521,5,2024-05-10 09:00:00,Inspection completed for run 521
522,522,6,2024-05-10 15:00:00,Inspection completed for run 522
523,523,1,2024-05-10 21:00:00,Inspection completed for run 523
524,524,2,2024-05-11 03:00:00,Inspection completed for run 524
525,525,3,2024-05-11 09:00:00,Inspection completed for run 525
526,526,4,2024-05-11 15:00:00,Inspection completed for run 526
527,527,5,2024-05-11 21:00:00,Inspection completed for run 527
528,528,6,2024-05-12 03:00:00,Inspection completed for run 528
529,529,1,2024-05-12 09:00:00,Inspection completed for run 529
530,530,2,2024-05-12 15:00:00,Inspection completed for run 530
531,531,3,2024-05-12 21:00:00,Inspection completed for run 531
532,532,4,2024-05-13 03:00:00,Inspection completed for run 532
533,533,5,2024-05-13 09:00:00,Inspection completed for run 533
534,534,6,2024-05-13 15:00:00,Inspection completed for run 534
535,535,1,2024-05-13 21:00:00,Inspection completed for run 535
536,536,2,2024-05-14 03:00:00,Inspection completed for run 536
537,537,3,2024-05-14 09:00:00,Inspection completed for run 537
538,538,4,2024-05-14 15:00:00,Inspection completed for run 538
539,539,5,2024-05-14 21:00:00,Inspection completed for run 539
540,540,6,2024-05-15 03:00:00,Inspection completed for run 540
541,541,1,2024-05-15 09:00:00,Inspection completed for run 541
542,542,2,2024-05-15 15:00:00,Inspection completed for run 542
543,543,3,2024-05-15 21:00:00,Inspection completed for run 543
544,544,4,2024-05-16 03:00:00,Inspection completed for run 544
545,545,5,2024-05-16 09:00:00,Inspection completed for run 545
546,546,6,2024-05-16 15:00:00,Inspection completed for run 546
547,547,1,2024-05-16 21:00:00,Inspection completed for run 547
548,548,2,2024-05-17 03:00:00,Inspection completed for run 548
549,549,3,2024-05-17 09:00:00,Inspection completed for run 549
550,550,4,2024-05-17 15:00:00,Inspection completed for run 550
551,551,5,2024-05-17 21:00:00,Inspection completed for run 551
552,552,6,2024-05-18 03:00:00,Inspection completed for run 552
553,553,1,2024-05-18 09:00:00,Inspection completed for run 553
554,554,2,2024-05-18 15:00:00,Inspection completed for run 554
555,555,3,2024-05-18 21:00:00,Inspection completed for run 555
556,556,4,2024-05-19 03:00:00,Inspection completed for run 556
557,557,5,2024-05-19 09:00:00,Inspection completed for run 557
558,558,6,2024-05-19 15:00:00,Inspection completed for run 558
559,559,1,2024-05-19 21:00:00,Inspection completed for run 559
560,560,2,2024-05-20 03:00:00,Inspection completed for run 560
561,561,3,2024-05-20 09:00:00,Inspection completed for run 561
562,562,4,2024-05-20 15:00:00,Inspection completed for run 562
563,563,5,2024-05-20 21:00:00,Inspection completed for run 563
564,564,6,2024-05-21 03:00:00,Inspection completed for run 564
565,565,1,2024-05-21 09:00:00,Inspection completed for run 565
566,566,2,2024-05-21 15:00:00,Inspection completed for run 566
567,567,3,2024-05-21 21:00:00,Inspection completed for run 567
568,568,4,2024-05-22 03:00:00,Inspection completed for run 568
569,569,5,2024-05-22 09:00:00,Inspection completed for run 569
570,570,6,2024-05-22 15:00:00,Inspection completed for run 570
571,571,1,2024-05-22 21:00:00,Inspection completed for run 571
572,572,2,2024-05-23 03:00:00,Inspection completed for run 572
573,573,3,2024-05-23 09:00:00,Inspection completed for run 573
574,574,4,2024-05-23 15:00:00,Inspection completed for run 574
575,575,5,2024-05-23 21:00:00,Inspection completed for run 575
576,576,6,2024-05-24 03:00:00,Inspection completed for run 576
577,577,1,2024-05-24 09:00:00,Inspection completed for run 577
578,578,2,2024-05-24 15:00:00,Inspection completed for run 578
579,579,3,2024-05-24 21:00:00,Inspection completed for run 579
580,580,4,2024-05-25 03:00:00,Inspection completed for run 580
581,581,5,2024-05-25 09:00:00,Inspection completed for run 581
582,582,6,2024-05-25 15:00:00,Inspection completed for run 582
583,583,1,2024-05-25 21:00:00,Inspection completed for run 583
584,584,2,2024-05-26 03:00:00,Inspection completed for run 584
585,585,3,2024-05-26 09:00:00,Inspection completed for run 585
586,586,4,2024-05-26 15:00:00,Inspection completed for run 586
587,587,5,2024-05-26 21:00:00,Inspection completed for run 587
588,588,6,2024-05-27 03:00:00,Inspection completed for run 588
589,589,1,2024-05-27 09:00:00,Inspection completed for run 589
590,590,2,2024-05-27 15:00:00,Inspection completed for run 590
591,591,3,2024-05-27 21:00:00,Inspection completed for run 591
592,592,4,2024-05-28 03:00:00,Inspection completed for run 592
593,593,5,2024-05-28 09:00:00,Inspection completed for run 593
594,594,6,2024-05-28 15:00:00,Inspection completed for run 594
595,595,1,2024-05-28 21:00:00,Inspection completed for run 595
596,596,2,2024-05-29 03:00:00,Inspection completed for run 596
597,597,3,2024-05-29 09:00:00,Inspection completed for run 597
598,598,4,2024-05-29 15:00:00,Inspection completed for run 598
599,599,5,2024-05-29 21:00:00,Inspection completed for run 599
600,600,6,2024-05-30 03:00:00,Inspection completed for run 600
601,601,1,2024-05-30 09:00:00,Inspection completed for run 601
602,602,2,2024-05-30 15:00:00,Inspection completed for run 602
603,603,3,2024-05-30 21:00:00,Inspection completed for run 603
604,604,4,2024-05-31 03:00:00,Inspection completed for run 604
605,605,5,2024-05-31 09:00:00,Inspection completed for run 605
606,606,6,2024-05-31 15:00:00,Inspection completed for run 606
607,607,1,2024-05-31 21:00:00,Inspection completed for run 607
608,608,2,2024-06-01 03:00:00,Inspection completed for run 608
609,609,3,2024-06-01 09:00:00,Inspection completed for run 609
610,610,4,2024-06-01 15:00:00,Inspection completed for run 610
611,611,5,2024-06-01 21:00:00,Inspection completed for run 611
612,612,6,2024-06-02 03:00:00,Inspection completed for run 612
613,613,1,2024-06-02 09:00:00,Inspection completed for run 613
614,614,2,2024-06-02 15:00:00,Inspection completed for run 614
615,615,3,2024-06-02 21:00:00,Inspection completed for run 615
616,616,4,2024-06-03 03:00:00,Inspection completed for run 616
617,617,5,2024-06-03 09:00:00,Inspection completed for run 617
618,618,6,2024-06-03 15:00:00,Inspection completed for run 618
619,619,1,2024-06-03 21:00:00,Inspection completed for run 619
620,620,2,2024-06-04 03:00:00,Inspection completed for run 620
621,621,3,2024-06-04 09:00:00,Inspection completed for run 621
622,622,4,2024-06-04 15:00:00,Inspection completed for run 622
623,623,5,2024-06-04 21:00:00,Inspection completed for run 623
624,624,6,2024-06-05 03:00:00,Inspection completed for run 624
625,625,1,2024-06-05 09:00:00,Inspection completed for run 625
626,626,2,2024-06-05 15:00:00,Inspection completed for run 626
627,627,3,2024-06-05 21:00:00,Inspection completed for run 627
628,628,4,2024-06-06 03:00:00,Inspection completed for run 628
629,629,5,2024-06-06 09:00:00,Inspection completed for run 629
630,630,6,2024-06-06 15:00:00,Inspection completed for run 630
631,631,1,2024-06-06 21:00:00,Inspection completed for run 631
632,632,2,2024-06-07 03:00:00,Inspection completed for run 632
633,633,3,2024-06-07 09:00:00,Inspection completed for run 633
634,634,4,2024-06-07 15:00:00,Inspection completed for run 634
635,635,5,2024-06-07 21:00:00,Inspection completed for run 635
636,636,6,2024-06-08 03:00:00,Inspection completed for run 636
637,637,1,2024-06-08 09:00:00,Inspection completed for run 637
638,638,2,2024-06-08 15:00:00,Inspection completed for run 638
639,639,3,2024-06-08 21:00:00,Inspection completed for run 639
640,640,4,2024-06-09 03:00:00,Inspection completed for run 640
641,641,5,2024-06-09 09:00:00,Inspection completed for run 641
642,642,6,2024-06-09 15:00:00,Inspection completed for run 642
643,643,1,2024-06-09 21:00:00,Inspection completed for run 643
644,644,2,2024-06-10 03:00:00,Inspection completed for run 644
645,645,3,2024-06-10 09:00:00,Inspection completed for run 645
646,646,4,2024-06-10 15:00:00,Inspection completed for run 646
647,647,5,2024-06-10 21:00:00,Inspection completed for run 647
648,648,6,2024-06-11 03:00:00,Inspection completed for run 648
649,649,1,2024-06-11 09:00:00,Inspection completed for run 649
650,650,2,2024-06-11 15:00:00,Inspection completed for run 650
651,651,3,2024-06-11 21:00:00,Inspection completed for run 651
652,652,4,2024-06-12 03:00:00,Inspection completed for run 652
653,653,5,2024-06-12 09:00:00,Inspection completed for run 653
654,654,6,2024-06-12 15:00:00,Inspection completed for run 654
655,655,1,2024-06-12 21:00:00,Inspection completed for run 655
656,656,2,2024-06-13 03:00:00,Inspection completed for run 656
657,657,3,2024-06-13 09:00:00,Inspection completed for run 657
658,658,4,2024-06-13 15:00:00,Inspection completed for run 658
659,659,5,2024-06-13 21:00:00,Inspection completed for run 659
660,660,6,2024-06-14 03:00:00,Inspection completed for run 660
661,661,1,2024-06-14 09:00:00,Inspection completed for run 661
662,662,2,2024-06-14 15:00:00,Inspection completed for run 662
663,663,3,2024-06-14 21:00:00,Inspection completed for run 663
664,664,4,2024-06-15 03:00:00,Inspection completed for run 664
665,665,5,2024-06-15 09:00:00,Inspection completed for run 665
666,666,6,2024-06-15 15:00:00,Inspection completed for run 666
667,667,1,2024-06-15 21:00:00,Inspection completed for run 667
668,668,2,2024-06-16 03:00:00,Inspection completed for run 668
669,669,3,2024-06-16 09:00:00,Inspection completed for run 669
670,670,4,2024-06-16 15:00:00,Inspection completed for run 670
671,671,5,2024-06-16 21:00:00,Inspection completed for run 671
672,672,6,2024-06-17 03:00:00,Inspection completed for run 672
673,673,1,2024-06-17 09:00:00,Inspection completed for run 673
674,674,2,2024-06-17 15:00:00,Inspection completed for run 674
675,675,3,2024-06-17 21:00:00,Inspection completed for run 675
676,676,4,2024-06-18 03:00:00,Inspection completed for run 676
677,677,5,2024-06-18 09:00:00,Inspection completed for run 677
678,678,6,2024-06-18 15:00:00,Inspection completed for run 678
679,679,1,2024-06-18 21:00:00,Inspection completed for run 679
680,680,2,2024-06-19 03:00:00,Inspection completed for run 680
681,681,3,2024-06-19 09:00:00,Inspection completed for run 681
682,682,4,2024-06-19 15:00:00,Inspection completed for run 682
683,683,5,2024-06-19 21:00:00,Inspection completed for run 683
684,684,6,2024-06-20 03:00:00,Inspection completed for run 684
685,685,1,2024-06-20 09:00:00,Inspection completed for run 685
686,686,2,2024-06-20 15:00:00,Inspection completed for run 686
687,687,3,2024-06-20 21:00:00,Inspection completed for run 687
688,688,4,2024-06-21 03:00:00,Inspection completed for run 688
689,689,5,2024-06-21 09:00:00,Inspection completed for run 689
690,690,6,2024-06-21 15:00:00,Inspection completed for run 690
691,691,1,2024-06-21 21:00:00,Inspection completed for run 691
692,692,2,2024-06-22 03:00:00,Inspection completed for run 692
693,693,3,2024-06-22 09:00:00,Inspection completed for run 693
694,694,4,2024-06-22 15:00:00,Inspection completed for run 694
695,695,5,2024-06-22 21:00:00,Inspection completed for run 695
696,696,6,2024-06-23 03:00:00,Inspection completed for run 696
697,697,1,2024-06-23 09:00:00,Inspection completed for run 697
698,698,2,2024-06-23 15:00:00,Inspection completed for run 698
699,699,3,2024-06-23 21:00:00,Inspection completed for run 699
700,700,4,2024-06-24 03:00:00,Inspection completed for run 700
701,701,5,2024-06-24 09:00:00,Inspection completed for run 701
702,702,6,2024-06-24 15:00:00,Inspection completed for run 702
703,703,1,2024-06-24 21:00:00,Inspection completed for run 703
704,704,2,2024-06-25 03:00:00,Inspection completed for run 704
705,705,3,2024-06-25 09:00:00,Inspection completed for run 705
706,706,4,2024-06-25 15:00:00,Inspection completed for run 706
707,707,5,2024-06-25 21:00:00,Inspection completed for run 707
708,708,6,2024-06-26 03:00:00,Inspection completed for run 708
709,709,1,2024-06-26 09:00:00,Inspection completed for run 709
710,710,2,2024-06-26 15:00:00,Inspection completed for run 710
711,711,3,2024-06-26 21:00:00,Inspection completed for run 711
712,712,4,2024-06-27 03:00:00,Inspection completed for run 712
713,713,5,2024-06-27 09:00:00,Inspection completed for run 713
714,714,6,2024-06-27 15:00:00,Inspection completed for run 714
715,715,1,2024-06-27 21:00:00,Inspection completed for run 715
716,716,2,2024-06-28 03:00:00,Inspection completed for run 716
717,717,3,2024-06-28 09:00:00,Inspection completed for run 717
718,718,4,2024-06-28 15:00:00,Inspection completed for run 718
719,719,5,2024-06-28 21:00:00,Inspection completed for run 719
720,720,6,2024-06-29 03:00:00,Inspection completed for run 720
721,721,1,2024-06-29 09:00:00,Inspection completed for run 721
722,722,2,2024-06-29 15:00:00,Inspection completed for run 722
723,723,3,2024-06-29 21:00:00,Inspection completed for run 723
724,724,4,2024-06-30 03:00:00,Inspection completed for run 724
725,725,5,2024-06-30 09:00:00,Inspection completed for run 725
726,726,6,2024-06-30 15:00:00,Inspection completed for run 726
727,727,1,2024-06-30 21:00:00,Inspection completed for run 727
728,728,2,2024-07-01 03:00:00,Inspection completed for run 728
729,729,3,2024-07-01 09:00:00,Inspection completed for run 729
730,730,4,2024-07-01 15:00:00,Inspection completed for run 730
731,731,5,2024-07-01 21:00:00,Inspection completed for run 731
732,732,6,2024-07-02 03:00:00,Inspection completed for run 732
733,733,1,2024-07-02 09:00:00,Inspection completed for run 733
734,734,2,2024-07-02 15:00:00,Inspection completed for run 734
735,735,3,2024-07-02 21:00:00,Inspection completed for run 735
736,736,4,2024-07-03 03:00:00,Inspection completed for run 736
737,737,5,2024-07-03 09:00:00,Inspection completed for run 737
738,738,6,2024-07-03 15:00:00,Inspection completed for run 738
739,739,1,2024-07-03 21:00:00,Inspection completed for run 739
740,740,2,2024-07-04 03:00:00,Inspection completed for run 740
741,741,3,2024-07-04 09:00:00,Inspection completed for run 741
742,742,4,2024-07-04 15:00:00,Inspection completed for run 742
743,743,5,2024-07-04 21:00:00,Inspection completed for run 743
744,744,6,2024-07-05 03:00:00,Inspection completed for run 744
745,745,1,2024-07-05 09:00:00,Inspection completed for run 745
746,746,2,2024-07-05 15:00:00,Inspection completed for run 746
747,747,3,2024-07-05 21:00:00,Inspection completed for run 747
748,748,4,2024-07-06 03:00:00,Inspection completed for run 748
749,749,5,2024-07-06 09:00:00,Inspection completed for run 749
750,750,6,2024-07-06 15:00:00,Inspection completed for run 750
751,751,1,2024-07-06 21:00:00,Inspection completed for run 751
752,752,2,2024-07-07 03:00:00,Inspection completed for run 752
753,753,3,2024-07-07 09:00:00,Inspection completed for run 753
754,754,4,2024-07-07 15:00:00,Inspection completed for run 754
755,755,5,2024-07-07 21:00:00,Inspection completed for run 755
756,756,6,2024-07-08 03:00:00,Inspection completed for run 756
757,757,1,2024-07-08 09:00:00,Inspection completed for run 757
758,758,2,2024-07-08 15:00:00,Inspection completed for run 758
759,759,3,2024-07-08 21:00:00,Inspection completed for run 759
760,760,4,2024-07-09 03:00:00,Inspection completed for run 760
761,761,5,2024-07-09 09:00:00,Inspection completed for run 761
762,762,6,2024-07-09 15:00:00,Inspection completed for run 762
763,763,1,2024-07-09 21:00:00,Inspection completed for run 763
764,764,2,2024-07-10 03:00:00,Inspection completed for run 764
765,765,3,2024-07-10 09:00:00,Inspection completed for run 765
766,766,4,2024-07-10 15:00:00,Inspection completed for run 766
767,767,5,2024-07-10 21:00:00,Inspection completed for run 767
768,768,6,2024-07-11 03:00:00,Inspection completed for run 768
769,769,1,2024-07-11 09:00:00,Inspection completed for run 769
770,770,2,2024-07-11 15:00:00,Inspection completed for run 770
771,771,3,2024-07-11 21:00:00,Inspection completed for run 771
772,772,4,2024-07-12 03:00:00,Inspection completed for run 772
773,773,5,2024-07-12 09:00:00,Inspection completed for run 773
774,774,6,2024-07-12 15:00:00,Inspection completed for run 774
775,775,1,2024-07-12 21:00:00,Inspection completed for run 775
776,776,2,2024-07-13 03:00:00,Inspection completed for run 776
777,777,3,2024-07-13 09:00:00,Inspection completed for run 777
778,778,4,2024-07-13 15:00:00,Inspection completed for run 778
779,779,5,2024-07-13 21:00:00,Inspection completed for run 779
780,780,6,2024-07-14 03:00:00,Inspection completed for run 780
781,781,1,2024-07-14 09:00:00,Inspection completed for run 781
782,782,2,2024-07-14 15:00:00,Inspection completed for run 782
783,783,3,2024-07-14 21:00:00,Inspection completed for run 783
784,784,4,2024-07-15 03:00:00,Inspection completed for run 784
785,785,5,2024-07-15 09:00:00,Inspection completed for run 785
786,786,6,2024-07-15 15:00:00,Inspection completed for run 786
787,787,1,2024-07-15 21:00:00,Inspection completed for run 787
788,788,2,2024-07-16 03:00:00,Inspection completed for run 788
789,789,3,2024-07-16 09:00:00,Inspection completed for run 789
790,790,4,2024-07-16 15:00:00,Inspection completed for run 790
791,791,5,2024-07-16 21:00:00,Inspection completed for run 791
792,792,6,2024-07-17 03:00:00,Inspection completed for run 792
793,793,1,2024-07-17 09:00:00,Inspection completed for run 793
794,794,2,2024-07-17 15:00:00,Inspection completed for run 794
795,795,3,2024-07-17 21:00:00,Inspection completed for run 795
796,796,4,2024-07-18 03:00:00,Inspection completed for run 796
797,797,5,2024-07-18 09:00:00,Inspection completed for run 797
798,798,6,2024-07-18 15:00:00,Inspection completed for run 798
799,799,1,2024-07-18 21:00:00,Inspection completed for run 799
800,800,2,2024-07-19 03:00:00,Inspection completed for run 800
801,801,3,2024-07-19 09:00:00,Inspection completed for run 801
802,802,4,2024-07-19 15:00:00,Inspection completed for run 802
803,803,5,2024-07-19 21:00:00,Inspection completed for run 803
804,804,6,2024-07-20 03:00:00,Inspection completed for run 804
805,805,1,2024-07-20 09:00:00,Inspection completed for run 805
806,806,2,2024-07-20 15:00:00,Inspection completed for run 806
807,807,3,2024-07-20 21:00:00,Inspection completed for run 807
808,808,4,2024-07-21 03:00:00,Inspection completed for run 808
809,809,5,2024-07-21 09:00:00,Inspection completed for run 809
810,810,6,2024-07-21 15:00:00,Inspection completed for run 810
811,811,1,2024-07-21 21:00:00,Inspection completed for run 811
812,812,2,2024-07-22 03:00:00,Inspection completed for run 812
813,813,3,2024-07-22 09:00:00,Inspection completed for run 813
814,814,4,2024-07-22 15:00:00,Inspection completed for run 814
815,815,5,2024-07-22 21:00:00,Inspection completed for run 815
816,816,6,2024-07-23 03:00:00,Inspection completed for run 816
817,817,1,2024-07-23 09:00:00,Inspection completed for run 817
818,818,2,2024-07-23 15:00:00,Inspection completed for run 818
819,819,3,2024-07-23 21:00:00,Inspection completed for run 819
820,820,4,2024-07-24 03:00:00,Inspection completed for run 820
821,821,5,2024-07-24 09:00:00,Inspection completed for run 821
822,822,6,2024-07-24 15:00:00,Inspection completed for run 822
823,823,1,2024-07-24 21:00:00,Inspection completed for run 823
824,824,2,2024-07-25 03:00:00,Inspection completed for run 824
825,825,3,2024-07-25 09:00:00,Inspection completed for run 825
826,826,4,2024-07-25 15:00:00,Inspection completed for run 826
827,827,5,2024-07-25 21:00:00,Inspection completed for run 827
828,828,6,2024-07-26 03:00:00,Inspection completed for run 828
829,829,1,2024-07-26 09:00:00,Inspection completed for run 829
830,830,2,2024-07-26 15:00:00,Inspection completed for run 830
831,831,3,2024-07-26 21:00:00,Inspection completed for run 831
832,832,4,2024-07-27 03:00:00,Inspection completed for run 832
833,833,5,2024-07-27 09:00:00,Inspection completed for run 833
834,834,6,2024-07-27 15:00:00,Inspection completed for run 834
835,835,1,2024-07-27 21:00:00,Inspection completed for run 835
836,836,2,2024-07-28 03:00:00,Inspection completed for run 836
837,837,3,2024-07-28 09:00:00,Inspection completed for run 837
838,838,4,2024-07-28 15:00:00,Inspection completed for run 838
839,839,5,2024-07-28 21:00:00,Inspection completed for run 839
840,840,6,2024-07-29 03:00:00,Inspection completed for run 840
841,841,1,2024-07-29 09:00:00,Inspection completed for run 841
842,842,2,2024-07-29 15:00:00,Inspection completed for run 842
843,843,3,2024-07-29 21:00:00,Inspection completed for run 843
844,844,4,2024-07-30 03:00:00,Inspection completed for run 844
845,845,5,2024-07-30 09:00:00,Inspection completed for run 845
846,846,6,2024-07-30 15:00:00,Inspection completed for run 846
847,847,1,2024-07-30 21:00:00,Inspection completed for run 847
848,848,2,2024-07-31 03:00:00,Inspection completed for run 848
849,849,3,2024-07-31 09:00:00,Inspection completed for run 849
850,850,4,2024-07-31 15:00:00,Inspection completed for run 850
851,851,5,2024-07-31 21:00:00,Inspection completed for run 851
852,852,6,2024-08-01 03:00:00,Inspection completed for run 852
853,853,1,2024-08-01 09:00:00,Inspection completed for run 853
854,854,2,2024-08-01 15:00:00,Inspection completed for run 854
855,855,3,2024-08-01 21:00:00,Inspection completed for run 855
856,856,4,2024-08-02 03:00:00,Inspection completed for run 856
857,857,5,2024-08-02 09:00:00,Inspection completed for run 857
858,858,6,2024-08-02 15:00:00,Inspection completed for run 858
859,859,1,2024-08-02 21:00:00,Inspection completed for run 859
860,860,2,2024-08-03 03:00:00,Inspection completed for run 860
861,861,3,2024-08-03 09:00:00,Inspection completed for run 861
862,862,4,2024-08-03 15:00:00,Inspection completed for run 862
863,863,5,2024-08-03 21:00:00,Inspection completed for run 863
864,864,6,2024-08-04 03:00:00,Inspection completed for run 864
865,865,1,2024-08-04 09:00:00,Inspection completed for run 865
866,866,2,2024-08-04 15:00:00,Inspection completed for run 866
867,867,3,2024-08-04 21:00:00,Inspection completed for run 867
868,868,4,2024-08-05 03:00:00,Inspection completed for run 868
869,869,5,2024-08-05 09:00:00,Inspection completed for run 869
870,870,6,2024-08-05 15:00:00,Inspection completed for run 870
871,871,1,2024-08-05 21:00:00,Inspection completed for run 871
872,872,2,2024-08-06 03:00:00,Inspection completed for run 872
873,873,3,2024-08-06 09:00:00,Inspection completed for run 873
874,874,4,2024-08-06 15:00:00,Inspection completed for run 874
875,875,5,2024-08-06 21:00:00,Inspection completed for run 875
876,876,6,2024-08-07 03:00:00,Inspection completed for run 876
877,877,1,2024-08-07 09:00:00,Inspection completed for run 877
878,878,2,2024-08-07 15:00:00,Inspection completed for run 878
879,879,3,2024-08-07 21:00:00,Inspection completed for run 879
880,880,4,2024-08-08 03:00:00,Inspection completed for run 880
881,881,5,2024-08-08 09:00:00,Inspection completed for run 881
882,882,6,2024-08-08 15:00:00,Inspection completed for run 882
883,883,1,2024-08-08 21:00:00,Inspection completed for run 883
884,884,2,2024-08-09 03:00:00,Inspection completed for run 884
885,885,3,2024-08-09 09:00:00,Inspection completed for run 885
886,886,4,2024-08-09 15:00:00,Inspection completed for run 886
887,887,5,2024-08-09 21:00:00,Inspection completed for run 887
888,888,6,2024-08-10 03:00:00,Inspection completed for run 888
889,889,1,2024-08-10 09:00:00,Inspection completed for run 889
890,890,2,2024-08-10 15:00:00,Inspection completed for run 890
891,891,3,2024-08-10 21:00:00,Inspection completed for run 891
892,892,4,2024-08-11 03:00:00,Inspection completed for run 892
893,893,5,2024-08-11 09:00:00,Inspection completed for run 893
894,894,6,2024-08-11 15:00:00,Inspection completed for run 894
895,895,1,2024-08-11 21:00:00,Inspection completed for run 895
896,896,2,2024-08-12 03:00:00,Inspection completed for run 896
897,897,3,2024-08-12 09:00:00,Inspection completed for run 897
898,898,4,2024-08-12 15:00:00,Inspection completed for run 898
899,899,5,2024-08-12 21:00:00,Inspection completed for run 899
900,900,6,2024-08-13 03:00:00,Inspection completed for run 900
901,901,1,2024-08-13 09:00:00,Inspection completed for run 901
902,902,2,2024-08-13 15:00:00,Inspection completed for run 902
903,903,3,2024-08-13 21:00:00,Inspection completed for run 903
904,904,4,2024-08-14 03:00:00,Inspection completed for run 904
905,905,5,2024-08-14 09:00:00,Inspection completed for run 905
906,906,6,2024-08-14 15:00:00,Inspection completed for run 906
907,907,1,2024-08-14 21:00:00,Inspection completed for run 907
908,908,2,2024-08-15 03:00:00,Inspection completed for run 908
909,909,3,2024-08-15 09:00:00,Inspection completed for run 909
910,910,4,2024-08-15 15:00:00,Inspection completed for run 910
911,911,5,2024-08-15 21:00:00,Inspection completed for run 911
912,912,6,2024-08-16 03:00:00,Inspection completed for run 912
913,913,1,2024-08-16 09:00:00,Inspection completed for run 913
914,914,2,2024-08-16 15:00:00,Inspection completed for run 914
915,915,3,2024-08-16 21:00:00,Inspection completed for run 915
916,916,4,2024-08-17 03:00:00,Inspection completed for run 916
917,917,5,2024-08-17 09:00:00,Inspection completed for run 917
918,918,6,2024-08-17 15:00:00,Inspection completed for run 918
919,919,1,2024-08-17 21:00:00,Inspection completed for run 919
920,920,2,2024-08-18 03:00:00,Inspection completed for run 920
921,921,3,2024-08-18 09:00:00,Inspection completed for run 921
922,922,4,2024-08-18 15:00:00,Inspection completed for run 922
923,923,5,2024-08-18 21:00:00,Inspection completed for run 923
924,924,6,2024-08-19 03:00:00,Inspection completed for run 924
925,925,1,2024-08-19 09:00:00,Inspection completed for run 925
926,926,2,2024-08-19 15:00:00,Inspection completed for run 926
927,927,3,2024-08-19 21:00:00,Inspection completed for run 927
928,928,4,2024-08-20 03:00:00,Inspection completed for run 928
929,929,5,2024-08-20 09:00:00,Inspection completed for run 929
930,930,6,2024-08-20 15:00:00,Inspection completed for run 930
931,931,1,2024-08-20 21:00:00,Inspection completed for run 931
932,932,2,2024-08-21 03:00:00,Inspection completed for run 932
933,933,3,2024-08-21 09:00:00,Inspection completed for run 933
934,934,4,2024-08-21 15:00:00,Inspection completed for run 934
935,935,5,2024-08-21 21:00:00,Inspection completed for run 935
936,936,6,2024-08-22 03:00:00,Inspection completed for run 936
937,937,1,2024-08-22 09:00:00,Inspection completed for run 937
938,938,2,2024-08-22 15:00:00,Inspection completed for run 938
939,939,3,2024-08-22 21:00:00,Inspection completed for run 939
940,940,4,2024-08-23 03:00:00,Inspection completed for run 940
941,941,5,2024-08-23 09:00:00,Inspection completed for run 941
942,942,6,2024-08-23 15:00:00,Inspection completed for run 942
943,943,1,2024-08-23 21:00:00,Inspection completed for run 943
944,944,2,2024-08-24 03:00:00,Inspection completed for run 944
945,945,3,2024-08-24 09:00:00,Inspection completed for run 945
946,946,4,2024-08-24 15:00:00,Inspection completed for run 946
947,947,5,2024-08-24 21:00:00,Inspection completed for run 947
948,948,6,2024-08-25 03:00:00,Inspection completed for run 948
949,949,1,2024-08-25 09:00:00,Inspection completed for run 949
950,950,2,2024-08-25 15:00:00,Inspection completed for run 950
951,951,3,2024-08-25 21:00:00,Inspection completed for run 951
952,952,4,2024-08-26 03:00:00,Inspection completed for run 952
953,953,5,2024-08-26 09:00:00,Inspection completed for run 953
954,954,6,2024-08-26 15:00:00,Inspection completed for run 954
955,955,1,2024-08-26 21:00:00,Inspection completed for run 955
956,956,2,2024-08-27 03:00:00,Inspection completed for run 956
957,957,3,2024-08-27 09:00:00,Inspection completed for run 957
958,958,4,2024-08-27 15:00:00,Inspection completed for run 958
959,959,5,2024-08-27 21:00:00,Inspection completed for run 959
960,960,6,2024-08-28 03:00:00,Inspection completed for run 960
961,961,1,2024-08-28 09:00:00,Inspection completed for run 961
962,962,2,2024-08-28 15:00:00,Inspection completed for run 962
963,963,3,2024-08-28 21:00:00,Inspection completed for run 963
964,964,4,2024-08-29 03:00:00,Inspection completed for run 964
965,965,5,2024-08-29 09:00:00,Inspection completed for run 965
966,966,6,2024-08-29 15:00:00,Inspection completed for run 966
967,967,1,2024-08-29 21:00:00,Inspection completed for run 967
968,968,2,2024-08-30 03:00:00,Inspection completed for run 968
969,969,3,2024-08-30 09:00:00,Inspection completed for run 969
970,970,4,2024-08-30 15:00:00,Inspection completed for run 970
971,971,5,2024-08-30 21:00:00,Inspection completed for run 971
972,972,6,2024-08-31 03:00:00,Inspection completed for run 972
973,973,1,2024-08-31 09:00:00,Inspection completed for run 973
974,974,2,2024-08-31 15:00:00,Inspection completed for run 974
975,975,3,2024-08-31 21:00:00,Inspection completed for run 975
976,976,4,2024-09-01 03:00:00,Inspection completed for run 976
977,977,5,2024-09-01 09:00:00,Inspection completed for run 977
978,978,6,2024-09-01 15:00:00,Inspection completed for run 978
979,979,1,2024-09-01 21:00:00,Inspection completed for run 979
980,980,2,2024-09-02 03:00:00,Inspection completed for run 980
981,981,3,2024-09-02 09:00:00,Inspection completed for run 981
982,982,4,2024-09-02 15:00:00,Inspection completed for run 982
983,983,5,2024-09-02 21:00:00,Inspection completed for run 983
984,984,6,2024-09-03 03:00:00,Inspection completed for run 984
985,985,1,2024-09-03 09:00:00,Inspection completed for run 985
986,986,2,2024-09-03 15:00:00,Inspection completed for run 986
987,987,3,2024-09-03 21:00:00,Inspection completed for run 987
988,988,4,2024-09-04 03:00:00,Inspection completed for run 988
989,989,5,2024-09-04 09:00:00,Inspection completed for run 989
990,990,6,2024-09-04 15:00:00,Inspection completed for run 990
991,991,1,2024-09-04 21:00:00,Inspection completed for run 991
992,992,2,2024-09-05 03:00:00,Inspection completed for run 992
993,993,3,2024-09-05 09:00:00,Inspection completed for run 993
994,994,4,2024-09-05 15:00:00,Inspection completed for run 994
995,995,5,2024-09-05 21:00:00,Inspection completed for run 995
996,996,6,2024-09-06 03:00:00,Inspection completed for run 996
997,997,1,2024-09-06 09:00:00,Inspection completed for run 997
998,998,2,2024-09-06 15:00:00,Inspection completed for run 998
999,999,3,2024-09-06 21:00:00,Inspection completed for run 999
1000,1000,4,2024-09-07 03:00:00,Inspection completed for run 1000
1001,1001,5,2024-09-07 09:00:00,Inspection completed for run 1001
1002,1002,6,2024-09-07 15:00:00,Inspection completed for run 1002
1003,1003,1,2024-09-07 21:00:00,Inspection completed for run 1003
1004,1004,2,2024-09-08 03:00:00,Inspection completed for run 1004
1005,1005,3,2024-09-08 09:00:00,Inspection completed for run 1005
1006,1006,4,2024-09-08 15:00:00,Inspection completed for run 1006
1007,1007,5,2024-09-08 21:00:00,Inspection completed for run 1007
1008,1008,6,2024-09-09 03:00:00,Inspection completed for run 1008
1009,1009,1,2024-09-09 09:00:00,Inspection completed for run 1009
1010,1010,2,2024-09-09 15:00:00,Inspection completed for run 1010
1011,1011,3,2024-09-09 21:00:00,Inspection completed for run 1011
1012,1012,4,2024-09-10 03:00:00,Inspection completed for run 1012
1013,1013,5,2024-09-10 09:00:00,Inspection completed for run 1013
1014,1014,6,2024-09-10 15:00:00,Inspection completed for run 1014
1015,1015,1,2024-09-10 21:00:00,Inspection completed for run 1015
1016,1016,2,2024-09-11 03:00:00,Inspection completed for run 1016
1017,1017,3,2024-09-11 09:00:00,Inspection completed for run 1017
1018,1018,4,2024-09-11 15:00:00,Inspection completed for run 1018
1019,1019,5,2024-09-11 21:00:00,Inspection completed for run 1019
1020,1020,6,2024-09-12 03:00:00,Inspection completed for run 1020
1021,1021,1,2024-09-12 09:00:00,Inspection completed for run 1021
1022,1022,2,2024-09-12 15:00:00,Inspection completed for run 1022
1023,1023,3,2024-09-12 21:00:00,Inspection completed for run 1023
1024,1024,4,2024-09-13 03:00:00,Inspection completed for run 1024
1025,1025,5,2024-09-13 09:00:00,Inspection completed for run 1025
1026,1026,6,2024-09-13 15:00:00,Inspection completed for run 1026
1027,1027,1,2024-09-13 21:00:00,Inspection completed for run 1027
1028,1028,2,2024-09-14 03:00:00,Inspection completed for run 1028
1029,1029,3,2024-09-14 09:00:00,Inspection completed for run 1029
1030,1030,4,2024-09-14 15:00:00,Inspection completed for run 1030
1031,1031,5,2024-09-14 21:00:00,Inspection completed for run 1031
1032,1032,6,2024-09-15 03:00:00,Inspection completed for run 1032
1033,1033,1,2024-09-15 09:00:00,Inspection completed for run 1033
1034,1034,2,2024-09-15 15:00:00,Inspection completed for run 1034
1035,1035,3,2024-09-15 21:00:00,Inspection completed for run 1035
1036,1036,4,2024-09-16 03:00:00,Inspection completed for run 1036
1037,1037,5,2024-09-16 09:00:00,Inspection completed for run 1037
1038,1038,6,2024-09-16 15:00:00,Inspection completed for run 1038
1039,1039,1,2024-09-16 21:00:00,Inspection completed for run 1039
1040,1040,2,2024-09-17 03:00:00,Inspection completed for run 1040
1041,1041,3,2024-09-17 09:00:00,Inspection completed for run 1041
1042,1042,4,2024-09-17 15:00:00,Inspection completed for run 1042
1043,1043,5,2024-09-17 21:00:00,Inspection completed for run 1043
1044,1044,6,2024-09-18 03:00:00,Inspection completed for run 1044
1045,1045,1,2024-09-18 09:00:00,Inspection completed for run 1045
1046,1046,2,2024-09-18 15:00:00,Inspection completed for run 1046
1047,1047,3,2024-09-18 21:00:00,Inspection completed for run 1047
1048,1048,4,2024-09-19 03:00:00,Inspection completed for run 1048
1049,1049,5,2024-09-19 09:00:00,Inspection completed for run 1049
1050,1050,6,2024-09-19 15:00:00,Inspection completed for run 1050
1051,1051,1,2024-09-19 21:00:00,Inspection completed for run 1051
1052,1052,2,2024-09-20 03:00:00,Inspection completed for run 1052
1053,1053,3,2024-09-20 09:00:00,Inspection completed for run 1053
1054,1054,4,2024-09-20 15:00:00,Inspection completed for run 1054
1055,1055,5,2024-09-20 21:00:00,Inspection completed for run 1055
1056,1056,6,2024-09-21 03:00:00,Inspection completed for run 1056
1057,1057,1,2024-09-21 09:00:00,Inspection completed for run 1057
1058,1058,2,2024-09-21 15:00:00,Inspection completed for run 1058
1059,1059,3,2024-09-21 21:00:00,Inspection completed for run 1059
1060,1060,4,2024-09-22 03:00:00,Inspection completed for run 1060
1061,1061,5,2024-09-22 09:00:00,Inspection completed for run 1061
1062,1062,6,2024-09-22 15:00:00,Inspection completed for run 1062
1063,1063,1,2024-09-22 21:00:00,Inspection completed for run 1063
1064,1064,2,2024-09-23 03:00:00,Inspection completed for run 1064
1065,1065,3,2024-09-23 09:00:00,Inspection completed for run 1065
1066,1066,4,2024-09-23 15:00:00,Inspection completed for run 1066
1067,1067,5,2024-09-23 21:00:00,Inspection completed for run 1067
1068,1068,6,2024-09-24 03:00:00,Inspection completed for run 1068
1069,1069,1,2024-09-24 09:00:00,Inspection completed for run 1069
1070,1070,2,2024-09-24 15:00:00,Inspection completed for run 1070
1071,1071,3,2024-09-24 21:00:00,Inspection completed for run 1071
1072,1072,4,2024-09-25 03:00:00,Inspection completed for run 1072
1073,1073,5,2024-09-25 09:00:00,Inspection completed for run 1073
1074,1074,6,2024-09-25 15:00:00,Inspection completed for run 1074
1075,1075,1,2024-09-25 21:00:00,Inspection completed for run 1075
1076,1076,2,2024-09-26 03:00:00,Inspection completed for run 1076
1077,1077,3,2024-09-26 09:00:00,Inspection completed for run 1077
1078,1078,4,2024-09-26 15:00:00,Inspection completed for run 1078
1079,1079,5,2024-09-26 21:00:00,Inspection completed for run 1079
1080,1080,6,2024-09-27 03:00:00,Inspection completed for run 1080
1081,1081,1,2024-09-27 09:00:00,Inspection completed for run 1081
1082,1082,2,2024-09-27 15:00:00,Inspection completed for run 1082
1083,1083,3,2024-09-27 21:00:00,Inspection completed for run 1083
1084,1084,4,2024-09-28 03:00:00,Inspection completed for run 1084
1085,1085,5,2024-09-28 09:00:00,Inspection completed for run 1085
1086,1086,6,2024-09-28 15:00:00,Inspection completed for run 1086
1087,1087,1,2024-09-28 21:00:00,Inspection completed for run 1087
1088,1088,2,2024-09-29 03:00:00,Inspection completed for run 1088
1089,1089,3,2024-09-29 09:00:00,Inspection completed for run 1089
1090,1090,4,2024-09-29 15:00:00,Inspection completed for run 1090
1091,1091,5,2024-09-29 21:00:00,Inspection completed for run 1091
1092,1092,6,2024-09-30 03:00:00,Inspection completed for run 1092
1093,1093,1,2024-09-30 09:00:00,Inspection completed for run 1093
1094,1094,2,2024-09-30 15:00:00,Inspection completed for run 1094
1095,1095,3,2024-09-30 21:00:00,Inspection completed for run 1095
1096,1096,4,2024-10-01 03:00:00,Inspection completed for run 1096
1097,1097,5,2024-10-01 09:00:00,Inspection completed for run 1097
1098,1098,6,2024-10-01 15:00:00,Inspection completed for run 1098
1099,1099,1,2024-10-01 21:00:00,Inspection completed for run 1099
1100,1100,2,2024-10-02 03:00:00,Inspection completed for run 1100
1101,1101,3,2024-10-02 09:00:00,Inspection completed for run 1101
1102,1102,4,2024-10-02 15:00:00,Inspection completed for run 1102
1103,1103,5,2024-10-02 21:00:00,Inspection completed for run 1103
1104,1104,6,2024-10-03 03:00:00,Inspection completed for run 1104
1105,1105,1,2024-10-03 09:00:00,Inspection completed for run 1105
1106,1106,2,2024-10-03 15:00:00,Inspection completed for run 1106
1107,1107,3,2024-10-03 21:00:00,Inspection completed for run 1107
1108,1108,4,2024-10-04 03:00:00,Inspection completed for run 1108
1109,1109,5,2024-10-04 09:00:00,Inspection completed for run 1109
1110,1110,6,2024-10-04 15:00:00,Inspection completed for run 1110
1111,1111,1,2024-10-04 21:00:00,Inspection completed for run 1111
1112,1112,2,2024-10-05 03:00:00,Inspection completed for run 1112
1113,1113,3,2024-10-05 09:00:00,Inspection completed for run 1113
1114,1114,4,2024-10-05 15:00:00,Inspection completed for run 1114
1115,1115,5,2024-10-05 21:00:00,Inspection completed for run 1115
1116,1116,6,2024-10-06 03:00:00,Inspection completed for run 1116
1117,1117,1,2024-10-06 09:00:00,Inspection completed for run 1117
1118,1118,2,2024-10-06 15:00:00,Inspection completed for run 1118
1119,1119,3,2024-10-06 21:00:00,Inspection completed for run 1119
1120,1120,4,2024-10-07 03:00:00,Inspection completed for run 1120
1121,1121,5,2024-10-07 09:00:00,Inspection completed for run 1121
1122,1122,6,2024-10-07 15:00:00,Inspection completed for run 1122
1123,1123,1,2024-10-07 21:00:00,Inspection completed for run 1123
1124,1124,2,2024-10-08 03:00:00,Inspection completed for run 1124
1125,1125,3,2024-10-08 09:00:00,Inspection completed for run 1125
1126,1126,4,2024-10-08 15:00:00,Inspection completed for run 1126
1127,1127,5,2024-10-08 21:00:00,Inspection completed for run 1127
1128,1128,6,2024-10-09 03:00:00,Inspection completed for run 1128
1129,1129,1,2024-10-09 09:00:00,Inspection completed for run 1129
1130,1130,2,2024-10-09 15:00:00,Inspection completed for run 1130
1131,1131,3,2024-10-09 21:00:00,Inspection completed for run 1131
1132,1132,4,2024-10-10 03:00:00,Inspection completed for run 1132
1133,1133,5,2024-10-10 09:00:00,Inspection completed for run 1133
1134,1134,6,2024-10-10 15:00:00,Inspection completed for run 1134
1135,1135,1,2024-10-10 21:00:00,Inspection completed for run 1135
1136,1136,2,2024-10-11 03:00:00,Inspection completed for run 1136
1137,1137,3,2024-10-11 09:00:00,Inspection completed for run 1137
1138,1138,4,2024-10-11 15:00:00,Inspection completed for run 1138
1139,1139,5,2024-10-11 21:00:00,Inspection completed for run 1139
1140,1140,6,2024-10-12 03:00:00,Inspection completed for run 1140
1141,1141,1,2024-10-12 09:00:00,Inspection completed for run 1141
1142,1142,2,2024-10-12 15:00:00,Inspection completed for run 1142
1143,1143,3,2024-10-12 21:00:00,Inspection completed for run 1143
1144,1144,4,2024-10-13 03:00:00,Inspection completed for run 1144
1145,1145,5,2024-10-13 09:00:00,Inspection completed for run 1145
1146,1146,6,2024-10-13 15:00:00,Inspection completed for run 1146
1147,1147,1,2024-10-13 21:00:00,Inspection completed for run 1147
1148,1148,2,2024-10-14 03:00:00,Inspection completed for run 1148
1149,1149,3,2024-10-14 09:00:00,Inspection completed for run 1149
1150,1150,4,2024-10-14 15:00:00,Inspection completed for run 1150
1151,1151,5,2024-10-14 21:00:00,Inspection completed for run 1151
1152,1152,6,2024-10-15 03:00:00,Inspection completed for run 1152
1153,1153,1,2024-10-15 09:00:00,Inspection completed for run 1153
1154,1154,2,2024-10-15 15:00:00,Inspection completed for run 1154
1155,1155,3,2024-10-15 21:00:00,Inspection completed for run 1155
1156,1156,4,2024-10-16 03:00:00,Inspection completed for run 1156
1157,1157,5,2024-10-16 09:00:00,Inspection completed for run 1157
1158,1158,6,2024-10-16 15:00:00,Inspection completed for run 1158
1159,1159,1,2024-10-16 21:00:00,Inspection completed for run 1159
1160,1160,2,2024-10-17 03:00:00,Inspection completed for run 1160
1161,1161,3,2024-10-17 09:00:00,Inspection completed for run 1161
1162,1162,4,2024-10-17 15:00:00,Inspection completed for run 1162
1163,1163,5,2024-10-17 21:00:00,Inspection completed for run 1163
1164,1164,6,2024-10-18 03:00:00,Inspection completed for run 1164
1165,1165,1,2024-10-18 09:00:00,Inspection completed for run 1165
1166,1166,2,2024-10-18 15:00:00,Inspection completed for run 1166
1167,1167,3,2024-10-18 21:00:00,Inspection completed for run 1167
1168,1168,4,2024-10-19 03:00:00,Inspection completed for run 1168
1169,1169,5,2024-10-19 09:00:00,Inspection completed for run 1169
1170,1170,6,2024-10-19 15:00:00,Inspection completed for run 1170
1171,1171,1,2024-10-19 21:00:00,Inspection completed for run 1171
1172,1172,2,2024-10-20 03:00:00,Inspection completed for run 1172
1173,1173,3,2024-10-20 09:00:00,Inspection completed for run 1173
1174,1174,4,2024-10-20 15:00:00,Inspection completed for run 1174
1175,1175,5,2024-10-20 21:00:00,Inspection completed for run 1175
1176,1176,6,2024-10-21 03:00:00,Inspection completed for run 1176
1177,1177,1,2024-10-21 09:00:00,Inspection completed for run 1177
1178,1178,2,2024-10-21 15:00:00,Inspection completed for run 1178
1179,1179,3,2024-10-21 21:00:00,Inspection completed for run 1179
1180,1180,4,2024-10-22 03:00:00,Inspection completed for run 1180
1181,1181,5,2024-10-22 09:00:00,Inspection completed for run 1181
1182,1182,6,2024-10-22 15:00:00,Inspection completed for run 1182
1183,1183,1,2024-10-22 21:00:00,Inspection completed for run 1183
1184,1184,2,2024-10-23 03:00:00,Inspection completed for run 1184
1185,1185,3,2024-10-23 09:00:00,Inspection completed for run 1185
1186,1186,4,2024-10-23 15:00:00,Inspection completed for run 1186
1187,1187,5,2024-10-23 21:00:00,Inspection completed for run 1187
1188,1188,6,2024-10-24 03:00:00,Inspection completed for run 1188
1189,1189,1,2024-10-24 09:00:00,Inspection completed for run 1189
1190,1190,2,2024-10-24 15:00:00,Inspection completed for run 1190
1191,1191,3,2024-10-24 21:00:00,Inspection completed for run 1191
1192,1192,4,2024-10-25 03:00:00,Inspection completed for run 1192
1193,1193,5,2024-10-25 09:00:00,Inspection completed for run 1193
1194,1194,6,2024-10-25 15:00:00,Inspection completed for run 1194
1195,1195,1,2024-10-25 21:00:00,Inspection completed for run 1195
1196,1196,2,2024-10-26 03:00:00,Inspection completed for run 1196
1197,1197,3,2024-10-26 09:00:00,Inspection completed for run 1197
1198,1198,4,2024-10-26 15:00:00,Inspection completed for run 1198
1199,1199,5,2024-10-26 21:00:00,Inspection completed for run 1199
1200,1200,6,2024-10-27 03:00:00,Inspection completed for run 1200
1201,1201,1,2024-10-27 09:00:00,Inspection completed for run 1201
1202,1202,2,2024-10-27 15:00:00,Inspection completed for run 1202
1203,1203,3,2024-10-27 21:00:00,Inspection completed for run 1203
1204,1204,4,2024-10-28 03:00:00,Inspection completed for run 1204
1205,1205,5,2024-10-28 09:00:00,Inspection completed for run 1205
1206,1206,6,2024-10-28 15:00:00,Inspection completed for run 1206
1207,1207,1,2024-10-28 21:00:00,Inspection completed for run 1207
1208,1208,2,2024-10-29 03:00:00,Inspection completed for run 1208
1209,1209,3,2024-10-29 09:00:00,Inspection completed for run 1209
1210,1210,4,2024-10-29 15:00:00,Inspection completed for run 1210
1211,1211,5,2024-10-29 21:00:00,Inspection completed for run 1211
1212,1212,6,2024-10-30 03:00:00,Inspection completed for run 1212
1213,1213,1,2024-10-30 09:00:00,Inspection completed for run 1213
1214,1214,2,2024-10-30 15:00:00,Inspection completed for run 1214
1215,1215,3,2024-10-30 21:00:00,Inspection completed for run 1215
1216,1216,4,2024-10-31 03:00:00,Inspection completed for run 1216
1217,1217,5,2024-10-31 09:00:00,Inspection completed for run 1217
1218,1218,6,2024-10-31 15:00:00,Inspection completed for run 1218
1219,1219,1,2024-10-31 21:00:00,Inspection completed for run 1219
1220,1220,2,2024-11-01 03:00:00,Inspection completed for run 1220
1221,1221,3,2024-11-01 09:00:00,Inspection completed for run 1221
1222,1222,4,2024-11-01 15:00:00,Inspection completed for run 1222
1223,1223,5,2024-11-01 21:00:00,Inspection completed for run 1223
1224,1224,6,2024-11-02 03:00:00,Inspection completed for run 1224
1225,1225,1,2024-11-02 09:00:00,Inspection completed for run 1225
1226,1226,2,2024-11-02 15:00:00,Inspection completed for run 1226
1227,1227,3,2024-11-02 21:00:00,Inspection completed for run 1227
1228,1228,4,2024-11-03 03:00:00,Inspection completed for run 1228
1229,1229,5,2024-11-03 09:00:00,Inspection completed for run 1229
1230,1230,6,2024-11-03 15:00:00,Inspection completed for run 1230
1231,1231,1,2024-11-03 21:00:00,Inspection completed for run 1231
1232,1232,2,2024-11-04 03:00:00,Inspection completed for run 1232
1233,1233,3,2024-11-04 09:00:00,Inspection completed for run 1233
1234,1234,4,2024-11-04 15:00:00,Inspection completed for run 1234
1235,1235,5,2024-11-04 21:00:00,Inspection completed for run 1235
1236,1236,6,2024-11-05 03:00:00,Inspection completed for run 1236
1237,1237,1,2024-11-05 09:00:00,Inspection completed for run 1237
1238,1238,2,2024-11-05 15:00:00,Inspection completed for run 1238
1239,1239,3,2024-11-05 21:00:00,Inspection completed for run 1239
1240,1240,4,2024-11-06 03:00:00,Inspection completed for run 1240
1241,1241,5,2024-11-06 09:00:00,Inspection completed for run 1241
1242,1242,6,2024-11-06 15:00:00,Inspection completed for run 1242
1243,1243,1,2024-11-06 21:00:00,Inspection completed for run 1243
1244,1244,2,2024-11-07 03:00:00,Inspection completed for run 1244
1245,1245,3,2024-11-07 09:00:00,Inspection completed for run 1245
1246,1246,4,2024-11-07 15:00:00,Inspection completed for run 1246
1247,1247,5,2024-11-07 21:00:00,Inspection completed for run 1247
1248,1248,6,2024-11-08 03:00:00,Inspection completed for run 1248
1249,1249,1,2024-11-08 09:00:00,Inspection completed for run 1249
1250,1250,2,2024-11-08 15:00:00,Inspection completed for run 1250
1251,1251,3,2024-11-08 21:00:00,Inspection completed for run 1251
1252,1252,4,2024-11-09 03:00:00,Inspection completed for run 1252
1253,1253,5,2024-11-09 09:00:00,Inspection completed for run 1253
1254,1254,6,2024-11-09 15:00:00,Inspection completed for run 1254
1255,1255,1,2024-11-09 21:00:00,Inspection completed for run 1255
1256,1256,2,2024-11-10 03:00:00,Inspection completed for run 1256
1257,1257,3,2024-11-10 09:00:00,Inspection completed for run 1257
1258,1258,4,2024-11-10 15:00:00,Inspection completed for run 1258
1259,1259,5,2024-11-10 21:00:00,Inspection completed for run 1259
1260,1260,6,2024-11-11 03:00:00,Inspection completed for run 1260
1261,1261,1,2024-11-11 09:00:00,Inspection completed for run 1261
1262,1262,2,2024-11-11 15:00:00,Inspection completed for run 1262
1263,1263,3,2024-11-11 21:00:00,Inspection completed for run 1263
1264,1264,4,2024-11-12 03:00:00,Inspection completed for run 1264
1265,1265,5,2024-11-12 09:00:00,Inspection completed for run 1265
1266,1266,6,2024-11-12 15:00:00,Inspection completed for run 1266
1267,1267,1,2024-11-12 21:00:00,Inspection completed for run 1267
1268,1268,2,2024-11-13 03:00:00,Inspection completed for run 1268
1269,1269,3,2024-11-13 09:00:00,Inspection completed for run 1269
1270,1270,4,2024-11-13 15:00:00,Inspection completed for run 1270
1271,1271,5,2024-11-13 21:00:00,Inspection completed for run 1271
1272,1272,6,2024-11-14 03:00:00,Inspection completed for run 1272
1273,1273,1,2024-11-14 09:00:00,Inspection completed for run 1273
1274,1274,2,2024-11-14 15:00:00,Inspection completed for run 1274
1275,1275,3,2024-11-14 21:00:00,Inspection completed for run 1275
1276,1276,4,2024-11-15 03:00:00,Inspection completed for run 1276
1277,1277,5,2024-11-15 09:00:00,Inspection completed for run 1277
1278,1278,6,2024-11-15 15:00:00,Inspection completed for run 1278
1279,1279,1,2024-11-15 21:00:00,Inspection completed for run 1279
1280,1280,2,2024-11-16 03:00:00,Inspection completed for run 1280
1281,1281,3,2024-11-16 09:00:00,Inspection completed for run 1281
1282,1282,4,2024-11-16 15:00:00,Inspection completed for run 1282
1283,1283,5,2024-11-16 21:00:00,Inspection completed for run 1283
1284,1284,6,2024-11-17 03:00:00,Inspection completed for run 1284
1285,1285,1,2024-11-17 09:00:00,Inspection completed for run 1285
1286,1286,2,2024-11-17 15:00:00,Inspection completed for run 1286
1287,1287,3,2024-11-17 21:00:00,Inspection completed for run 1287
1288,1288,4,2024-11-18 03:00:00,Inspection completed for run 1288
1289,1289,5,2024-11-18 09:00:00,Inspection completed for run 1289
1290,1290,6,2024-11-18 15:00:00,Inspection completed for run 1290
1291,1291,1,2024-11-18 21:00:00,Inspection completed for run 1291
1292,1292,2,2024-11-19 03:00:00,Inspection completed for run 1292
1293,1293,3,2024-11-19 09:00:00,Inspection completed for run 1293
1294,1294,4,2024-11-19 15:00:00,Inspection completed for run 1294
1295,1295,5,2024-11-19 21:00:00,Inspection completed for run 1295
1296,1296,6,2024-11-20 03:00:00,Inspection completed for run 1296
1297,1297,1,2024-11-20 09:00:00,Inspection completed for run 1297
1298,1298,2,2024-11-20 15:00:00,Inspection completed for run 1298
1299,1299,3,2024-11-20 21:00:00,Inspection completed for run 1299
1300,1300,4,2024-11-21 03:00:00,Inspection completed for run 1300
1301,1301,5,2024-11-21 09:00:00,Inspection completed for run 1301
1302,1302,6,2024-11-21 15:00:00,Inspection completed for run 1302
1303,1303,1,2024-11-21 21:00:00,Inspection completed for run 1303
1304,1304,2,2024-11-22 03:00:00,Inspection completed for run 1304
1305,1305,3,2024-11-22 09:00:00,Inspection completed for run 1305
1306,1306,4,2024-11-22 15:00:00,Inspection completed for run 1306
1307,1307,5,2024-11-22 21:00:00,Inspection completed for run 1307
1308,1308,6,2024-11-23 03:00:00,Inspection completed for run 1308
1309,1309,1,2024-11-23 09:00:00,Inspection completed for run 1309
1310,1310,2,2024-11-23 15:00:00,Inspection completed for run 1310
1311,1311,3,2024-11-23 21:00:00,Inspection completed for run 1311
1312,1312,4,2024-11-24 03:00:00,Inspection completed for run 1312
1313,1313,5,2024-11-24 09:00:00,Inspection completed for run 1313
1314,1314,6,2024-11-24 15:00:00,Inspection completed for run 1314
1315,1315,1,2024-11-24 21:00:00,Inspection completed for run 1315
1316,1316,2,2024-11-25 03:00:00,Inspection completed for run 1316
1317,1317,3,2024-11-25 09:00:00,Inspection completed for run 1317
1318,1318,4,2024-11-25 15:00:00,Inspection completed for run 1318
1319,1319,5,2024-11-25 21:00:00,Inspection completed for run 1319
1320,1320,6,2024-11-26 03:00:00,Inspection completed for run 1320
1321,1321,1,2024-11-26 09:00:00,Inspection completed for run 1321
1322,1322,2,2024-11-26 15:00:00,Inspection completed for run 1322
1323,1323,3,2024-11-26 21:00:00,Inspection completed for run 1323
1324,1324,4,2024-11-27 03:00:00,Inspection completed for run 1324
1325,1325,5,2024-11-27 09:00:00,Inspection completed for run 1325
1326,1326,6,2024-11-27 15:00:00,Inspection completed for run 1326
1327,1327,1,2024-11-27 21:00:00,Inspection completed for run 1327
1328,1328,2,2024-11-28 03:00:00,Inspection completed for run 1328
1329,1329,3,2024-11-28 09:00:00,Inspection completed for run 1329
1330,1330,4,2024-11-28 15:00:00,Inspection completed for run 1330
1331,1331,5,2024-11-28 21:00:00,Inspection completed for run 1331
1332,1332,6,2024-11-29 03:00:00,Inspection completed for run 1332
1333,1333,1,2024-11-29 09:00:00,Inspection completed for run 1333
1334,1334,2,2024-11-29 15:00:00,Inspection completed for run 1334
1335,1335,3,2024-11-29 21:00:00,Inspection completed for run 1335
1336,1336,4,2024-11-30 03:00:00,Inspection completed for run 1336
1337,1337,5,2024-11-30 09:00:00,Inspection completed for run 1337
1338,1338,6,2024-11-30 15:00:00,Inspection completed for run 1338
1339,1339,1,2024-11-30 21:00:00,Inspection completed for run 1339
1340,1340,2,2024-12-01 03:00:00,Inspection completed for run 1340
1341,1341,3,2024-12-01 09:00:00,Inspection completed for run 1341
1342,1342,4,2024-12-01 15:00:00,Inspection completed for run 1342
1343,1343,5,2024-12-01 21:00:00,Inspection completed for run 1343
1344,1344,6,2024-12-02 03:00:00,Inspection completed for run 1344
1345,1345,1,2024-12-02 09:00:00,Inspection completed for run 1345
1346,1346,2,2024-12-02 15:00:00,Inspection completed for run 1346
1347,1347,3,2024-12-02 21:00:00,Inspection completed for run 1347
1348,1348,4,2024-12-03 03:00:00,Inspection completed for run 1348
1349,1349,5,2024-12-03 09:00:00,Inspection completed for run 1349
1350,1350,6,2024-12-03 15:00:00,Inspection completed for run 1350
1351,1351,1,2024-12-03 21:00:00,Inspection completed for run 1351
1352,1352,2,2024-12-04 03:00:00,Inspection completed for run 1352
1353,1353,3,2024-12-04 09:00:00,Inspection completed for run 1353
1354,1354,4,2024-12-04 15:00:00,Inspection completed for run 1354
1355,1355,5,2024-12-04 21:00:00,Inspection completed for run 1355
1356,1356,6,2024-12-05 03:00:00,Inspection completed for run 1356
1357,1357,1,2024-12-05 09:00:00,Inspection completed for run 1357
1358,1358,2,2024-12-05 15:00:00,Inspection completed for run 1358
1359,1359,3,2024-12-05 21:00:00,Inspection completed for run 1359
1360,1360,4,2024-12-06 03:00:00,Inspection completed for run 1360
1361,1361,5,2024-12-06 09:00:00,Inspection completed for run 1361
1362,1362,6,2024-12-06 15:00:00,Inspection completed for run 1362
1363,1363,1,2024-12-06 21:00:00,Inspection completed for run 1363
1364,1364,2,2024-12-07 03:00:00,Inspection completed for run 1364
1365,1365,3,2024-12-07 09:00:00,Inspection completed for run 1365
1366,1366,4,2024-12-07 15:00:00,Inspection completed for run 1366
1367,1367,5,2024-12-07 21:00:00,Inspection completed for run 1367
1368,1368,6,2024-12-08 03:00:00,Inspection completed for run 1368
1369,1369,1,2024-12-08 09:00:00,Inspection completed for run 1369
1370,1370,2,2024-12-08 15:00:00,Inspection completed for run 1370
1371,1371,3,2024-12-08 21:00:00,Inspection completed for run 1371
1372,1372,4,2024-12-09 03:00:00,Inspection completed for run 1372
1373,1373,5,2024-12-09 09:00:00,Inspection completed for run 1373
1374,1374,6,2024-12-09 15:00:00,Inspection completed for run 1374
1375,1375,1,2024-12-09 21:00:00,Inspection completed for run 1375
1376,1376,2,2024-12-10 03:00:00,Inspection completed for run 1376
1377,1377,3,2024-12-10 09:00:00,Inspection completed for run 1377
1378,1378,4,2024-12-10 15:00:00,Inspection completed for run 1378
1379,1379,5,2024-12-10 21:00:00,Inspection completed for run 1379
1380,1380,6,2024-12-11 03:00:00,Inspection completed for run 1380
1381,1381,1,2024-12-11 09:00:00,Inspection completed for run 1381
1382,1382,2,2024-12-11 15:00:00,Inspection completed for run 1382
1383,1383,3,2024-12-11 21:00:00,Inspection completed for run 1383
1384,1384,4,2024-12-12 03:00:00,Inspection completed for run 1384
1385,1385,5,2024-12-12 09:00:00,Inspection completed for run 1385
1386,1386,6,2024-12-12 15:00:00,Inspection completed for run 1386
1387,1387,1,2024-12-12 21:00:00,Inspection completed for run 1387
1388,1388,2,2024-12-13 03:00:00,Inspection completed for run 1388
1389,1389,3,2024-12-13 09:00:00,Inspection completed for run 1389
1390,1390,4,2024-12-13 15:00:00,Inspection completed for run 1390
1391,1391,5,2024-12-13 21:00:00,Inspection completed for run 1391
1392,1392,6,2024-12-14 03:00:00,Inspection completed for run 1392
1393,1393,1,2024-12-14 09:00:00,Inspection completed for run 1393
1394,1394,2,2024-12-14 15:00:00,Inspection completed for run 1394
1395,1395,3,2024-12-14 21:00:00,Inspection completed for run 1395
1396,1396,4,2024-12-15 03:00:00,Inspection completed for run 1396
1397,1397,5,2024-12-15 09:00:00,Inspection completed for run 1397
1398,1398,6,2024-12-15 15:00:00,Inspection completed for run 1398
1399,1399,1,2024-12-15 21:00:00,Inspection completed for run 1399
1400,1400,2,2024-12-16 03:00:00,Inspection completed for run 1400
1401,1401,3,2024-12-16 09:00:00,Inspection completed for run 1401
1402,1402,4,2024-12-16 15:00:00,Inspection completed for run 1402
1403,1403,5,2024-12-16 21:00:00,Inspection completed for run 1403
1404,1404,6,2024-12-17 03:00:00,Inspection completed for run 1404
1405,1405,1,2024-12-17 09:00:00,Inspection completed for run 1405
1406,1406,2,2024-12-17 15:00:00,Inspection completed for run 1406
1407,1407,3,2024-12-17 21:00:00,Inspection completed for run 1407
1408,1408,4,2024-12-18 03:00:00,Inspection completed for run 1408
1409,1409,5,2024-12-18 09:00:00,Inspection completed for run 1409
1410,1410,6,2024-12-18 15:00:00,Inspection completed for run 1410
1411,1411,1,2024-12-18 21:00:00,Inspection completed for run 1411
1412,1412,2,2024-12-19 03:00:00,Inspection completed for run 1412
1413,1413,3,2024-12-19 09:00:00,Inspection completed for run 1413
1414,1414,4,2024-12-19 15:00:00,Inspection completed for run 1414
1415,1415,5,2024-12-19 21:00:00,Inspection completed for run 1415
1416,1416,6,2024-12-20 03:00:00,Inspection completed for run 1416
1417,1417,1,2024-12-20 09:00:00,Inspection completed for run 1417
1418,1418,2,2024-12-20 15:00:00,Inspection completed for run 1418
1419,1419,3,2024-12-20 21:00:00,Inspection completed for run 1419
1420,1420,4,2024-12-21 03:00:00,Inspection completed for run 1420
1421,1421,5,2024-12-21 09:00:00,Inspection completed for run 1421
1422,1422,6,2024-12-21 15:00:00,Inspection completed for run 1422
1423,1423,1,2024-12-21 21:00:00,Inspection completed for run 1423
1424,1424,2,2024-12-22 03:00:00,Inspection completed for run 1424
1425,1425,3,2024-12-22 09:00:00,Inspection completed for run 1425
1426,1426,4,2024-12-22 15:00:00,Inspection completed for run 1426
1427,1427,5,2024-12-22 21:00:00,Inspection completed for run 1427
1428,1428,6,2024-12-23 03:00:00,Inspection completed for run 1428
1429,1429,1,2024-12-23 09:00:00,Inspection completed for run 1429
1430,1430,2,2024-12-23 15:00:00,Inspection completed for run 1430
1431,1431,3,2024-12-23 21:00:00,Inspection completed for run 1431
1432,1432,4,2024-12-24 03:00:00,Inspection completed for run 1432
1433,1433,5,2024-12-24 09:00:00,Inspection completed for run 1433
1434,1434,6,2024-12-24 15:00:00,Inspection completed for run 1434
1435,1435,1,2024-12-24 21:00:00,Inspection completed for run 1435
1436,1436,2,2024-12-25 03:00:00,Inspection completed for run 1436
1437,1437,3,2024-12-25 09:00:00,Inspection completed for run 1437
1438,1438,4,2024-12-25 15:00:00,Inspection completed for run 1438
1439,1439,5,2024-12-25 21:00:00,Inspection completed for run 1439
1440,1440,6,2024-12-26 03:00:00,Inspection completed for run 1440
1441,1441,1,2024-12-26 09:00:00,Inspection completed for run 1441
1442,1442,2,2024-12-26 15:00:00,Inspection completed for run 1442
1443,1443,3,2024-12-26 21:00:00,Inspection completed for run 1443
1444,1444,4,2024-12-27 03:00:00,Inspection completed for run 1444
1445,1445,5,2024-12-27 09:00:00,Inspection completed for run 1445
1446,1446,6,2024-12-27 15:00:00,Inspection completed for run 1446
1447,1447,1,2024-12-27 21:00:00,Inspection completed for run 1447
1448,1448,2,2024-12-28 03:00:00,Inspection completed for run 1448
1449,1449,3,2024-12-28 09:00:00,Inspection completed for run 1449
1450,1450,4,2024-12-28 15:00:00,Inspection completed for run 1450
1451,1451,5,2024-12-28 21:00:00,Inspection completed for run 1451
1452,1452,6,2024-12-29 03:00:00,Inspection completed for run 1452
1453,1453,1,2024-12-29 09:00:00,Inspection completed for run 1453
1454,1454,2,2024-12-29 15:00:00,Inspection completed for run 1454
1455,1455,3,2024-12-29 21:00:00,Inspection completed for run 1455
1456,1456,4,2024-12-30 03:00:00,Inspection completed for run 1456
1457,1457,5,2024-12-30 09:00:00,Inspection completed for run 1457
1458,1458,6,2024-12-30 15:00:00,Inspection completed for run 1458
1459,1459,1,2024-12-30 21:00:00,Inspection completed for run 1459
1460,1460,2,2024-12-31 03:00:00,Inspection completed for run 1460
1461,1461,3,2024-12-31 09:00:00,Inspection completed for run 1461
1462,1462,4,2024-12-31 15:00:00,Inspection completed for run 1462
1463,1463,5,2024-12-31 21:00:00,Inspection completed for run 1463
1464,1464,6,2025-01-01 03:00:00,Inspection completed for run 1464
1465,1465,1,2025-01-01 09:00:00,Inspection completed for run 1465
1466,1466,2,2025-01-01 15:00:00,Inspection completed for run 1466
1467,1467,3,2025-01-01 21:00:00,Inspection completed for run 1467
1468,1468,4,2025-01-02 03:00:00,Inspection completed for run 1468
1469,1469,5,2025-01-02 09:00:00,Inspection completed for run 1469
1470,1470,6,2025-01-02 15:00:00,Inspection completed for run 1470
1471,1471,1,2025-01-02 21:00:00,Inspection completed for run 1471
1472,1472,2,2025-01-03 03:00:00,Inspection completed for run 1472
1473,1473,3,2025-01-03 09:00:00,Inspection completed for run 1473
1474,1474,4,2025-01-03 15:00:00,Inspection completed for run 1474
1475,1475,5,2025-01-03 21:00:00,Inspection completed for run 1475
1476,1476,6,2025-01-04 03:00:00,Inspection completed for run 1476
1477,1477,1,2025-01-04 09:00:00,Inspection completed for run 1477
1478,1478,2,2025-01-04 15:00:00,Inspection completed for run 1478
1479,1479,3,2025-01-04 21:00:00,Inspection completed for run 1479
1480,1480,4,2025-01-05 03:00:00,Inspection completed for run 1480
1481,1481,5,2025-01-05 09:00:00,Inspection completed for run 1481
1482,1482,6,2025-01-05 15:00:00,Inspection completed for run 1482
1483,1483,1,2025-01-05 21:00:00,Inspection completed for run 1483
1484,1484,2,2025-01-06 03:00:00,Inspection completed for run 1484
1485,1485,3,2025-01-06 09:00:00,Inspection completed for run 1485
1486,1486,4,2025-01-06 15:00:00,Inspection completed for run 1486
1487,1487,5,2025-01-06 21:00:00,Inspection completed for run 1487
1488,1488,6,2025-01-07 03:00:00,Inspection completed for run 1488
1489,1489,1,2025-01-07 09:00:00,Inspection completed for run 1489
1490,1490,2,2025-01-07 15:00:00,Inspection completed for run 1490
1491,1491,3,2025-01-07 21:00:00,Inspection completed for run 1491
1492,1492,4,2025-01-08 03:00:00,Inspection completed for run 1492
1493,1493,5,2025-01-08 09:00:00,Inspection completed for run 1493
1494,1494,6,2025-01-08 15:00:00,Inspection completed for run 1494
1495,1495,1,2025-01-08 21:00:00,Inspection completed for run 1495
1496,1496,2,2025-01-09 03:00:00,Inspection completed for run 1496
1497,1497,3,2025-01-09 09:00:00,Inspection completed for run 1497
1498,1498,4,2025-01-09 15:00:00,Inspection completed for run 1498
1499,1499,5,2025-01-09 21:00:00,Inspection completed for run 1499
1500,1500,6,2025-01-10 03:00:00,Inspection completed for run 1500
1501,1501,1,2025-01-10 09:00:00,Inspection completed for run 1501
1502,1502,2,2025-01-10 15:00:00,Inspection completed for run 1502
1503,1503,3,2025-01-10 21:00:00,Inspection completed for run 1503
1504,1504,4,2025-01-11 03:00:00,Inspection completed for run 1504
1505,1505,5,2025-01-11 09:00:00,Inspection completed for run 1505
1506,1506,6,2025-01-11 15:00:00,Inspection completed for run 1506
1507,1507,1,2025-01-11 21:00:00,Inspection completed for run 1507
1508,1508,2,2025-01-12 03:00:00,Inspection completed for run 1508
1509,1509,3,2025-01-12 09:00:00,Inspection completed for run 1509
1510,1510,4,2025-01-12 15:00:00,Inspection completed for run 1510
1511,1511,5,2025-01-12 21:00:00,Inspection completed for run 1511
1512,1512,6,2025-01-13 03:00:00,Inspection completed for run 1512
1513,1513,1,2025-01-13 09:00:00,Inspection completed for run 1513
1514,1514,2,2025-01-13 15:00:00,Inspection completed for run 1514
1515,1515,3,2025-01-13 21:00:00,Inspection completed for run 1515
1516,1516,4,2025-01-14 03:00:00,Inspection completed for run 1516
1517,1517,5,2025-01-14 09:00:00,Inspection completed for run 1517
1518,1518,6,2025-01-14 15:00:00,Inspection completed for run 1518
1519,1519,1,2025-01-14 21:00:00,Inspection completed for run 1519
1520,1520,2,2025-01-15 03:00:00,Inspection completed for run 1520
1521,1521,3,2025-01-15 09:00:00,Inspection completed for run 1521
1522,1522,4,2025-01-15 15:00:00,Inspection completed for run 1522
1523,1523,5,2025-01-15 21:00:00,Inspection completed for run 1523
1524,1524,6,2025-01-16 03:00:00,Inspection completed for run 1524
1525,1525,1,2025-01-16 09:00:00,Inspection completed for run 1525
1526,1526,2,2025-01-16 15:00:00,Inspection completed for run 1526
1527,1527,3,2025-01-16 21:00:00,Inspection completed for run 1527
1528,1528,4,2025-01-17 03:00:00,Inspection completed for run 1528
1529,1529,5,2025-01-17 09:00:00,Inspection completed for run 1529
1530,1530,6,2025-01-17 15:00:00,Inspection completed for run 1530
1531,1531,1,2025-01-17 21:00:00,Inspection completed for run 1531
1532,1532,2,2025-01-18 03:00:00,Inspection completed for run 1532
1533,1533,3,2025-01-18 09:00:00,Inspection completed for run 1533
1534,1534,4,2025-01-18 15:00:00,Inspection completed for run 1534
1535,1535,5,2025-01-18 21:00:00,Inspection completed for run 1535
1536,1536,6,2025-01-19 03:00:00,Inspection completed for run 1536
1537,1537,1,2025-01-19 09:00:00,Inspection completed for run 1537
1538,1538,2,2025-01-19 15:00:00,Inspection completed for run 1538
1539,1539,3,2025-01-19 21:00:00,Inspection completed for run 1539
1540,1540,4,2025-01-20 03:00:00,Inspection completed for run 1540
1541,1541,5,2025-01-20 09:00:00,Inspection completed for run 1541
1542,1542,6,2025-01-20 15:00:00,Inspection completed for run 1542
1543,1543,1,2025-01-20 21:00:00,Inspection completed for run 1543
1544,1544,2,2025-01-21 03:00:00,Inspection completed for run 1544
1545,1545,3,2025-01-21 09:00:00,Inspection completed for run 1545
1546,1546,4,2025-01-21 15:00:00,Inspection completed for run 1546
1547,1547,5,2025-01-21 21:00:00,Inspection completed for run 1547
1548,1548,6,2025-01-22 03:00:00,Inspection completed for run 1548
1549,1549,1,2025-01-22 09:00:00,Inspection completed for run 1549
1550,1550,2,2025-01-22 15:00:00,Inspection completed for run 1550
1551,1551,3,2025-01-22 21:00:00,Inspection completed for run 1551
1552,1552,4,2025-01-23 03:00:00,Inspection completed for run 1552
1553,1553,5,2025-01-23 09:00:00,Inspection completed for run 1553
1554,1554,6,2025-01-23 15:00:00,Inspection completed for run 1554
1555,1555,1,2025-01-23 21:00:00,Inspection completed for run 1555
1556,1556,2,2025-01-24 03:00:00,Inspection completed for run 1556
1557,1557,3,2025-01-24 09:00:00,Inspection completed for run 1557
1558,1558,4,2025-01-24 15:00:00,Inspection completed for run 1558
1559,1559,5,2025-01-24 21:00:00,Inspection completed for run 1559
1560,1560,6,2025-01-25 03:00:00,Inspection completed for run 1560
1561,1561,1,2025-01-25 09:00:00,Inspection completed for run 1561
1562,1562,2,2025-01-25 15:00:00,Inspection completed for run 1562
1563,1563,3,2025-01-25 21:00:00,Inspection completed for run 1563
1564,1564,4,2025-01-26 03:00:00,Inspection completed for run 1564
1565,1565,5,2025-01-26 09:00:00,Inspection completed for run 1565
1566,1566,6,2025-01-26 15:00:00,Inspection completed for run 1566
1567,1567,1,2025-01-26 21:00:00,Inspection completed for run 1567
1568,1568,2,2025-01-27 03:00:00,Inspection completed for run 1568
1569,1569,3,2025-01-27 09:00:00,Inspection completed for run 1569
1570,1570,4,2025-01-27 15:00:00,Inspection completed for run 1570
1571,1571,5,2025-01-27 21:00:00,Inspection completed for run 1571
1572,1572,6,2025-01-28 03:00:00,Inspection completed for run 1572
1573,1573,1,2025-01-28 09:00:00,Inspection completed for run 1573
1574,1574,2,2025-01-28 15:00:00,Inspection completed for run 1574
1575,1575,3,2025-01-28 21:00:00,Inspection completed for run 1575
1576,1576,4,2025-01-29 03:00:00,Inspection completed for run 1576
1577,1577,5,2025-01-29 09:00:00,Inspection completed for run 1577
1578,1578,6,2025-01-29 15:00:00,Inspection completed for run 1578
1579,1579,1,2025-01-29 21:00:00,Inspection completed for run 1579
1580,1580,2,2025-01-30 03:00:00,Inspection completed for run 1580
1581,1581,3,2025-01-30 09:00:00,Inspection completed for run 1581
1582,1582,4,2025-01-30 15:00:00,Inspection completed for run 1582
1583,1583,5,2025-01-30 21:00:00,Inspection completed for run 1583
1584,1584,6,2025-01-31 03:00:00,Inspection completed for run 1584
1585,1585,1,2025-01-31 09:00:00,Inspection completed for run 1585
1586,1586,2,2025-01-31 15:00:00,Inspection completed for run 1586
1587,1587,3,2025-01-31 21:00:00,Inspection completed for run 1587
1588,1588,4,2025-02-01 03:00:00,Inspection completed for run 1588
1589,1589,5,2025-02-01 09:00:00,Inspection completed for run 1589
1590,1590,6,2025-02-01 15:00:00,Inspection completed for run 1590
1591,1591,1,2025-02-01 21:00:00,Inspection completed for run 1591
1592,1592,2,2025-02-02 03:00:00,Inspection completed for run 1592
1593,1593,3,2025-02-02 09:00:00,Inspection completed for run 1593
1594,1594,4,2025-02-02 15:00:00,Inspection completed for run 1594
1595,1595,5,2025-02-02 21:00:00,Inspection completed for run 1595
1596,1596,6,2025-02-03 03:00:00,Inspection completed for run 1596
1597,1597,1,2025-02-03 09:00:00,Inspection completed for run 1597
1598,1598,2,2025-02-03 15:00:00,Inspection completed for run 1598
1599,1599,3,2025-02-03 21:00:00,Inspection completed for run 1599
1600,1600,4,2025-02-04 03:00:00,Inspection completed for run 1600
1601,1601,5,2025-02-04 09:00:00,Inspection completed for run 1601
1602,1602,6,2025-02-04 15:00:00,Inspection completed for run 1602
1603,1603,1,2025-02-04 21:00:00,Inspection completed for run 1603
1604,1604,2,2025-02-05 03:00:00,Inspection completed for run 1604
1605,1605,3,2025-02-05 09:00:00,Inspection completed for run 1605
1606,1606,4,2025-02-05 15:00:00,Inspection completed for run 1606
1607,1607,5,2025-02-05 21:00:00,Inspection completed for run 1607
1608,1608,6,2025-02-06 03:00:00,Inspection completed for run 1608
1609,1609,1,2025-02-06 09:00:00,Inspection completed for run 1609
1610,1610,2,2025-02-06 15:00:00,Inspection completed for run 1610
1611,1611,3,2025-02-06 21:00:00,Inspection completed for run 1611
1612,1612,4,2025-02-07 03:00:00,Inspection completed for run 1612
1613,1613,5,2025-02-07 09:00:00,Inspection completed for run 1613
1614,1614,6,2025-02-07 15:00:00,Inspection completed for run 1614
1615,1615,1,2025-02-07 21:00:00,Inspection completed for run 1615
1616,1616,2,2025-02-08 03:00:00,Inspection completed for run 1616
1617,1617,3,2025-02-08 09:00:00,Inspection completed for run 1617
1618,1618,4,2025-02-08 15:00:00,Inspection completed for run 1618
1619,1619,5,2025-02-08 21:00:00,Inspection completed for run 1619
1620,1620,6,2025-02-09 03:00:00,Inspection completed for run 1620
1621,1621,1,2025-02-09 09:00:00,Inspection completed for run 1621
1622,1622,2,2025-02-09 15:00:00,Inspection completed for run 1622
1623,1623,3,2025-02-09 21:00:00,Inspection completed for run 1623
1624,1624,4,2025-02-10 03:00:00,Inspection completed for run 1624
1625,1625,5,2025-02-10 09:00:00,Inspection completed for run 1625
1626,1626,6,2025-02-10 15:00:00,Inspection completed for run 1626
1627,1627,1,2025-02-10 21:00:00,Inspection completed for run 1627
1628,1628,2,2025-02-11 03:00:00,Inspection completed for run 1628
1629,1629,3,2025-02-11 09:00:00,Inspection completed for run 1629
1630,1630,4,2025-02-11 15:00:00,Inspection completed for run 1630
1631,1631,5,2025-02-11 21:00:00,Inspection completed for run 1631
1632,1632,6,2025-02-12 03:00:00,Inspection completed for run 1632
1633,1633,1,2025-02-12 09:00:00,Inspection completed for run 1633
1634,1634,2,2025-02-12 15:00:00,Inspection completed for run 1634
1635,1635,3,2025-02-12 21:00:00,Inspection completed for run 1635
1636,1636,4,2025-02-13 03:00:00,Inspection completed for run 1636
1637,1637,5,2025-02-13 09:00:00,Inspection completed for run 1637
1638,1638,6,2025-02-13 15:00:00,Inspection completed for run 1638
1639,1639,1,2025-02-13 21:00:00,Inspection completed for run 1639
1640,1640,2,2025-02-14 03:00:00,Inspection completed for run 1640
1641,1641,3,2025-02-14 09:00:00,Inspection completed for run 1641
1642,1642,4,2025-02-14 15:00:00,Inspection completed for run 1642
1643,1643,5,2025-02-14 21:00:00,Inspection completed for run 1643
1644,1644,6,2025-02-15 03:00:00,Inspection completed for run 1644
1645,1645,1,2025-02-15 09:00:00,Inspection completed for run 1645
1646,1646,2,2025-02-15 15:00:00,Inspection completed for run 1646
1647,1647,3,2025-02-15 21:00:00,Inspection completed for run 1647
1648,1648,4,2025-02-16 03:00:00,Inspection completed for run 1648
1649,1649,5,2025-02-16 09:00:00,Inspection completed for run 1649
1650,1650,6,2025-02-16 15:00:00,Inspection completed for run 1650
1651,1651,1,2025-02-16 21:00:00,Inspection completed for run 1651
1652,1652,2,2025-02-17 03:00:00,Inspection completed for run 1652
1653,1653,3,2025-02-17 09:00:00,Inspection completed for run 1653
1654,1654,4,2025-02-17 15:00:00,Inspection completed for run 1654
1655,1655,5,2025-02-17 21:00:00,Inspection completed for run 1655
1656,1656,6,2025-02-18 03:00:00,Inspection completed for run 1656
1657,1657,1,2025-02-18 09:00:00,Inspection completed for run 1657
1658,1658,2,2025-02-18 15:00:00,Inspection completed for run 1658
1659,1659,3,2025-02-18 21:00:00,Inspection completed for run 1659
1660,1660,4,2025-02-19 03:00:00,Inspection completed for run 1660
1661,1661,5,2025-02-19 09:00:00,Inspection completed for run 1661
1662,1662,6,2025-02-19 15:00:00,Inspection completed for run 1662
1663,1663,1,2025-02-19 21:00:00,Inspection completed for run 1663
1664,1664,2,2025-02-20 03:00:00,Inspection completed for run 1664
1665,1665,3,2025-02-20 09:00:00,Inspection completed for run 1665
1666,1666,4,2025-02-20 15:00:00,Inspection completed for run 1666
1667,1667,5,2025-02-20 21:00:00,Inspection completed for run 1667
1668,1668,6,2025-02-21 03:00:00,Inspection completed for run 1668
1669,1669,1,2025-02-21 09:00:00,Inspection completed for run 1669
1670,1670,2,2025-02-21 15:00:00,Inspection completed for run 1670
1671,1671,3,2025-02-21 21:00:00,Inspection completed for run 1671
1672,1672,4,2025-02-22 03:00:00,Inspection completed for run 1672
1673,1673,5,2025-02-22 09:00:00,Inspection completed for run 1673
1674,1674,6,2025-02-22 15:00:00,Inspection completed for run 1674
1675,1675,1,2025-02-22 21:00:00,Inspection completed for run 1675
1676,1676,2,2025-02-23 03:00:00,Inspection completed for run 1676
1677,1677,3,2025-02-23 09:00:00,Inspection completed for run 1677
1678,1678,4,2025-02-23 15:00:00,Inspection completed for run 1678
1679,1679,5,2025-02-23 21:00:00,Inspection completed for run 1679
1680,1680,6,2025-02-24 03:00:00,Inspection completed for run 1680
1681,1681,1,2025-02-24 09:00:00,Inspection completed for run 1681
1682,1682,2,2025-02-24 15:00:00,Inspection completed for run 1682
1683,1683,3,2025-02-24 21:00:00,Inspection completed for run 1683
1684,1684,4,2025-02-25 03:00:00,Inspection completed for run 1684
1685,1685,5,2025-02-25 09:00:00,Inspection completed for run 1685
1686,1686,6,2025-02-25 15:00:00,Inspection completed for run 1686
1687,1687,1,2025-02-25 21:00:00,Inspection completed for run 1687
1688,1688,2,2025-02-26 03:00:00,Inspection completed for run 1688
1689,1689,3,2025-02-26 09:00:00,Inspection completed for run 1689
1690,1690,4,2025-02-26 15:00:00,Inspection completed for run 1690
1691,1691,5,2025-02-26 21:00:00,Inspection completed for run 1691
1692,1692,6,2025-02-27 03:00:00,Inspection completed for run 1692
1693,1693,1,2025-02-27 09:00:00,Inspection completed for run 1693
1694,1694,2,2025-02-27 15:00:00,Inspection completed for run 1694
1695,1695,3,2025-02-27 21:00:00,Inspection completed for run 1695
1696,1696,4,2025-02-28 03:00:00,Inspection completed for run 1696
1697,1697,5,2025-02-28 09:00:00,Inspection completed for run 1697
1698,1698,6,2025-02-28 15:00:00,Inspection completed for run 1698
1699,1699,1,2025-02-28 21:00:00,Inspection completed for run 1699
1700,1700,2,2025-03-01 03:00:00,Inspection completed for run 1700
1701,1701,3,2025-03-01 09:00:00,Inspection completed for run 1701
1702,1702,4,2025-03-01 15:00:00,Inspection completed for run 1702
1703,1703,5,2025-03-01 21:00:00,Inspection completed for run 1703
1704,1704,6,2025-03-02 03:00:00,Inspection completed for run 1704
1705,1705,1,2025-03-02 09:00:00,Inspection completed for run 1705
1706,1706,2,2025-03-02 15:00:00,Inspection completed for run 1706
1707,1707,3,2025-03-02 21:00:00,Inspection completed for run 1707
1708,1708,4,2025-03-03 03:00:00,Inspection completed for run 1708
1709,1709,5,2025-03-03 09:00:00,Inspection completed for run 1709
1710,1710,6,2025-03-03 15:00:00,Inspection completed for run 1710
1711,1711,1,2025-03-03 21:00:00,Inspection completed for run 1711
1712,1712,2,2025-03-04 03:00:00,Inspection completed for run 1712
1713,1713,3,2025-03-04 09:00:00,Inspection completed for run 1713
1714,1714,4,2025-03-04 15:00:00,Inspection completed for run 1714
1715,1715,5,2025-03-04 21:00:00,Inspection completed for run 1715
1716,1716,6,2025-03-05 03:00:00,Inspection completed for run 1716
1717,1717,1,2025-03-05 09:00:00,Inspection completed for run 1717
1718,1718,2,2025-03-05 15:00:00,Inspection completed for run 1718
1719,1719,3,2025-03-05 21:00:00,Inspection completed for run 1719
1720,1720,4,2025-03-06 03:00:00,Inspection completed for run 1720
1721,1721,5,2025-03-06 09:00:00,Inspection completed for run 1721
1722,1722,6,2025-03-06 15:00:00,Inspection completed for run 1722
1723,1723,1,2025-03-06 21:00:00,Inspection completed for run 1723
1724,1724,2,2025-03-07 03:00:00,Inspection completed for run 1724
1725,1725,3,2025-03-07 09:00:00,Inspection completed for run 1725
1726,1726,4,2025-03-07 15:00:00,Inspection completed for run 1726
1727,1727,5,2025-03-07 21:00:00,Inspection completed for run 1727
1728,1728,6,2025-03-08 03:00:00,Inspection completed for run 1728
1729,1729,1,2025-03-08 09:00:00,Inspection completed for run 1729
1730,1730,2,2025-03-08 15:00:00,Inspection completed for run 1730
1731,1731,3,2025-03-08 21:00:00,Inspection completed for run 1731
1732,1732,4,2025-03-09 03:00:00,Inspection completed for run 1732
1733,1733,5,2025-03-09 09:00:00,Inspection completed for run 1733
1734,1734,6,2025-03-09 15:00:00,Inspection completed for run 1734
1735,1735,1,2025-03-09 21:00:00,Inspection completed for run 1735
1736,1736,2,2025-03-10 03:00:00,Inspection completed for run 1736
1737,1737,3,2025-03-10 09:00:00,Inspection completed for run 1737
1738,1738,4,2025-03-10 15:00:00,Inspection completed for run 1738
1739,1739,5,2025-03-10 21:00:00,Inspection completed for run 1739
1740,1740,6,2025-03-11 03:00:00,Inspection completed for run 1740
1741,1741,1,2025-03-11 09:00:00,Inspection completed for run 1741
1742,1742,2,2025-03-11 15:00:00,Inspection completed for run 1742
1743,1743,3,2025-03-11 21:00:00,Inspection completed for run 1743
1744,1744,4,2025-03-12 03:00:00,Inspection completed for run 1744
1745,1745,5,2025-03-12 09:00:00,Inspection completed for run 1745
1746,1746,6,2025-03-12 15:00:00,Inspection completed for run 1746
1747,1747,1,2025-03-12 21:00:00,Inspection completed for run 1747
1748,1748,2,2025-03-13 03:00:00,Inspection completed for run 1748
1749,1749,3,2025-03-13 09:00:00,Inspection completed for run 1749
1750,1750,4,2025-03-13 15:00:00,Inspection completed for run 1750
1751,1751,5,2025-03-13 21:00:00,Inspection completed for run 1751
1752,1752,6,2025-03-14 03:00:00,Inspection completed for run 1752
1753,1753,1,2025-03-14 09:00:00,Inspection completed for run 1753
1754,1754,2,2025-03-14 15:00:00,Inspection completed for run 1754
1755,1755,3,2025-03-14 21:00:00,Inspection completed for run 1755
1756,1756,4,2025-03-15 03:00:00,Inspection completed for run 1756
1757,1757,5,2025-03-15 09:00:00,Inspection completed for run 1757
1758,1758,6,2025-03-15 15:00:00,Inspection completed for run 1758
1759,1759,1,2025-03-15 21:00:00,Inspection completed for run 1759
1760,1760,2,2025-03-16 03:00:00,Inspection completed for run 1760
1761,1761,3,2025-03-16 09:00:00,Inspection completed for run 1761
1762,1762,4,2025-03-16 15:00:00,Inspection completed for run 1762
1763,1763,5,2025-03-16 21:00:00,Inspection completed for run 1763
1764,1764,6,2025-03-17 03:00:00,Inspection completed for run 1764
1765,1765,1,2025-03-17 09:00:00,Inspection completed for run 1765
1766,1766,2,2025-03-17 15:00:00,Inspection completed for run 1766
1767,1767,3,2025-03-17 21:00:00,Inspection completed for run 1767
1768,1768,4,2025-03-18 03:00:00,Inspection completed for run 1768
1769,1769,5,2025-03-18 09:00:00,Inspection completed for run 1769
1770,1770,6,2025-03-18 15:00:00,Inspection completed for run 1770
1771,1771,1,2025-03-18 21:00:00,Inspection completed for run 1771
1772,1772,2,2025-03-19 03:00:00,Inspection completed for run 1772
1773,1773,3,2025-03-19 09:00:00,Inspection completed for run 1773
1774,1774,4,2025-03-19 15:00:00,Inspection completed for run 1774
1775,1775,5,2025-03-19 21:00:00,Inspection completed for run 1775
1776,1776,6,2025-03-20 03:00:00,Inspection completed for run 1776
1777,1777,1,2025-03-20 09:00:00,Inspection completed for run 1777
1778,1778,2,2025-03-20 15:00:00,Inspection completed for run 1778
1779,1779,3,2025-03-20 21:00:00,Inspection completed for run 1779
1780,1780,4,2025-03-21 03:00:00,Inspection completed for run 1780
1781,1781,5,2025-03-21 09:00:00,Inspection completed for run 1781
1782,1782,6,2025-03-21 15:00:00,Inspection completed for run 1782
1783,1783,1,2025-03-21 21:00:00,Inspection completed for run 1783
1784,1784,2,2025-03-22 03:00:00,Inspection completed for run 1784
1785,1785,3,2025-03-22 09:00:00,Inspection completed for run 1785
1786,1786,4,2025-03-22 15:00:00,Inspection completed for run 1786
1787,1787,5,2025-03-22 21:00:00,Inspection completed for run 1787
1788,1788,6,2025-03-23 03:00:00,Inspection completed for run 1788
1789,1789,1,2025-03-23 09:00:00,Inspection completed for run 1789
1790,1790,2,2025-03-23 15:00:00,Inspection completed for run 1790
1791,1791,3,2025-03-23 21:00:00,Inspection completed for run 1791
1792,1792,4,2025-03-24 03:00:00,Inspection completed for run 1792
1793,1793,5,2025-03-24 09:00:00,Inspection completed for run 1793
1794,1794,6,2025-03-24 15:00:00,Inspection completed for run 1794
1795,1795,1,2025-03-24 21:00:00,Inspection completed for run 1795
1796,1796,2,2025-03-25 03:00:00,Inspection completed for run 1796
1797,1797,3,2025-03-25 09:00:00,Inspection completed for run 1797
1798,1798,4,2025-03-25 15:00:00,Inspection completed for run 1798
1799,1799,5,2025-03-25 21:00:00,Inspection completed for run 1799
1800,1800,6,2025-03-26 03:00:00,Inspection completed for run 1800
1801,1801,1,2025-03-26 09:00:00,Inspection completed for run 1801
1802,1802,2,2025-03-26 15:00:00,Inspection completed for run 1802
1803,1803,3,2025-03-26 21:00:00,Inspection completed for run 1803
1804,1804,4,2025-03-27 03:00:00,Inspection completed for run 1804
1805,1805,5,2025-03-27 09:00:00,Inspection completed for run 1805
1806,1806,6,2025-03-27 15:00:00,Inspection completed for run 1806
1807,1807,1,2025-03-27 21:00:00,Inspection completed for run 1807
1808,1808,2,2025-03-28 03:00:00,Inspection completed for run 1808
1809,1809,3,2025-03-28 09:00:00,Inspection completed for run 1809
1810,1810,4,2025-03-28 15:00:00,Inspection completed for run 1810
1811,1811,5,2025-03-28 21:00:00,Inspection completed for run 1811
1812,1812,6,2025-03-29 03:00:00,Inspection completed for run 1812
1813,1813,1,2025-03-29 09:00:00,Inspection completed for run 1813
1814,1814,2,2025-03-29 15:00:00,Inspection completed for run 1814
1815,1815,3,2025-03-29 21:00:00,Inspection completed for run 1815
1816,1816,4,2025-03-30 03:00:00,Inspection completed for run 1816
1817,1817,5,2025-03-30 09:00:00,Inspection completed for run 1817
1818,1818,6,2025-03-30 15:00:00,Inspection completed for run 1818
1819,1819,1,2025-03-30 21:00:00,Inspection completed for run 1819
1820,1820,2,2025-03-31 03:00:00,Inspection completed for run 1820
1821,1821,3,2025-03-31 09:00:00,Inspection completed for run 1821
1822,1822,4,2025-03-31 15:00:00,Inspection completed for run 1822
1823,1823,5,2025-03-31 21:00:00,Inspection completed for run 1823
1824,1824,6,2025-04-01 03:00:00,Inspection completed for run 1824
1825,1825,1,2025-04-01 09:00:00,Inspection completed for run 1825
1826,1826,2,2025-04-01 15:00:00,Inspection completed for run 1826
1827,1827,3,2025-04-01 21:00:00,Inspection completed for run 1827
1828,1828,4,2025-04-02 03:00:00,Inspection completed for run 1828
1829,1829,5,2025-04-02 09:00:00,Inspection completed for run 1829
1830,1830,6,2025-04-02 15:00:00,Inspection completed for run 1830
1831,1831,1,2025-04-02 21:00:00,Inspection completed for run 1831
1832,1832,2,2025-04-03 03:00:00,Inspection completed for run 1832
1833,1833,3,2025-04-03 09:00:00,Inspection completed for run 1833
1834,1834,4,2025-04-03 15:00:00,Inspection completed for run 1834
1835,1835,5,2025-04-03 21:00:00,Inspection completed for run 1835
1836,1836,6,2025-04-04 03:00:00,Inspection completed for run 1836
1837,1837,1,2025-04-04 09:00:00,Inspection completed for run 1837
1838,1838,2,2025-04-04 15:00:00,Inspection completed for run 1838
1839,1839,3,2025-04-04 21:00:00,Inspection completed for run 1839
1840,1840,4,2025-04-05 03:00:00,Inspection completed for run 1840
1841,1841,5,2025-04-05 09:00:00,Inspection completed for run 1841
1842,1842,6,2025-04-05 15:00:00,Inspection completed for run 1842
1843,1843,1,2025-04-05 21:00:00,Inspection completed for run 1843
1844,1844,2,2025-04-06 03:00:00,Inspection completed for run 1844
1845,1845,3,2025-04-06 09:00:00,Inspection completed for run 1845
1846,1846,4,2025-04-06 15:00:00,Inspection completed for run 1846
1847,1847,5,2025-04-06 21:00:00,Inspection completed for run 1847
1848,1848,6,2025-04-07 03:00:00,Inspection completed for run 1848
1849,1849,1,2025-04-07 09:00:00,Inspection completed for run 1849
1850,1850,2,2025-04-07 15:00:00,Inspection completed for run 1850
1851,1851,3,2025-04-07 21:00:00,Inspection completed for run 1851
1852,1852,4,2025-04-08 03:00:00,Inspection completed for run 1852
1853,1853,5,2025-04-08 09:00:00,Inspection completed for run 1853
1854,1854,6,2025-04-08 15:00:00,Inspection completed for run 1854
1855,1855,1,2025-04-08 21:00:00,Inspection completed for run 1855
1856,1856,2,2025-04-09 03:00:00,Inspection completed for run 1856
1857,1857,3,2025-04-09 09:00:00,Inspection completed for run 1857
1858,1858,4,2025-04-09 15:00:00,Inspection completed for run 1858
1859,1859,5,2025-04-09 21:00:00,Inspection completed for run 1859
1860,1860,6,2025-04-10 03:00:00,Inspection completed for run 1860
1861,1861,1,2025-04-10 09:00:00,Inspection completed for run 1861
1862,1862,2,2025-04-10 15:00:00,Inspection completed for run 1862
1863,1863,3,2025-04-10 21:00:00,Inspection completed for run 1863
1864,1864,4,2025-04-11 03:00:00,Inspection completed for run 1864
1865,1865,5,2025-04-11 09:00:00,Inspection completed for run 1865
1866,1866,6,2025-04-11 15:00:00,Inspection completed for run 1866
1867,1867,1,2025-04-11 21:00:00,Inspection completed for run 1867
1868,1868,2,2025-04-12 03:00:00,Inspection completed for run 1868
1869,1869,3,2025-04-12 09:00:00,Inspection completed for run 1869
1870,1870,4,2025-04-12 15:00:00,Inspection completed for run 1870
1871,1871,5,2025-04-12 21:00:00,Inspection completed for run 1871
1872,1872,6,2025-04-13 03:00:00,Inspection completed for run 1872
1873,1873,1,2025-04-13 09:00:00,Inspection completed for run 1873
1874,1874,2,2025-04-13 15:00:00,Inspection completed for run 1874
1875,1875,3,2025-04-13 21:00:00,Inspection completed for run 1875
1876,1876,4,2025-04-14 03:00:00,Inspection completed for run 1876
1877,1877,5,2025-04-14 09:00:00,Inspection completed for run 1877
1878,1878,6,2025-04-14 15:00:00,Inspection completed for run 1878
1879,1879,1,2025-04-14 21:00:00,Inspection completed for run 1879
1880,1880,2,2025-04-15 03:00:00,Inspection completed for run 1880
1881,1881,3,2025-04-15 09:00:00,Inspection completed for run 1881
1882,1882,4,2025-04-15 15:00:00,Inspection completed for run 1882
1883,1883,5,2025-04-15 21:00:00,Inspection completed for run 1883
1884,1884,6,2025-04-16 03:00:00,Inspection completed for run 1884
1885,1885,1,2025-04-16 09:00:00,Inspection completed for run 1885
1886,1886,2,2025-04-16 15:00:00,Inspection completed for run 1886
1887,1887,3,2025-04-16 21:00:00,Inspection completed for run 1887
1888,1888,4,2025-04-17 03:00:00,Inspection completed for run 1888
1889,1889,5,2025-04-17 09:00:00,Inspection completed for run 1889
1890,1890,6,2025-04-17 15:00:00,Inspection completed for run 1890
1891,1891,1,2025-04-17 21:00:00,Inspection completed for run 1891
1892,1892,2,2025-04-18 03:00:00,Inspection completed for run 1892
1893,1893,3,2025-04-18 09:00:00,Inspection completed for run 1893
1894,1894,4,2025-04-18 15:00:00,Inspection completed for run 1894
1895,1895,5,2025-04-18 21:00:00,Inspection completed for run 1895
1896,1896,6,2025-04-19 03:00:00,Inspection completed for run 1896
1897,1897,1,2025-04-19 09:00:00,Inspection completed for run 1897
1898,1898,2,2025-04-19 15:00:00,Inspection completed for run 1898
1899,1899,3,2025-04-19 21:00:00,Inspection completed for run 1899
1900,1900,4,2025-04-20 03:00:00,Inspection completed for run 1900
1901,1901,5,2025-04-20 09:00:00,Inspection completed for run 1901
1902,1902,6,2025-04-20 15:00:00,Inspection completed for run 1902
1903,1903,1,2025-04-20 21:00:00,Inspection completed for run 1903
1904,1904,2,2025-04-21 03:00:00,Inspection completed for run 1904
1905,1905,3,2025-04-21 09:00:00,Inspection completed for run 1905
1906,1906,4,2025-04-21 15:00:00,Inspection completed for run 1906
1907,1907,5,2025-04-21 21:00:00,Inspection completed for run 1907
1908,1908,6,2025-04-22 03:00:00,Inspection completed for run 1908
1909,1909,1,2025-04-22 09:00:00,Inspection completed for run 1909
1910,1910,2,2025-04-22 15:00:00,Inspection completed for run 1910
1911,1911,3,2025-04-22 21:00:00,Inspection completed for run 1911
1912,1912,4,2025-04-23 03:00:00,Inspection completed for run 1912
1913,1913,5,2025-04-23 09:00:00,Inspection completed for run 1913
1914,1914,6,2025-04-23 15:00:00,Inspection completed for run 1914
1915,1915,1,2025-04-23 21:00:00,Inspection completed for run 1915
1916,1916,2,2025-04-24 03:00:00,Inspection completed for run 1916
1917,1917,3,2025-04-24 09:00:00,Inspection completed for run 1917
1918,1918,4,2025-04-24 15:00:00,Inspection completed for run 1918
1919,1919,5,2025-04-24 21:00:00,Inspection completed for run 1919
1920,1920,6,2025-04-25 03:00:00,Inspection completed for run 1920
1921,1921,1,2025-04-25 09:00:00,Inspection completed for run 1921
1922,1922,2,2025-04-25 15:00:00,Inspection completed for run 1922
1923,1923,3,2025-04-25 21:00:00,Inspection completed for run 1923
1924,1924,4,2025-04-26 03:00:00,Inspection completed for run 1924
1925,1925,5,2025-04-26 09:00:00,Inspection completed for run 1925
1926,1926,6,2025-04-26 15:00:00,Inspection completed for run 1926
1927,1927,1,2025-04-26 21:00:00,Inspection completed for run 1927
1928,1928,2,2025-04-27 03:00:00,Inspection completed for run 1928
1929,1929,3,2025-04-27 09:00:00,Inspection completed for run 1929
1930,1930,4,2025-04-27 15:00:00,Inspection completed for run 1930
1931,1931,5,2025-04-27 21:00:00,Inspection completed for run 1931
1932,1932,6,2025-04-28 03:00:00,Inspection completed for run 1932
1933,1933,1,2025-04-28 09:00:00,Inspection completed for run 1933
1934,1934,2,2025-04-28 15:00:00,Inspection completed for run 1934
1935,1935,3,2025-04-28 21:00:00,Inspection completed for run 1935
1936,1936,4,2025-04-29 03:00:00,Inspection completed for run 1936
1937,1937,5,2025-04-29 09:00:00,Inspection completed for run 1937
1938,1938,6,2025-04-29 15:00:00,Inspection completed for run 1938
1939,1939,1,2025-04-29 21:00:00,Inspection completed for run 1939
1940,1940,2,2025-04-30 03:00:00,Inspection completed for run 1940
1941,1941,3,2025-04-30 09:00:00,Inspection completed for run 1941
1942,1942,4,2025-04-30 15:00:00,Inspection completed for run 1942
1943,1943,5,2025-04-30 21:00:00,Inspection completed for run 1943
1944,1944,6,2025-05-01 03:00:00,Inspection completed for run 1944
1945,1945,1,2025-05-01 09:00:00,Inspection completed for run 1945
1946,1946,2,2025-05-01 15:00:00,Inspection completed for run 1946
1947,1947,3,2025-05-01 21:00:00,Inspection completed for run 1947
1948,1948,4,2025-05-02 03:00:00,Inspection completed for run 1948
1949,1949,5,2025-05-02 09:00:00,Inspection completed for run 1949
1950,1950,6,2025-05-02 15:00:00,Inspection completed for run 1950
1951,1951,1,2025-05-02 21:00:00,Inspection completed for run 1951
1952,1952,2,2025-05-03 03:00:00,Inspection completed for run 1952
1953,1953,3,2025-05-03 09:00:00,Inspection completed for run 1953
1954,1954,4,2025-05-03 15:00:00,Inspection completed for run 1954
1955,1955,5,2025-05-03 21:00:00,Inspection completed for run 1955
1956,1956,6,2025-05-04 03:00:00,Inspection completed for run 1956
1957,1957,1,2025-05-04 09:00:00,Inspection completed for run 1957
1958,1958,2,2025-05-04 15:00:00,Inspection completed for run 1958
1959,1959,3,2025-05-04 21:00:00,Inspection completed for run 1959
1960,1960,4,2025-05-05 03:00:00,Inspection completed for run 1960
1961,1961,5,2025-05-05 09:00:00,Inspection completed for run 1961
1962,1962,6,2025-05-05 15:00:00,Inspection completed for run 1962
1963,1963,1,2025-05-05 21:00:00,Inspection completed for run 1963
1964,1964,2,2025-05-06 03:00:00,Inspection completed for run 1964
1965,1965,3,2025-05-06 09:00:00,Inspection completed for run 1965
1966,1966,4,2025-05-06 15:00:00,Inspection completed for run 1966
1967,1967,5,2025-05-06 21:00:00,Inspection completed for run 1967
1968,1968,6,2025-05-07 03:00:00,Inspection completed for run 1968
1969,1969,1,2025-05-07 09:00:00,Inspection completed for run 1969
1970,1970,2,2025-05-07 15:00:00,Inspection completed for run 1970
1971,1971,3,2025-05-07 21:00:00,Inspection completed for run 1971
1972,1972,4,2025-05-08 03:00:00,Inspection completed for run 1972
1973,1973,5,2025-05-08 09:00:00,Inspection completed for run 1973
1974,1974,6,2025-05-08 15:00:00,Inspection completed for run 1974
1975,1975,1,2025-05-08 21:00:00,Inspection completed for run 1975
1976,1976,2,2025-05-09 03:00:00,Inspection completed for run 1976
1977,1977,3,2025-05-09 09:00:00,Inspection completed for run 1977
1978,1978,4,2025-05-09 15:00:00,Inspection completed for run 1978
1979,1979,5,2025-05-09 21:00:00,Inspection completed for run 1979
1980,1980,6,2025-05-10 03:00:00,Inspection completed for run 1980
1981,1981,1,2025-05-10 09:00:00,Inspection completed for run 1981
1982,1982,2,2025-05-10 15:00:00,Inspection completed for run 1982
1983,1983,3,2025-05-10 21:00:00,Inspection completed for run 1983
1984,1984,4,2025-05-11 03:00:00,Inspection completed for run 1984
1985,1985,5,2025-05-11 09:00:00,Inspection completed for run 1985
1986,1986,6,2025-05-11 15:00:00,Inspection completed for run 1986
1987,1987,1,2025-05-11 21:00:00,Inspection completed for run 1987
1988,1988,2,2025-05-12 03:00:00,Inspection completed for run 1988
1989,1989,3,2025-05-12 09:00:00,Inspection completed for run 1989
1990,1990,4,2025-05-12 15:00:00,Inspection completed for run 1990
1991,1991,5,2025-05-12 21:00:00,Inspection completed for run 1991
1992,1992,6,2025-05-13 03:00:00,Inspection completed for run 1992
1993,1993,1,2025-05-13 09:00:00,Inspection completed for run 1993
1994,1994,2,2025-05-13 15:00:00,Inspection completed for run 1994
1995,1995,3,2025-05-13 21:00:00,Inspection completed for run 1995
1996,1996,4,2025-05-14 03:00:00,Inspection completed for run 1996
1997,1997,5,2025-05-14 09:00:00,Inspection completed for run 1997
1998,1998,6,2025-05-14 15:00:00,Inspection completed for run 1998
1999,1999,1,2025-05-14 21:00:00,Inspection completed for run 1999
2000,2000,2,2025-05-15 03:00:00,Inspection completed for run 2000
2001,2001,3,2025-05-15 09:00:00,Inspection completed for run 2001
2002,2002,4,2025-05-15 15:00:00,Inspection completed for run 2002
2003,2003,5,2025-05-15 21:00:00,Inspection completed for run 2003
2004,2004,6,2025-05-16 03:00:00,Inspection completed for run 2004
2005,2005,1,2025-05-16 09:00:00,Inspection completed for run 2005
2006,2006,2,2025-05-16 15:00:00,Inspection completed for run 2006
2007,2007,3,2025-05-16 21:00:00,Inspection completed for run 2007
2008,2008,4,2025-05-17 03:00:00,Inspection completed for run 2008
2009,2009,5,2025-05-17 09:00:00,Inspection completed for run 2009
2010,2010,6,2025-05-17 15:00:00,Inspection completed for run 2010
2011,2011,1,2025-05-17 21:00:00,Inspection completed for run 2011
2012,2012,2,2025-05-18 03:00:00,Inspection completed for run 2012
2013,2013,3,2025-05-18 09:00:00,Inspection completed for run 2013
2014,2014,4,2025-05-18 15:00:00,Inspection completed for run 2014
2015,2015,5,2025-05-18 21:00:00,Inspection completed for run 2015
2016,2016,6,2025-05-19 03:00:00,Inspection completed for run 2016
2017,2017,1,2025-05-19 09:00:00,Inspection completed for run 2017
2018,2018,2,2025-05-19 15:00:00,Inspection completed for run 2018
2019,2019,3,2025-05-19 21:00:00,Inspection completed for run 2019
2020,2020,4,2025-05-20 03:00:00,Inspection completed for run 2020
2021,2021,5,2025-05-20 09:00:00,Inspection completed for run 2021
2022,2022,6,2025-05-20 15:00:00,Inspection completed for run 2022
2023,2023,1,2025-05-20 21:00:00,Inspection completed for run 2023
2024,2024,2,2025-05-21 03:00:00,Inspection completed for run 2024
2025,2025,3,2025-05-21 09:00:00,Inspection completed for run 2025
2026,2026,4,2025-05-21 15:00:00,Inspection completed for run 2026
2027,2027,5,2025-05-21 21:00:00,Inspection completed for run 2027
2028,2028,6,2025-05-22 03:00:00,Inspection completed for run 2028
2029,2029,1,2025-05-22 09:00:00,Inspection completed for run 2029
2030,2030,2,2025-05-22 15:00:00,Inspection completed for run 2030
2031,2031,3,2025-05-22 21:00:00,Inspection completed for run 2031
2032,2032,4,2025-05-23 03:00:00,Inspection completed for run 2032
2033,2033,5,2025-05-23 09:00:00,Inspection completed for run 2033
2034,2034,6,2025-05-23 15:00:00,Inspection completed for run 2034
2035,2035,1,2025-05-23 21:00:00,Inspection completed for run 2035
2036,2036,2,2025-05-24 03:00:00,Inspection completed for run 2036
2037,2037,3,2025-05-24 09:00:00,Inspection completed for run 2037
2038,2038,4,2025-05-24 15:00:00,Inspection completed for run 2038
2039,2039,5,2025-05-24 21:00:00,Inspection completed for run 2039
2040,2040,6,2025-05-25 03:00:00,Inspection completed for run 2040
2041,2041,1,2025-05-25 09:00:00,Inspection completed for run 2041
2042,2042,2,2025-05-25 15:00:00,Inspection completed for run 2042
2043,2043,3,2025-05-25 21:00:00,Inspection completed for run 2043
2044,2044,4,2025-05-26 03:00:00,Inspection completed for run 2044
2045,2045,5,2025-05-26 09:00:00,Inspection completed for run 2045
2046,2046,6,2025-05-26 15:00:00,Inspection completed for run 2046
2047,2047,1,2025-05-26 21:00:00,Inspection completed for run 2047
2048,2048,2,2025-05-27 03:00:00,Inspection completed for run 2048
2049,2049,3,2025-05-27 09:00:00,Inspection completed for run 2049
2050,2050,4,2025-05-27 15:00:00,Inspection completed for run 2050
2051,2051,5,2025-05-27 21:00:00,Inspection completed for run 2051
2052,2052,6,2025-05-28 03:00:00,Inspection completed for run 2052
2053,2053,1,2025-05-28 09:00:00,Inspection completed for run 2053
2054,2054,2,2025-05-28 15:00:00,Inspection completed for run 2054
2055,2055,3,2025-05-28 21:00:00,Inspection completed for run 2055
2056,2056,4,2025-05-29 03:00:00,Inspection completed for run 2056
2057,2057,5,2025-05-29 09:00:00,Inspection completed for run 2057
2058,2058,6,2025-05-29 15:00:00,Inspection completed for run 2058
2059,2059,1,2025-05-29 21:00:00,Inspection completed for run 2059
2060,2060,2,2025-05-30 03:00:00,Inspection completed for run 2060
2061,2061,3,2025-05-30 09:00:00,Inspection completed for run 2061
2062,2062,4,2025-05-30 15:00:00,Inspection completed for run 2062
2063,2063,5,2025-05-30 21:00:00,Inspection completed for run 2063
2064,2064,6,2025-05-31 03:00:00,Inspection completed for run 2064
2065,2065,1,2025-05-31 09:00:00,Inspection completed for run 2065
2066,2066,2,2025-05-31 15:00:00,Inspection completed for run 2066
2067,2067,3,2025-05-31 21:00:00,Inspection completed for run 2067
2068,2068,4,2025-06-01 03:00:00,Inspection completed for run 2068
2069,2069,5,2025-06-01 09:00:00,Inspection completed for run 2069
2070,2070,6,2025-06-01 15:00:00,Inspection completed for run 2070
2071,2071,1,2025-06-01 21:00:00,Inspection completed for run 2071
2072,2072,2,2025-06-02 03:00:00,Inspection completed for run 2072
2073,2073,3,2025-06-02 09:00:00,Inspection completed for run 2073
2074,2074,4,2025-06-02 15:00:00,Inspection completed for run 2074
2075,2075,5,2025-06-02 21:00:00,Inspection completed for run 2075
2076,2076,6,2025-06-03 03:00:00,Inspection completed for run 2076
2077,2077,1,2025-06-03 09:00:00,Inspection completed for run 2077
2078,2078,2,2025-06-03 15:00:00,Inspection completed for run 2078
2079,2079,3,2025-06-03 21:00:00,Inspection completed for run 2079
2080,2080,4,2025-06-04 03:00:00,Inspection completed for run 2080
2081,2081,5,2025-06-04 09:00:00,Inspection completed for run 2081
2082,2082,6,2025-06-04 15:00:00,Inspection completed for run 2082
2083,2083,1,2025-06-04 21:00:00,Inspection completed for run 2083
2084,2084,2,2025-06-05 03:00:00,Inspection completed for run 2084
2085,2085,3,2025-06-05 09:00:00,Inspection completed for run 2085
2086,2086,4,2025-06-05 15:00:00,Inspection completed for run 2086
2087,2087,5,2025-06-05 21:00:00,Inspection completed for run 2087
2088,2088,6,2025-06-06 03:00:00,Inspection completed for run 2088
2089,2089,1,2025-06-06 09:00:00,Inspection completed for run 2089
2090,2090,2,2025-06-06 15:00:00,Inspection completed for run 2090
2091,2091,3,2025-06-06 21:00:00,Inspection completed for run 2091
2092,2092,4,2025-06-07 03:00:00,Inspection completed for run 2092
2093,2093,5,2025-06-07 09:00:00,Inspection completed for run 2093
2094,2094,6,2025-06-07 15:00:00,Inspection completed for run 2094
2095,2095,1,2025-06-07 21:00:00,Inspection completed for run 2095
2096,2096,2,2025-06-08 03:00:00,Inspection completed for run 2096
2097,2097,3,2025-06-08 09:00:00,Inspection completed for run 2097
2098,2098,4,2025-06-08 15:00:00,Inspection completed for run 2098
2099,2099,5,2025-06-08 21:00:00,Inspection completed for run 2099
2100,2100,6,2025-06-09 03:00:00,Inspection completed for run 2100
2101,2101,1,2025-06-09 09:00:00,Inspection completed for run 2101
2102,2102,2,2025-06-09 15:00:00,Inspection completed for run 2102
2103,2103,3,2025-06-09 21:00:00,Inspection completed for run 2103
2104,2104,4,2025-06-10 03:00:00,Inspection completed for run 2104
2105,2105,5,2025-06-10 09:00:00,Inspection completed for run 2105
2106,2106,6,2025-06-10 15:00:00,Inspection completed for run 2106
2107,2107,1,2025-06-10 21:00:00,Inspection completed for run 2107
2108,2108,2,2025-06-11 03:00:00,Inspection completed for run 2108
2109,2109,3,2025-06-11 09:00:00,Inspection completed for run 2109
2110,2110,4,2025-06-11 15:00:00,Inspection completed for run 2110
2111,2111,5,2025-06-11 21:00:00,Inspection completed for run 2111
2112,2112,6,2025-06-12 03:00:00,Inspection completed for run 2112
2113,2113,1,2025-06-12 09:00:00,Inspection completed for run 2113
2114,2114,2,2025-06-12 15:00:00,Inspection completed for run 2114
2115,2115,3,2025-06-12 21:00:00,Inspection completed for run 2115
2116,2116,4,2025-06-13 03:00:00,Inspection completed for run 2116
2117,2117,5,2025-06-13 09:00:00,Inspection completed for run 2117
2118,2118,6,2025-06-13 15:00:00,Inspection completed for run 2118
2119,2119,1,2025-06-13 21:00:00,Inspection completed for run 2119
2120,2120,2,2025-06-14 03:00:00,Inspection completed for run 2120
2121,2121,3,2025-06-14 09:00:00,Inspection completed for run 2121
2122,2122,4,2025-06-14 15:00:00,Inspection completed for run 2122
2123,2123,5,2025-06-14 21:00:00,Inspection completed for run 2123
2124,2124,6,2025-06-15 03:00:00,Inspection completed for run 2124
2125,2125,1,2025-06-15 09:00:00,Inspection completed for run 2125
2126,2126,2,2025-06-15 15:00:00,Inspection completed for run 2126
2127,2127,3,2025-06-15 21:00:00,Inspection completed for run 2127
2128,2128,4,2025-06-16 03:00:00,Inspection completed for run 2128
2129,2129,5,2025-06-16 09:00:00,Inspection completed for run 2129
2130,2130,6,2025-06-16 15:00:00,Inspection completed for run 2130
2131,2131,1,2025-06-16 21:00:00,Inspection completed for run 2131
2132,2132,2,2025-06-17 03:00:00,Inspection completed for run 2132
2133,2133,3,2025-06-17 09:00:00,Inspection completed for run 2133
2134,2134,4,2025-06-17 15:00:00,Inspection completed for run 2134
2135,2135,5,2025-06-17 21:00:00,Inspection completed for run 2135
2136,2136,6,2025-06-18 03:00:00,Inspection completed for run 2136
2137,2137,1,2025-06-18 09:00:00,Inspection completed for run 2137
2138,2138,2,2025-06-18 15:00:00,Inspection completed for run 2138
2139,2139,3,2025-06-18 21:00:00,Inspection completed for run 2139
2140,2140,4,2025-06-19 03:00:00,Inspection completed for run 2140
2141,2141,5,2025-06-19 09:00:00,Inspection completed for run 2141
2142,2142,6,2025-06-19 15:00:00,Inspection completed for run 2142
2143,2143,1,2025-06-19 21:00:00,Inspection completed for run 2143
2144,2144,2,2025-06-20 03:00:00,Inspection completed for run 2144
2145,2145,3,2025-06-20 09:00:00,Inspection completed for run 2145
2146,2146,4,2025-06-20 15:00:00,Inspection completed for run 2146
2147,2147,5,2025-06-20 21:00:00,Inspection completed for run 2147
2148,2148,6,2025-06-21 03:00:00,Inspection completed for run 2148
2149,2149,1,2025-06-21 09:00:00,Inspection completed for run 2149
2150,2150,2,2025-06-21 15:00:00,Inspection completed for run 2150
2151,2151,3,2025-06-21 21:00:00,Inspection completed for run 2151
2152,2152,4,2025-06-22 03:00:00,Inspection completed for run 2152
2153,2153,5,2025-06-22 09:00:00,Inspection completed for run 2153
2154,2154,6,2025-06-22 15:00:00,Inspection completed for run 2154
2155,2155,1,2025-06-22 21:00:00,Inspection completed for run 2155
2156,2156,2,2025-06-23 03:00:00,Inspection completed for run 2156
2157,2157,3,2025-06-23 09:00:00,Inspection completed for run 2157
2158,2158,4,2025-06-23 15:00:00,Inspection completed for run 2158
2159,2159,5,2025-06-23 21:00:00,Inspection completed for run 2159
2160,2160,6,2025-06-24 03:00:00,Inspection completed for run 2160
2161,2161,1,2025-06-24 09:00:00,Inspection completed for run 2161
2162,2162,2,2025-06-24 15:00:00,Inspection completed for run 2162
2163,2163,3,2025-06-24 21:00:00,Inspection completed for run 2163
2164,2164,4,2025-06-25 03:00:00,Inspection completed for run 2164
2165,2165,5,2025-06-25 09:00:00,Inspection completed for run 2165
2166,2166,6,2025-06-25 15:00:00,Inspection completed for run 2166
2167,2167,1,2025-06-25 21:00:00,Inspection completed for run 2167
2168,2168,2,2025-06-26 03:00:00,Inspection completed for run 2168
2169,2169,3,2025-06-26 09:00:00,Inspection completed for run 2169
2170,2170,4,2025-06-26 15:00:00,Inspection completed for run 2170
2171,2171,5,2025-06-26 21:00:00,Inspection completed for run 2171
2172,2172,6,2025-06-27 03:00:00,Inspection completed for run 2172
2173,2173,1,2025-06-27 09:00:00,Inspection completed for run 2173
2174,2174,2,2025-06-27 15:00:00,Inspection completed for run 2174
2175,2175,3,2025-06-27 21:00:00,Inspection completed for run 2175
2176,2176,4,2025-06-28 03:00:00,Inspection completed for run 2176
2177,2177,5,2025-06-28 09:00:00,Inspection completed for run 2177
2178,2178,6,2025-06-28 15:00:00,Inspection completed for run 2178
2179,2179,1,2025-06-28 21:00:00,Inspection completed for run 2179
2180,2180,2,2025-06-29 03:00:00,Inspection completed for run 2180
2181,2181,3,2025-06-29 09:00:00,Inspection completed for run 2181
2182,2182,4,2025-06-29 15:00:00,Inspection completed for run 2182
2183,2183,5,2025-06-29 21:00:00,Inspection completed for run 2183
2184,2184,6,2025-06-30 03:00:00,Inspection completed for run 2184
2185,2185,1,2025-06-30 09:00:00,Inspection completed for run 2185
2186,2186,2,2025-06-30 15:00:00,Inspection completed for run 2186
2187,2187,3,2025-06-30 21:00:00,Inspection completed for run 2187
2188,2188,4,2025-07-01 03:00:00,Inspection completed for run 2188
2189,2189,5,2025-07-01 09:00:00,Inspection completed for run 2189
2190,2190,6,2025-07-01 15:00:00,Inspection completed for run 2190
2191,2191,1,2025-07-01 21:00:00,Inspection completed for run 2191
2192,2192,2,2025-07-02 03:00:00,Inspection completed for run 2192
2193,2193,3,2025-07-02 09:00:00,Inspection completed for run 2193
2194,2194,4,2025-07-02 15:00:00,Inspection completed for run 2194
2195,2195,5,2025-07-02 21:00:00,Inspection completed for run 2195
2196,2196,6,2025-07-03 03:00:00,Inspection completed for run 2196
2197,2197,1,2025-07-03 09:00:00,Inspection completed for run 2197
2198,2198,2,2025-07-03 15:00:00,Inspection completed for run 2198
2199,2199,3,2025-07-03 21:00:00,Inspection completed for run 2199
2200,2200,4,2025-07-04 03:00:00,Inspection completed for run 2200
2201,2201,5,2025-07-04 09:00:00,Inspection completed for run 2201
2202,2202,6,2025-07-04 15:00:00,Inspection completed for run 2202
2203,2203,1,2025-07-04 21:00:00,Inspection completed for run 2203
2204,2204,2,2025-07-05 03:00:00,Inspection completed for run 2204
2205,2205,3,2025-07-05 09:00:00,Inspection completed for run 2205
2206,2206,4,2025-07-05 15:00:00,Inspection completed for run 2206
2207,2207,5,2025-07-05 21:00:00,Inspection completed for run 2207
2208,2208,6,2025-07-06 03:00:00,Inspection completed for run 2208
2209,2209,1,2025-07-06 09:00:00,Inspection completed for run 2209
2210,2210,2,2025-07-06 15:00:00,Inspection completed for run 2210
2211,2211,3,2025-07-06 21:00:00,Inspection completed for run 2211
2212,2212,4,2025-07-07 03:00:00,Inspection completed for run 2212
2213,2213,5,2025-07-07 09:00:00,Inspection completed for run 2213
2214,2214,6,2025-07-07 15:00:00,Inspection completed for run 2214
2215,2215,1,2025-07-07 21:00:00,Inspection completed for run 2215
2216,2216,2,2025-07-08 03:00:00,Inspection completed for run 2216
2217,2217,3,2025-07-08 09:00:00,Inspection completed for run 2217
2218,2218,4,2025-07-08 15:00:00,Inspection completed for run 2218
2219,2219,5,2025-07-08 21:00:00,Inspection completed for run 2219
2220,2220,6,2025-07-09 03:00:00,Inspection completed for run 2220
2221,2221,1,2025-07-09 09:00:00,Inspection completed for run 2221
2222,2222,2,2025-07-09 15:00:00,Inspection completed for run 2222
2223,2223,3,2025-07-09 21:00:00,Inspection completed for run 2223
2224,2224,4,2025-07-10 03:00:00,Inspection completed for run 2224
2225,2225,5,2025-07-10 09:00:00,Inspection completed for run 2225
2226,2226,6,2025-07-10 15:00:00,Inspection completed for run 2226
2227,2227,1,2025-07-10 21:00:00,Inspection completed for run 2227
2228,2228,2,2025-07-11 03:00:00,Inspection completed for run 2228
2229,2229,3,2025-07-11 09:00:00,Inspection completed for run 2229
2230,2230,4,2025-07-11 15:00:00,Inspection completed for run 2230
2231,2231,5,2025-07-11 21:00:00,Inspection completed for run 2231
2232,2232,6,2025-07-12 03:00:00,Inspection completed for run 2232
2233,2233,1,2025-07-12 09:00:00,Inspection completed for run 2233
2234,2234,2,2025-07-12 15:00:00,Inspection completed for run 2234
2235,2235,3,2025-07-12 21:00:00,Inspection completed for run 2235
2236,2236,4,2025-07-13 03:00:00,Inspection completed for run 2236
2237,2237,5,2025-07-13 09:00:00,Inspection completed for run 2237
2238,2238,6,2025-07-13 15:00:00,Inspection completed for run 2238
2239,2239,1,2025-07-13 21:00:00,Inspection completed for run 2239
2240,2240,2,2025-07-14 03:00:00,Inspection completed for run 2240
2241,2241,3,2025-07-14 09:00:00,Inspection completed for run 2241
2242,2242,4,2025-07-14 15:00:00,Inspection completed for run 2242
2243,2243,5,2025-07-14 21:00:00,Inspection completed for run 2243
2244,2244,6,2025-07-15 03:00:00,Inspection completed for run 2244
2245,2245,1,2025-07-15 09:00:00,Inspection completed for run 2245
2246,2246,2,2025-07-15 15:00:00,Inspection completed for run 2246
2247,2247,3,2025-07-15 21:00:00,Inspection completed for run 2247
2248,2248,4,2025-07-16 03:00:00,Inspection completed for run 2248
2249,2249,5,2025-07-16 09:00:00,Inspection completed for run 2249
2250,2250,6,2025-07-16 15:00:00,Inspection completed for run 2250
2251,2251,1,2025-07-16 21:00:00,Inspection completed for run 2251
2252,2252,2,2025-07-17 03:00:00,Inspection completed for run 2252
2253,2253,3,2025-07-17 09:00:00,Inspection completed for run 2253
2254,2254,4,2025-07-17 15:00:00,Inspection completed for run 2254
2255,2255,5,2025-07-17 21:00:00,Inspection completed for run 2255
2256,2256,6,2025-07-18 03:00:00,Inspection completed for run 2256
2257,2257,1,2025-07-18 09:00:00,Inspection completed for run 2257
2258,2258,2,2025-07-18 15:00:00,Inspection completed for run 2258
2259,2259,3,2025-07-18 21:00:00,Inspection completed for run 2259
2260,2260,4,2025-07-19 03:00:00,Inspection completed for run 2260
2261,2261,5,2025-07-19 09:00:00,Inspection completed for run 2261
2262,2262,6,2025-07-19 15:00:00,Inspection completed for run 2262
2263,2263,1,2025-07-19 21:00:00,Inspection completed for run 2263
2264,2264,2,2025-07-20 03:00:00,Inspection completed for run 2264
2265,2265,3,2025-07-20 09:00:00,Inspection completed for run 2265
2266,2266,4,2025-07-20 15:00:00,Inspection completed for run 2266
2267,2267,5,2025-07-20 21:00:00,Inspection completed for run 2267
2268,2268,6,2025-07-21 03:00:00,Inspection completed for run 2268
2269,2269,1,2025-07-21 09:00:00,Inspection completed for run 2269
2270,2270,2,2025-07-21 15:00:00,Inspection completed for run 2270
2271,2271,3,2025-07-21 21:00:00,Inspection completed for run 2271
2272,2272,4,2025-07-22 03:00:00,Inspection completed for run 2272
2273,2273,5,2025-07-22 09:00:00,Inspection completed for run 2273
2274,2274,6,2025-07-22 15:00:00,Inspection completed for run 2274
2275,2275,1,2025-07-22 21:00:00,Inspection completed for run 2275
2276,2276,2,2025-07-23 03:00:00,Inspection completed for run 2276
2277,2277,3,2025-07-23 09:00:00,Inspection completed for run 2277
2278,2278,4,2025-07-23 15:00:00,Inspection completed for run 2278
2279,2279,5,2025-07-23 21:00:00,Inspection completed for run 2279
2280,2280,6,2025-07-24 03:00:00,Inspection completed for run 2280
2281,2281,1,2025-07-24 09:00:00,Inspection completed for run 2281
2282,2282,2,2025-07-24 15:00:00,Inspection completed for run 2282
2283,2283,3,2025-07-24 21:00:00,Inspection completed for run 2283
2284,2284,4,2025-07-25 03:00:00,Inspection completed for run 2284
2285,2285,5,2025-07-25 09:00:00,Inspection completed for run 2285
2286,2286,6,2025-07-25 15:00:00,Inspection completed for run 2286
2287,2287,1,2025-07-25 21:00:00,Inspection completed for run 2287
2288,2288,2,2025-07-26 03:00:00,Inspection completed for run 2288
2289,2289,3,2025-07-26 09:00:00,Inspection completed for run 2289
2290,2290,4,2025-07-26 15:00:00,Inspection completed for run 2290
2291,2291,5,2025-07-26 21:00:00,Inspection completed for run 2291
2292,2292,6,2025-07-27 03:00:00,Inspection completed for run 2292
2293,2293,1,2025-07-27 09:00:00,Inspection completed for run 2293
2294,2294,2,2025-07-27 15:00:00,Inspection completed for run 2294
2295,2295,3,2025-07-27 21:00:00,Inspection completed for run 2295
2296,2296,4,2025-07-28 03:00:00,Inspection completed for run 2296
2297,2297,5,2025-07-28 09:00:00,Inspection completed for run 2297
2298,2298,6,2025-07-28 15:00:00,Inspection completed for run 2298
2299,2299,1,2025-07-28 21:00:00,Inspection completed for run 2299
2300,2300,2,2025-07-29 03:00:00,Inspection completed for run 2300
2301,2301,3,2025-07-29 09:00:00,Inspection completed for run 2301
2302,2302,4,2025-07-29 15:00:00,Inspection completed for run 2302
2303,2303,5,2025-07-29 21:00:00,Inspection completed for run 2303
2304,2304,6,2025-07-30 03:00:00,Inspection completed for run 2304
2305,2305,1,2025-07-30 09:00:00,Inspection completed for run 2305
2306,2306,2,2025-07-30 15:00:00,Inspection completed for run 2306
2307,2307,3,2025-07-30 21:00:00,Inspection completed for run 2307
2308,2308,4,2025-07-31 03:00:00,Inspection completed for run 2308
2309,2309,5,2025-07-31 09:00:00,Inspection completed for run 2309
2310,2310,6,2025-07-31 15:00:00,Inspection completed for run 2310
2311,2311,1,2025-07-31 21:00:00,Inspection completed for run 2311
2312,2312,2,2025-08-01 03:00:00,Inspection completed for run 2312
2313,2313,3,2025-08-01 09:00:00,Inspection completed for run 2313
2314,2314,4,2025-08-01 15:00:00,Inspection completed for run 2314
2315,2315,5,2025-08-01 21:00:00,Inspection completed for run 2315
2316,2316,6,2025-08-02 03:00:00,Inspection completed for run 2316
2317,2317,1,2025-08-02 09:00:00,Inspection completed for run 2317
2318,2318,2,2025-08-02 15:00:00,Inspection completed for run 2318
2319,2319,3,2025-08-02 21:00:00,Inspection completed for run 2319
2320,2320,4,2025-08-03 03:00:00,Inspection completed for run 2320
2321,2321,5,2025-08-03 09:00:00,Inspection completed for run 2321
2322,2322,6,2025-08-03 15:00:00,Inspection completed for run 2322
2323,2323,1,2025-08-03 21:00:00,Inspection completed for run 2323
2324,2324,2,2025-08-04 03:00:00,Inspection completed for run 2324
2325,2325,3,2025-08-04 09:00:00,Inspection completed for run 2325
2326,2326,4,2025-08-04 15:00:00,Inspection completed for run 2326
2327,2327,5,2025-08-04 21:00:00,Inspection completed for run 2327
2328,2328,6,2025-08-05 03:00:00,Inspection completed for run 2328
2329,2329,1,2025-08-05 09:00:00,Inspection completed for run 2329
2330,2330,2,2025-08-05 15:00:00,Inspection completed for run 2330
2331,2331,3,2025-08-05 21:00:00,Inspection completed for run 2331
2332,2332,4,2025-08-06 03:00:00,Inspection completed for run 2332
2333,2333,5,2025-08-06 09:00:00,Inspection completed for run 2333
2334,2334,6,2025-08-06 15:00:00,Inspection completed for run 2334
2335,2335,1,2025-08-06 21:00:00,Inspection completed for run 2335
2336,2336,2,2025-08-07 03:00:00,Inspection completed for run 2336
2337,2337,3,2025-08-07 09:00:00,Inspection completed for run 2337
2338,2338,4,2025-08-07 15:00:00,Inspection completed for run 2338
2339,2339,5,2025-08-07 21:00:00,Inspection completed for run 2339
2340,2340,6,2025-08-08 03:00:00,Inspection completed for run 2340
2341,2341,1,2025-08-08 09:00:00,Inspection completed for run 2341
2342,2342,2,2025-08-08 15:00:00,Inspection completed for run 2342
2343,2343,3,2025-08-08 21:00:00,Inspection completed for run 2343
2344,2344,4,2025-08-09 03:00:00,Inspection completed for run 2344
2345,2345,5,2025-08-09 09:00:00,Inspection completed for run 2345
2346,2346,6,2025-08-09 15:00:00,Inspection completed for run 2346
2347,2347,1,2025-08-09 21:00:00,Inspection completed for run 2347
2348,2348,2,2025-08-10 03:00:00,Inspection completed for run 2348
2349,2349,3,2025-08-10 09:00:00,Inspection completed for run 2349
2350,2350,4,2025-08-10 15:00:00,Inspection completed for run 2350
2351,2351,5,2025-08-10 21:00:00,Inspection completed for run 2351
2352,2352,6,2025-08-11 03:00:00,Inspection completed for run 2352
2353,2353,1,2025-08-11 09:00:00,Inspection completed for run 2353
2354,2354,2,2025-08-11 15:00:00,Inspection completed for run 2354
2355,2355,3,2025-08-11 21:00:00,Inspection completed for run 2355
2356,2356,4,2025-08-12 03:00:00,Inspection completed for run 2356
2357,2357,5,2025-08-12 09:00:00,Inspection completed for run 2357
2358,2358,6,2025-08-12 15:00:00,Inspection completed for run 2358
2359,2359,1,2025-08-12 21:00:00,Inspection completed for run 2359
2360,2360,2,2025-08-13 03:00:00,Inspection completed for run 2360
2361,2361,3,2025-08-13 09:00:00,Inspection completed for run 2361
2362,2362,4,2025-08-13 15:00:00,Inspection completed for run 2362
2363,2363,5,2025-08-13 21:00:00,Inspection completed for run 2363
2364,2364,6,2025-08-14 03:00:00,Inspection completed for run 2364
2365,2365,1,2025-08-14 09:00:00,Inspection completed for run 2365
2366,2366,2,2025-08-14 15:00:00,Inspection completed for run 2366
2367,2367,3,2025-08-14 21:00:00,Inspection completed for run 2367
2368,2368,4,2025-08-15 03:00:00,Inspection completed for run 2368
2369,2369,5,2025-08-15 09:00:00,Inspection completed for run 2369
2370,2370,6,2025-08-15 15:00:00,Inspection completed for run 2370
2371,2371,1,2025-08-15 21:00:00,Inspection completed for run 2371
2372,2372,2,2025-08-16 03:00:00,Inspection completed for run 2372
2373,2373,3,2025-08-16 09:00:00,Inspection completed for run 2373
2374,2374,4,2025-08-16 15:00:00,Inspection completed for run 2374
2375,2375,5,2025-08-16 21:00:00,Inspection completed for run 2375
2376,2376,6,2025-08-17 03:00:00,Inspection completed for run 2376
2377,2377,1,2025-08-17 09:00:00,Inspection completed for run 2377
2378,2378,2,2025-08-17 15:00:00,Inspection completed for run 2378
2379,2379,3,2025-08-17 21:00:00,Inspection completed for run 2379
2380,2380,4,2025-08-18 03:00:00,Inspection completed for run 2380
2381,2381,5,2025-08-18 09:00:00,Inspection completed for run 2381
2382,2382,6,2025-08-18 15:00:00,Inspection completed for run 2382
2383,2383,1,2025-08-18 21:00:00,Inspection completed for run 2383
2384,2384,2,2025-08-19 03:00:00,Inspection completed for run 2384
2385,2385,3,2025-08-19 09:00:00,Inspection completed for run 2385
2386,2386,4,2025-08-19 15:00:00,Inspection completed for run 2386
2387,2387,5,2025-08-19 21:00:00,Inspection completed for run 2387
2388,2388,6,2025-08-20 03:00:00,Inspection completed for run 2388
2389,2389,1,2025-08-20 09:00:00,Inspection completed for run 2389
2390,2390,2,2025-08-20 15:00:00,Inspection completed for run 2390
2391,2391,3,2025-08-20 21:00:00,Inspection completed for run 2391
2392,2392,4,2025-08-21 03:00:00,Inspection completed for run 2392
2393,2393,5,2025-08-21 09:00:00,Inspection completed for run 2393
2394,2394,6,2025-08-21 15:00:00,Inspection completed for run 2394
2395,2395,1,2025-08-21 21:00:00,Inspection completed for run 2395
2396,2396,2,2025-08-22 03:00:00,Inspection completed for run 2396
2397,2397,3,2025-08-22 09:00:00,Inspection completed for run 2397
2398,2398,4,2025-08-22 15:00:00,Inspection completed for run 2398
2399,2399,5,2025-08-22 21:00:00,Inspection completed for run 2399
2400,2400,6,2025-08-23 03:00:00,Inspection completed for run 2400
2401,2401,1,2025-08-23 09:00:00,Inspection completed for run 2401
2402,2402,2,2025-08-23 15:00:00,Inspection completed for run 2402
2403,2403,3,2025-08-23 21:00:00,Inspection completed for run 2403
2404,2404,4,2025-08-24 03:00:00,Inspection completed for run 2404
2405,2405,5,2025-08-24 09:00:00,Inspection completed for run 2405
2406,2406,6,2025-08-24 15:00:00,Inspection completed for run 2406
2407,2407,1,2025-08-24 21:00:00,Inspection completed for run 2407
2408,2408,2,2025-08-25 03:00:00,Inspection completed for run 2408
2409,2409,3,2025-08-25 09:00:00,Inspection completed for run 2409
2410,2410,4,2025-08-25 15:00:00,Inspection completed for run 2410
2411,2411,5,2025-08-25 21:00:00,Inspection completed for run 2411
2412,2412,6,2025-08-26 03:00:00,Inspection completed for run 2412
2413,2413,1,2025-08-26 09:00:00,Inspection completed for run 2413
2414,2414,2,2025-08-26 15:00:00,Inspection completed for run 2414
2415,2415,3,2025-08-26 21:00:00,Inspection completed for run 2415
2416,2416,4,2025-08-27 03:00:00,Inspection completed for run 2416
2417,2417,5,2025-08-27 09:00:00,Inspection completed for run 2417
2418,2418,6,2025-08-27 15:00:00,Inspection completed for run 2418
2419,2419,1,2025-08-27 21:00:00,Inspection completed for run 2419
2420,2420,2,2025-08-28 03:00:00,Inspection completed for run 2420
2421,2421,3,2025-08-28 09:00:00,Inspection completed for run 2421
2422,2422,4,2025-08-28 15:00:00,Inspection completed for run 2422
2423,2423,5,2025-08-28 21:00:00,Inspection completed for run 2423
2424,2424,6,2025-08-29 03:00:00,Inspection completed for run 2424
2425,2425,1,2025-08-29 09:00:00,Inspection completed for run 2425
2426,2426,2,2025-08-29 15:00:00,Inspection completed for run 2426
2427,2427,3,2025-08-29 21:00:00,Inspection completed for run 2427
2428,2428,4,2025-08-30 03:00:00,Inspection completed for run 2428
2429,2429,5,2025-08-30 09:00:00,Inspection completed for run 2429
2430,2430,6,2025-08-30 15:00:00,Inspection completed for run 2430
2431,2431,1,2025-08-30 21:00:00,Inspection completed for run 2431
2432,2432,2,2025-08-31 03:00:00,Inspection completed for run 2432
2433,2433,3,2025-08-31 09:00:00,Inspection completed for run 2433
2434,2434,4,2025-08-31 15:00:00,Inspection completed for run 2434
2435,2435,5,2025-08-31 21:00:00,Inspection completed for run 2435
2436,2436,6,2025-09-01 03:00:00,Inspection completed for run 2436
2437,2437,1,2025-09-01 09:00:00,Inspection completed for run 2437
2438,2438,2,2025-09-01 15:00:00,Inspection completed for run 2438
2439,2439,3,2025-09-01 21:00:00,Inspection completed for run 2439
2440,2440,4,2025-09-02 03:00:00,Inspection completed for run 2440
2441,2441,5,2025-09-02 09:00:00,Inspection completed for run 2441
2442,2442,6,2025-09-02 15:00:00,Inspection completed for run 2442
2443,2443,1,2025-09-02 21:00:00,Inspection completed for run 2443
2444,2444,2,2025-09-03 03:00:00,Inspection completed for run 2444
2445,2445,3,2025-09-03 09:00:00,Inspection completed for run 2445
2446,2446,4,2025-09-03 15:00:00,Inspection completed for run 2446
2447,2447,5,2025-09-03 21:00:00,Inspection completed for run 2447
2448,2448,6,2025-09-04 03:00:00,Inspection completed for run 2448
2449,2449,1,2025-09-04 09:00:00,Inspection completed for run 2449
2450,2450,2,2025-09-04 15:00:00,Inspection completed for run 2450
2451,2451,3,2025-09-04 21:00:00,Inspection completed for run 2451
2452,2452,4,2025-09-05 03:00:00,Inspection completed for run 2452
2453,2453,5,2025-09-05 09:00:00,Inspection completed for run 2453
2454,2454,6,2025-09-05 15:00:00,Inspection completed for run 2454
2455,2455,1,2025-09-05 21:00:00,Inspection completed for run 2455
2456,2456,2,2025-09-06 03:00:00,Inspection completed for run 2456
2457,2457,3,2025-09-06 09:00:00,Inspection completed for run 2457
2458,2458,4,2025-09-06 15:00:00,Inspection completed for run 2458
2459,2459,5,2025-09-06 21:00:00,Inspection completed for run 2459
2460,2460,6,2025-09-07 03:00:00,Inspection completed for run 2460
2461,2461,1,2025-09-07 09:00:00,Inspection completed for run 2461
2462,2462,2,2025-09-07 15:00:00,Inspection completed for run 2462
2463,2463,3,2025-09-07 21:00:00,Inspection completed for run 2463
2464,2464,4,2025-09-08 03:00:00,Inspection completed for run 2464
2465,2465,5,2025-09-08 09:00:00,Inspection completed for run 2465
2466,2466,6,2025-09-08 15:00:00,Inspection completed for run 2466
2467,2467,1,2025-09-08 21:00:00,Inspection completed for run 2467
2468,2468,2,2025-09-09 03:00:00,Inspection completed for run 2468
2469,2469,3,2025-09-09 09:00:00,Inspection completed for run 2469
2470,2470,4,2025-09-09 15:00:00,Inspection completed for run 2470
2471,2471,5,2025-09-09 21:00:00,Inspection completed for run 2471
2472,2472,6,2025-09-10 03:00:00,Inspection completed for run 2472
2473,2473,1,2025-09-10 09:00:00,Inspection completed for run 2473
2474,2474,2,2025-09-10 15:00:00,Inspection completed for run 2474
2475,2475,3,2025-09-10 21:00:00,Inspection completed for run 2475
2476,2476,4,2025-09-11 03:00:00,Inspection completed for run 2476
2477,2477,5,2025-09-11 09:00:00,Inspection completed for run 2477
2478,2478,6,2025-09-11 15:00:00,Inspection completed for run 2478
2479,2479,1,2025-09-11 21:00:00,Inspection completed for run 2479
2480,2480,2,2025-09-12 03:00:00,Inspection completed for run 2480
2481,2481,3,2025-09-12 09:00:00,Inspection completed for run 2481
2482,2482,4,2025-09-12 15:00:00,Inspection completed for run 2482
2483,2483,5,2025-09-12 21:00:00,Inspection completed for run 2483
2484,2484,6,2025-09-13 03:00:00,Inspection completed for run 2484
2485,2485,1,2025-09-13 09:00:00,Inspection completed for run 2485
2486,2486,2,2025-09-13 15:00:00,Inspection completed for run 2486
2487,2487,3,2025-09-13 21:00:00,Inspection completed for run 2487
2488,2488,4,2025-09-14 03:00:00,Inspection completed for run 2488
2489,2489,5,2025-09-14 09:00:00,Inspection completed for run 2489
2490,2490,6,2025-09-14 15:00:00,Inspection completed for run 2490
2491,2491,1,2025-09-14 21:00:00,Inspection completed for run 2491
2492,2492,2,2025-09-15 03:00:00,Inspection completed for run 2492
2493,2493,3,2025-09-15 09:00:00,Inspection completed for run 2493
2494,2494,4,2025-09-15 15:00:00,Inspection completed for run 2494
2495,2495,5,2025-09-15 21:00:00,Inspection completed for run 2495
2496,2496,6,2025-09-16 03:00:00,Inspection completed for run 2496
2497,2497,1,2025-09-16 09:00:00,Inspection completed for run 2497
2498,2498,2,2025-09-16 15:00:00,Inspection completed for run 2498
2499,2499,3,2025-09-16 21:00:00,Inspection completed for run 2499
2500,2500,4,2025-09-17 03:00:00,Inspection completed for run 2500
2501,2501,5,2025-09-17 09:00:00,Inspection completed for run 2501
2502,2502,6,2025-09-17 15:00:00,Inspection completed for run 2502
2503,2503,1,2025-09-17 21:00:00,Inspection completed for run 2503
2504,2504,2,2025-09-18 03:00:00,Inspection completed for run 2504
2505,2505,3,2025-09-18 09:00:00,Inspection completed for run 2505
2506,2506,4,2025-09-18 15:00:00,Inspection completed for run 2506
2507,2507,5,2025-09-18 21:00:00,Inspection completed for run 2507
2508,2508,6,2025-09-19 03:00:00,Inspection completed for run 2508
2509,2509,1,2025-09-19 09:00:00,Inspection completed for run 2509
2510,2510,2,2025-09-19 15:00:00,Inspection completed for run 2510
2511,2511,3,2025-09-19 21:00:00,Inspection completed for run 2511
2512,2512,4,2025-09-20 03:00:00,Inspection completed for run 2512
2513,2513,5,2025-09-20 09:00:00,Inspection completed for run 2513
2514,2514,6,2025-09-20 15:00:00,Inspection completed for run 2514
2515,2515,1,2025-09-20 21:00:00,Inspection completed for run 2515
2516,2516,2,2025-09-21 03:00:00,Inspection completed for run 2516
2517,2517,3,2025-09-21 09:00:00,Inspection completed for run 2517
2518,2518,4,2025-09-21 15:00:00,Inspection completed for run 2518
2519,2519,5,2025-09-21 21:00:00,Inspection completed for run 2519
2520,2520,6,2025-09-22 03:00:00,Inspection completed for run 2520
2521,2521,1,2025-09-22 09:00:00,Inspection completed for run 2521
2522,2522,2,2025-09-22 15:00:00,Inspection completed for run 2522
2523,2523,3,2025-09-22 21:00:00,Inspection completed for run 2523
2524,2524,4,2025-09-23 03:00:00,Inspection completed for run 2524
2525,2525,5,2025-09-23 09:00:00,Inspection completed for run 2525
2526,2526,6,2025-09-23 15:00:00,Inspection completed for run 2526
2527,2527,1,2025-09-23 21:00:00,Inspection completed for run 2527
2528,2528,2,2025-09-24 03:00:00,Inspection completed for run 2528
2529,2529,3,2025-09-24 09:00:00,Inspection completed for run 2529
2530,2530,4,2025-09-24 15:00:00,Inspection completed for run 2530
2531,2531,5,2025-09-24 21:00:00,Inspection completed for run 2531
2532,2532,6,2025-09-25 03:00:00,Inspection completed for run 2532
2533,2533,1,2025-09-25 09:00:00,Inspection completed for run 2533
2534,2534,2,2025-09-25 15:00:00,Inspection completed for run 2534
2535,2535,3,2025-09-25 21:00:00,Inspection completed for run 2535
2536,2536,4,2025-09-26 03:00:00,Inspection completed for run 2536
2537,2537,5,2025-09-26 09:00:00,Inspection completed for run 2537
2538,2538,6,2025-09-26 15:00:00,Inspection completed for run 2538
2539,2539,1,2025-09-26 21:00:00,Inspection completed for run 2539
2540,2540,2,2025-09-27 03:00:00,Inspection completed for run 2540
2541,2541,3,2025-09-27 09:00:00,Inspection completed for run 2541
2542,2542,4,2025-09-27 15:00:00,Inspection completed for run 2542
2543,2543,5,2025-09-27 21:00:00,Inspection completed for run 2543
2544,2544,6,2025-09-28 03:00:00,Inspection completed for run 2544
2545,2545,1,2025-09-28 09:00:00,Inspection completed for run 2545
2546,2546,2,2025-09-28 15:00:00,Inspection completed for run 2546
2547,2547,3,2025-09-28 21:00:00,Inspection completed for run 2547
2548,2548,4,2025-09-29 03:00:00,Inspection completed for run 2548
2549,2549,5,2025-09-29 09:00:00,Inspection completed for run 2549
2550,2550,6,2025-09-29 15:00:00,Inspection completed for run 2550
2551,2551,1,2025-09-29 21:00:00,Inspection completed for run 2551
2552,2552,2,2025-09-30 03:00:00,Inspection completed for run 2552
2553,2553,3,2025-09-30 09:00:00,Inspection completed for run 2553
2554,2554,4,2025-09-30 15:00:00,Inspection completed for run 2554
2555,2555,5,2025-09-30 21:00:00,Inspection completed for run 2555
2556,2556,6,2025-10-01 03:00:00,Inspection completed for run 2556
2557,2557,1,2025-10-01 09:00:00,Inspection completed for run 2557
2558,2558,2,2025-10-01 15:00:00,Inspection completed for run 2558
2559,2559,3,2025-10-01 21:00:00,Inspection completed for run 2559
2560,2560,4,2025-10-02 03:00:00,Inspection completed for run 2560
2561,2561,5,2025-10-02 09:00:00,Inspection completed for run 2561
2562,2562,6,2025-10-02 15:00:00,Inspection completed for run 2562
2563,2563,1,2025-10-02 21:00:00,Inspection completed for run 2563
2564,2564,2,2025-10-03 03:00:00,Inspection completed for run 2564
2565,2565,3,2025-10-03 09:00:00,Inspection completed for run 2565
2566,2566,4,2025-10-03 15:00:00,Inspection completed for run 2566
2567,2567,5,2025-10-03 21:00:00,Inspection completed for run 2567
2568,2568,6,2025-10-04 03:00:00,Inspection completed for run 2568
2569,2569,1,2025-10-04 09:00:00,Inspection completed for run 2569
2570,2570,2,2025-10-04 15:00:00,Inspection completed for run 2570
2571,2571,3,2025-10-04 21:00:00,Inspection completed for run 2571
2572,2572,4,2025-10-05 03:00:00,Inspection completed for run 2572
2573,2573,5,2025-10-05 09:00:00,Inspection completed for run 2573
2574,2574,6,2025-10-05 15:00:00,Inspection completed for run 2574
2575,2575,1,2025-10-05 21:00:00,Inspection completed for run 2575
2576,2576,2,2025-10-06 03:00:00,Inspection completed for run 2576
2577,2577,3,2025-10-06 09:00:00,Inspection completed for run 2577
2578,2578,4,2025-10-06 15:00:00,Inspection completed for run 2578
2579,2579,5,2025-10-06 21:00:00,Inspection completed for run 2579
2580,2580,6,2025-10-07 03:00:00,Inspection completed for run 2580
2581,2581,1,2025-10-07 09:00:00,Inspection completed for run 2581
2582,2582,2,2025-10-07 15:00:00,Inspection completed for run 2582
2583,2583,3,2025-10-07 21:00:00,Inspection completed for run 2583
2584,2584,4,2025-10-08 03:00:00,Inspection completed for run 2584
2585,2585,5,2025-10-08 09:00:00,Inspection completed for run 2585
2586,2586,6,2025-10-08 15:00:00,Inspection completed for run 2586
2587,2587,1,2025-10-08 21:00:00,Inspection completed for run 2587
2588,2588,2,2025-10-09 03:00:00,Inspection completed for run 2588
2589,2589,3,2025-10-09 09:00:00,Inspection completed for run 2589
2590,2590,4,2025-10-09 15:00:00,Inspection completed for run 2590
2591,2591,5,2025-10-09 21:00:00,Inspection completed for run 2591
2592,2592,6,2025-10-10 03:00:00,Inspection completed for run 2592
2593,2593,1,2025-10-10 09:00:00,Inspection completed for run 2593
2594,2594,2,2025-10-10 15:00:00,Inspection completed for run 2594
2595,2595,3,2025-10-10 21:00:00,Inspection completed for run 2595
2596,2596,4,2025-10-11 03:00:00,Inspection completed for run 2596
2597,2597,5,2025-10-11 09:00:00,Inspection completed for run 2597
2598,2598,6,2025-10-11 15:00:00,Inspection completed for run 2598
2599,2599,1,2025-10-11 21:00:00,Inspection completed for run 2599
2600,2600,2,2025-10-12 03:00:00,Inspection completed for run 2600
2601,2601,3,2025-10-12 09:00:00,Inspection completed for run 2601
2602,2602,4,2025-10-12 15:00:00,Inspection completed for run 2602
2603,2603,5,2025-10-12 21:00:00,Inspection completed for run 2603
2604,2604,6,2025-10-13 03:00:00,Inspection completed for run 2604
2605,2605,1,2025-10-13 09:00:00,Inspection completed for run 2605
2606,2606,2,2025-10-13 15:00:00,Inspection completed for run 2606
2607,2607,3,2025-10-13 21:00:00,Inspection completed for run 2607
2608,2608,4,2025-10-14 03:00:00,Inspection completed for run 2608
2609,2609,5,2025-10-14 09:00:00,Inspection completed for run 2609
2610,2610,6,2025-10-14 15:00:00,Inspection completed for run 2610
2611,2611,1,2025-10-14 21:00:00,Inspection completed for run 2611
2612,2612,2,2025-10-15 03:00:00,Inspection completed for run 2612
2613,2613,3,2025-10-15 09:00:00,Inspection completed for run 2613
2614,2614,4,2025-10-15 15:00:00,Inspection completed for run 2614
2615,2615,5,2025-10-15 21:00:00,Inspection completed for run 2615
2616,2616,6,2025-10-16 03:00:00,Inspection completed for run 2616
2617,2617,1,2025-10-16 09:00:00,Inspection completed for run 2617
2618,2618,2,2025-10-16 15:00:00,Inspection completed for run 2618
2619,2619,3,2025-10-16 21:00:00,Inspection completed for run 2619
2620,2620,4,2025-10-17 03:00:00,Inspection completed for run 2620
2621,2621,5,2025-10-17 09:00:00,Inspection completed for run 2621
2622,2622,6,2025-10-17 15:00:00,Inspection completed for run 2622
2623,2623,1,2025-10-17 21:00:00,Inspection completed for run 2623
2624,2624,2,2025-10-18 03:00:00,Inspection completed for run 2624
2625,2625,3,2025-10-18 09:00:00,Inspection completed for run 2625
2626,2626,4,2025-10-18 15:00:00,Inspection completed for run 2626
2627,2627,5,2025-10-18 21:00:00,Inspection completed for run 2627
2628,2628,6,2025-10-19 03:00:00,Inspection completed for run 2628
2629,2629,1,2025-10-19 09:00:00,Inspection completed for run 2629
2630,2630,2,2025-10-19 15:00:00,Inspection completed for run 2630
2631,2631,3,2025-10-19 21:00:00,Inspection completed for run 2631
2632,2632,4,2025-10-20 03:00:00,Inspection completed for run 2632
2633,2633,5,2025-10-20 09:00:00,Inspection completed for run 2633
2634,2634,6,2025-10-20 15:00:00,Inspection completed for run 2634
2635,2635,1,2025-10-20 21:00:00,Inspection completed for run 2635
2636,2636,2,2025-10-21 03:00:00,Inspection completed for run 2636
2637,2637,3,2025-10-21 09:00:00,Inspection completed for run 2637
2638,2638,4,2025-10-21 15:00:00,Inspection completed for run 2638
2639,2639,5,2025-10-21 21:00:00,Inspection completed for run 2639
2640,2640,6,2025-10-22 03:00:00,Inspection completed for run 2640
2641,2641,1,2025-10-22 09:00:00,Inspection completed for run 2641
2642,2642,2,2025-10-22 15:00:00,Inspection completed for run 2642
2643,2643,3,2025-10-22 21:00:00,Inspection completed for run 2643
2644,2644,4,2025-10-23 03:00:00,Inspection completed for run 2644
2645,2645,5,2025-10-23 09:00:00,Inspection completed for run 2645
2646,2646,6,2025-10-23 15:00:00,Inspection completed for run 2646
2647,2647,1,2025-10-23 21:00:00,Inspection completed for run 2647
2648,2648,2,2025-10-24 03:00:00,Inspection completed for run 2648
2649,2649,3,2025-10-24 09:00:00,Inspection completed for run 2649
2650,2650,4,2025-10-24 15:00:00,Inspection completed for run 2650
2651,2651,5,2025-10-24 21:00:00,Inspection completed for run 2651
2652,2652,6,2025-10-25 03:00:00,Inspection completed for run 2652
2653,2653,1,2025-10-25 09:00:00,Inspection completed for run 2653
2654,2654,2,2025-10-25 15:00:00,Inspection completed for run 2654
2655,2655,3,2025-10-25 21:00:00,Inspection completed for run 2655
2656,2656,4,2025-10-26 03:00:00,Inspection completed for run 2656
2657,2657,5,2025-10-26 09:00:00,Inspection completed for run 2657
2658,2658,6,2025-10-26 15:00:00,Inspection completed for run 2658
2659,2659,1,2025-10-26 21:00:00,Inspection completed for run 2659
2660,2660,2,2025-10-27 03:00:00,Inspection completed for run 2660
2661,2661,3,2025-10-27 09:00:00,Inspection completed for run 2661
2662,2662,4,2025-10-27 15:00:00,Inspection completed for run 2662
2663,2663,5,2025-10-27 21:00:00,Inspection completed for run 2663
2664,2664,6,2025-10-28 03:00:00,Inspection completed for run 2664
2665,2665,1,2025-10-28 09:00:00,Inspection completed for run 2665
2666,2666,2,2025-10-28 15:00:00,Inspection completed for run 2666
2667,2667,3,2025-10-28 21:00:00,Inspection completed for run 2667
2668,2668,4,2025-10-29 03:00:00,Inspection completed for run 2668
2669,2669,5,2025-10-29 09:00:00,Inspection completed for run 2669
2670,2670,6,2025-10-29 15:00:00,Inspection completed for run 2670
2671,2671,1,2025-10-29 21:00:00,Inspection completed for run 2671
2672,2672,2,2025-10-30 03:00:00,Inspection completed for run 2672
2673,2673,3,2025-10-30 09:00:00,Inspection completed for run 2673
2674,2674,4,2025-10-30 15:00:00,Inspection completed for run 2674
2675,2675,5,2025-10-30 21:00:00,Inspection completed for run 2675
2676,2676,6,2025-10-31 03:00:00,Inspection completed for run 2676
2677,2677,1,2025-10-31 09:00:00,Inspection completed for run 2677
2678,2678,2,2025-10-31 15:00:00,Inspection completed for run 2678
2679,2679,3,2025-10-31 21:00:00,Inspection completed for run 2679
2680,2680,4,2025-11-01 03:00:00,Inspection completed for run 2680
2681,2681,5,2025-11-01 09:00:00,Inspection completed for run 2681
2682,2682,6,2025-11-01 15:00:00,Inspection completed for run 2682
2683,2683,1,2025-11-01 21:00:00,Inspection completed for run 2683
2684,2684,2,2025-11-02 03:00:00,Inspection completed for run 2684
2685,2685,3,2025-11-02 09:00:00,Inspection completed for run 2685
2686,2686,4,2025-11-02 15:00:00,Inspection completed for run 2686
2687,2687,5,2025-11-02 21:00:00,Inspection completed for run 2687
2688,2688,6,2025-11-03 03:00:00,Inspection completed for run 2688
2689,2689,1,2025-11-03 09:00:00,Inspection completed for run 2689
2690,2690,2,2025-11-03 15:00:00,Inspection completed for run 2690
2691,2691,3,2025-11-03 21:00:00,Inspection completed for run 2691
2692,2692,4,2025-11-04 03:00:00,Inspection completed for run 2692
2693,2693,5,2025-11-04 09:00:00,Inspection completed for run 2693
2694,2694,6,2025-11-04 15:00:00,Inspection completed for run 2694
2695,2695,1,2025-11-04 21:00:00,Inspection completed for run 2695
2696,2696,2,2025-11-05 03:00:00,Inspection completed for run 2696
2697,2697,3,2025-11-05 09:00:00,Inspection completed for run 2697
2698,2698,4,2025-11-05 15:00:00,Inspection completed for run 2698
2699,2699,5,2025-11-05 21:00:00,Inspection completed for run 2699
2700,2700,6,2025-11-06 03:00:00,Inspection completed for run 2700
2701,2701,1,2025-11-06 09:00:00,Inspection completed for run 2701
2702,2702,2,2025-11-06 15:00:00,Inspection completed for run 2702
2703,2703,3,2025-11-06 21:00:00,Inspection completed for run 2703
2704,2704,4,2025-11-07 03:00:00,Inspection completed for run 2704
2705,2705,5,2025-11-07 09:00:00,Inspection completed for run 2705
2706,2706,6,2025-11-07 15:00:00,Inspection completed for run 2706
2707,2707,1,2025-11-07 21:00:00,Inspection completed for run 2707
2708,2708,2,2025-11-08 03:00:00,Inspection completed for run 2708
2709,2709,3,2025-11-08 09:00:00,Inspection completed for run 2709
2710,2710,4,2025-11-08 15:00:00,Inspection completed for run 2710
2711,2711,5,2025-11-08 21:00:00,Inspection completed for run 2711
2712,2712,6,2025-11-09 03:00:00,Inspection completed for run 2712
2713,2713,1,2025-11-09 09:00:00,Inspection completed for run 2713
2714,2714,2,2025-11-09 15:00:00,Inspection completed for run 2714
2715,2715,3,2025-11-09 21:00:00,Inspection completed for run 2715
2716,2716,4,2025-11-10 03:00:00,Inspection completed for run 2716
2717,2717,5,2025-11-10 09:00:00,Inspection completed for run 2717
2718,2718,6,2025-11-10 15:00:00,Inspection completed for run 2718
2719,2719,1,2025-11-10 21:00:00,Inspection completed for run 2719
2720,2720,2,2025-11-11 03:00:00,Inspection completed for run 2720
2721,2721,3,2025-11-11 09:00:00,Inspection completed for run 2721
2722,2722,4,2025-11-11 15:00:00,Inspection completed for run 2722
2723,2723,5,2025-11-11 21:00:00,Inspection completed for run 2723
2724,2724,6,2025-11-12 03:00:00,Inspection completed for run 2724
2725,2725,1,2025-11-12 09:00:00,Inspection completed for run 2725
2726,2726,2,2025-11-12 15:00:00,Inspection completed for run 2726
2727,2727,3,2025-11-12 21:00:00,Inspection completed for run 2727
2728,2728,4,2025-11-13 03:00:00,Inspection completed for run 2728
2729,2729,5,2025-11-13 09:00:00,Inspection completed for run 2729
2730,2730,6,2025-11-13 15:00:00,Inspection completed for run 2730
2731,2731,1,2025-11-13 21:00:00,Inspection completed for run 2731
2732,2732,2,2025-11-14 03:00:00,Inspection completed for run 2732
2733,2733,3,2025-11-14 09:00:00,Inspection completed for run 2733
2734,2734,4,2025-11-14 15:00:00,Inspection completed for run 2734
2735,2735,5,2025-11-14 21:00:00,Inspection completed for run 2735
2736,2736,6,2025-11-15 03:00:00,Inspection completed for run 2736
2737,2737,1,2025-11-15 09:00:00,Inspection completed for run 2737
2738,2738,2,2025-11-15 15:00:00,Inspection completed for run 2738
2739,2739,3,2025-11-15 21:00:00,Inspection completed for run 2739
2740,2740,4,2025-11-16 03:00:00,Inspection completed for run 2740
2741,2741,5,2025-11-16 09:00:00,Inspection completed for run 2741
2742,2742,6,2025-11-16 15:00:00,Inspection completed for run 2742
2743,2743,1,2025-11-16 21:00:00,Inspection completed for run 2743
2744,2744,2,2025-11-17 03:00:00,Inspection completed for run 2744
2745,2745,3,2025-11-17 09:00:00,Inspection completed for run 2745
2746,2746,4,2025-11-17 15:00:00,Inspection completed for run 2746
2747,2747,5,2025-11-17 21:00:00,Inspection completed for run 2747
2748,2748,6,2025-11-18 03:00:00,Inspection completed for run 2748
2749,2749,1,2025-11-18 09:00:00,Inspection completed for run 2749
2750,2750,2,2025-11-18 15:00:00,Inspection completed for run 2750
2751,2751,3,2025-11-18 21:00:00,Inspection completed for run 2751
2752,2752,4,2025-11-19 03:00:00,Inspection completed for run 2752
2753,2753,5,2025-11-19 09:00:00,Inspection completed for run 2753
2754,2754,6,2025-11-19 15:00:00,Inspection completed for run 2754
2755,2755,1,2025-11-19 21:00:00,Inspection completed for run 2755
2756,2756,2,2025-11-20 03:00:00,Inspection completed for run 2756
2757,2757,3,2025-11-20 09:00:00,Inspection completed for run 2757
2758,2758,4,2025-11-20 15:00:00,Inspection completed for run 2758
2759,2759,5,2025-11-20 21:00:00,Inspection completed for run 2759
2760,2760,6,2025-11-21 03:00:00,Inspection completed for run 2760
2761,2761,1,2025-11-21 09:00:00,Inspection completed for run 2761
2762,2762,2,2025-11-21 15:00:00,Inspection completed for run 2762
2763,2763,3,2025-11-21 21:00:00,Inspection completed for run 2763
2764,2764,4,2025-11-22 03:00:00,Inspection completed for run 2764
2765,2765,5,2025-11-22 09:00:00,Inspection completed for run 2765
2766,2766,6,2025-11-22 15:00:00,Inspection completed for run 2766
2767,2767,1,2025-11-22 21:00:00,Inspection completed for run 2767
2768,2768,2,2025-11-23 03:00:00,Inspection completed for run 2768
2769,2769,3,2025-11-23 09:00:00,Inspection completed for run 2769
2770,2770,4,2025-11-23 15:00:00,Inspection completed for run 2770
2771,2771,5,2025-11-23 21:00:00,Inspection completed for run 2771
2772,2772,6,2025-11-24 03:00:00,Inspection completed for run 2772
2773,2773,1,2025-11-24 09:00:00,Inspection completed for run 2773
2774,2774,2,2025-11-24 15:00:00,Inspection completed for run 2774
2775,2775,3,2025-11-24 21:00:00,Inspection completed for run 2775
2776,2776,4,2025-11-25 03:00:00,Inspection completed for run 2776
2777,2777,5,2025-11-25 09:00:00,Inspection completed for run 2777
2778,2778,6,2025-11-25 15:00:00,Inspection completed for run 2778
2779,2779,1,2025-11-25 21:00:00,Inspection completed for run 2779
2780,2780,2,2025-11-26 03:00:00,Inspection completed for run 2780
2781,2781,3,2025-11-26 09:00:00,Inspection completed for run 2781
2782,2782,4,2025-11-26 15:00:00,Inspection completed for run 2782
2783,2783,5,2025-11-26 21:00:00,Inspection completed for run 2783
2784,2784,6,2025-11-27 03:00:00,Inspection completed for run 2784
2785,2785,1,2025-11-27 09:00:00,Inspection completed for run 2785
2786,2786,2,2025-11-27 15:00:00,Inspection completed for run 2786
2787,2787,3,2025-11-27 21:00:00,Inspection completed for run 2787
2788,2788,4,2025-11-28 03:00:00,Inspection completed for run 2788
2789,2789,5,2025-11-28 09:00:00,Inspection completed for run 2789
2790,2790,6,2025-11-28 15:00:00,Inspection completed for run 2790
2791,2791,1,2025-11-28 21:00:00,Inspection completed for run 2791
2792,2792,2,2025-11-29 03:00:00,Inspection completed for run 2792
2793,2793,3,2025-11-29 09:00:00,Inspection completed for run 2793
2794,2794,4,2025-11-29 15:00:00,Inspection completed for run 2794
2795,2795,5,2025-11-29 21:00:00,Inspection completed for run 2795
2796,2796,6,2025-11-30 03:00:00,Inspection completed for run 2796
2797,2797,1,2025-11-30 09:00:00,Inspection completed for run 2797
2798,2798,2,2025-11-30 15:00:00,Inspection completed for run 2798
2799,2799,3,2025-11-30 21:00:00,Inspection completed for run 2799
2800,2800,4,2025-12-01 03:00:00,Inspection completed for run 2800
2801,2801,5,2025-12-01 09:00:00,Inspection completed for run 2801
2802,2802,6,2025-12-01 15:00:00,Inspection completed for run 2802
2803,2803,1,2025-12-01 21:00:00,Inspection completed for run 2803
2804,2804,2,2025-12-02 03:00:00,Inspection completed for run 2804
2805,2805,3,2025-12-02 09:00:00,Inspection completed for run 2805
2806,2806,4,2025-12-02 15:00:00,Inspection completed for run 2806
2807,2807,5,2025-12-02 21:00:00,Inspection completed for run 2807
2808,2808,6,2025-12-03 03:00:00,Inspection completed for run 2808
2809,2809,1,2025-12-03 09:00:00,Inspection completed for run 2809
2810,2810,2,2025-12-03 15:00:00,Inspection completed for run 2810
2811,2811,3,2025-12-03 21:00:00,Inspection completed for run 2811
2812,2812,4,2025-12-04 03:00:00,Inspection completed for run 2812
2813,2813,5,2025-12-04 09:00:00,Inspection completed for run 2813
2814,2814,6,2025-12-04 15:00:00,Inspection completed for run 2814
2815,2815,1,2025-12-04 21:00:00,Inspection completed for run 2815
2816,2816,2,2025-12-05 03:00:00,Inspection completed for run 2816
2817,2817,3,2025-12-05 09:00:00,Inspection completed for run 2817
2818,2818,4,2025-12-05 15:00:00,Inspection completed for run 2818
2819,2819,5,2025-12-05 21:00:00,Inspection completed for run 2819
2820,2820,6,2025-12-06 03:00:00,Inspection completed for run 2820
2821,2821,1,2025-12-06 09:00:00,Inspection completed for run 2821
2822,2822,2,2025-12-06 15:00:00,Inspection completed for run 2822
2823,2823,3,2025-12-06 21:00:00,Inspection completed for run 2823
2824,2824,4,2025-12-07 03:00:00,Inspection completed for run 2824
2825,2825,5,2025-12-07 09:00:00,Inspection completed for run 2825
2826,2826,6,2025-12-07 15:00:00,Inspection completed for run 2826
2827,2827,1,2025-12-07 21:00:00,Inspection completed for run 2827
2828,2828,2,2025-12-08 03:00:00,Inspection completed for run 2828
2829,2829,3,2025-12-08 09:00:00,Inspection completed for run 2829
2830,2830,4,2025-12-08 15:00:00,Inspection completed for run 2830
2831,2831,5,2025-12-08 21:00:00,Inspection completed for run 2831
2832,2832,6,2025-12-09 03:00:00,Inspection completed for run 2832
2833,2833,1,2025-12-09 09:00:00,Inspection completed for run 2833
2834,2834,2,2025-12-09 15:00:00,Inspection completed for run 2834
2835,2835,3,2025-12-09 21:00:00,Inspection completed for run 2835
2836,2836,4,2025-12-10 03:00:00,Inspection completed for run 2836
2837,2837,5,2025-12-10 09:00:00,Inspection completed for run 2837
2838,2838,6,2025-12-10 15:00:00,Inspection completed for run 2838
2839,2839,1,2025-12-10 21:00:00,Inspection completed for run 2839
2840,2840,2,2025-12-11 03:00:00,Inspection completed for run 2840
2841,2841,3,2025-12-11 09:00:00,Inspection completed for run 2841
2842,2842,4,2025-12-11 15:00:00,Inspection completed for run 2842
2843,2843,5,2025-12-11 21:00:00,Inspection completed for run 2843
2844,2844,6,2025-12-12 03:00:00,Inspection completed for run 2844
2845,2845,1,2025-12-12 09:00:00,Inspection completed for run 2845
2846,2846,2,2025-12-12 15:00:00,Inspection completed for run 2846
2847,2847,3,2025-12-12 21:00:00,Inspection completed for run 2847
2848,2848,4,2025-12-13 03:00:00,Inspection completed for run 2848
2849,2849,5,2025-12-13 09:00:00,Inspection completed for run 2849
2850,2850,6,2025-12-13 15:00:00,Inspection completed for run 2850
2851,2851,1,2025-12-13 21:00:00,Inspection completed for run 2851
2852,2852,2,2025-12-14 03:00:00,Inspection completed for run 2852
2853,2853,3,2025-12-14 09:00:00,Inspection completed for run 2853
2854,2854,4,2025-12-14 15:00:00,Inspection completed for run 2854
2855,2855,5,2025-12-14 21:00:00,Inspection completed for run 2855
2856,2856,6,2025-12-15 03:00:00,Inspection completed for run 2856
2857,2857,1,2025-12-15 09:00:00,Inspection completed for run 2857
2858,2858,2,2025-12-15 15:00:00,Inspection completed for run 2858
2859,2859,3,2025-12-15 21:00:00,Inspection completed for run 2859
2860,2860,4,2025-12-16 03:00:00,Inspection completed for run 2860
2861,2861,5,2025-12-16 09:00:00,Inspection completed for run 2861
2862,2862,6,2025-12-16 15:00:00,Inspection completed for run 2862
2863,2863,1,2025-12-16 21:00:00,Inspection completed for run 2863
2864,2864,2,2025-12-17 03:00:00,Inspection completed for run 2864
2865,2865,3,2025-12-17 09:00:00,Inspection completed for run 2865
2866,2866,4,2025-12-17 15:00:00,Inspection completed for run 2866
2867,2867,5,2025-12-17 21:00:00,Inspection completed for run 2867
2868,2868,6,2025-12-18 03:00:00,Inspection completed for run 2868
2869,2869,1,2025-12-18 09:00:00,Inspection completed for run 2869
2870,2870,2,2025-12-18 15:00:00,Inspection completed for run 2870
2871,2871,3,2025-12-18 21:00:00,Inspection completed for run 2871
2872,2872,4,2025-12-19 03:00:00,Inspection completed for run 2872
2873,2873,5,2025-12-19 09:00:00,Inspection completed for run 2873
2874,2874,6,2025-12-19 15:00:00,Inspection completed for run 2874
2875,2875,1,2025-12-19 21:00:00,Inspection completed for run 2875
2876,2876,2,2025-12-20 03:00:00,Inspection completed for run 2876
2877,2877,3,2025-12-20 09:00:00,Inspection completed for run 2877
2878,2878,4,2025-12-20 15:00:00,Inspection completed for run 2878
2879,2879,5,2025-12-20 21:00:00,Inspection completed for run 2879
2880,2880,6,2025-12-21 03:00:00,Inspection completed for run 2880
2881,2881,1,2025-12-21 09:00:00,Inspection completed for run 2881
2882,2882,2,2025-12-21 15:00:00,Inspection completed for run 2882
2883,2883,3,2025-12-21 21:00:00,Inspection completed for run 2883
2884,2884,4,2025-12-22 03:00:00,Inspection completed for run 2884
2885,2885,5,2025-12-22 09:00:00,Inspection completed for run 2885
2886,2886,6,2025-12-22 15:00:00,Inspection completed for run 2886
2887,2887,1,2025-12-22 21:00:00,Inspection completed for run 2887
2888,2888,2,2025-12-23 03:00:00,Inspection completed for run 2888
2889,2889,3,2025-12-23 09:00:00,Inspection completed for run 2889
2890,2890,4,2025-12-23 15:00:00,Inspection completed for run 2890
2891,2891,5,2025-12-23 21:00:00,Inspection completed for run 2891
2892,2892,6,2025-12-24 03:00:00,Inspection completed for run 2892
2893,2893,1,2025-12-24 09:00:00,Inspection completed for run 2893
2894,2894,2,2025-12-24 15:00:00,Inspection completed for run 2894
2895,2895,3,2025-12-24 21:00:00,Inspection completed for run 2895
2896,2896,4,2025-12-25 03:00:00,Inspection completed for run 2896
2897,2897,5,2025-12-25 09:00:00,Inspection completed for run 2897
2898,2898,6,2025-12-25 15:00:00,Inspection completed for run 2898
2899,2899,1,2025-12-25 21:00:00,Inspection completed for run 2899
2900,2900,2,2025-12-26 03:00:00,Inspection completed for run 2900
2901,2901,3,2025-12-26 09:00:00,Inspection completed for run 2901
2902,2902,4,2025-12-26 15:00:00,Inspection completed for run 2902
2903,2903,5,2025-12-26 21:00:00,Inspection completed for run 2903
2904,2904,6,2025-12-27 03:00:00,Inspection completed for run 2904
2905,2905,1,2025-12-27 09:00:00,Inspection completed for run 2905
2906,2906,2,2025-12-27 15:00:00,Inspection completed for run 2906
2907,2907,3,2025-12-27 21:00:00,Inspection completed for run 2907
2908,2908,4,2025-12-28 03:00:00,Inspection completed for run 2908
2909,2909,5,2025-12-28 09:00:00,Inspection completed for run 2909
2910,2910,6,2025-12-28 15:00:00,Inspection completed for run 2910
2911,2911,1,2025-12-28 21:00:00,Inspection completed for run 2911
2912,2912,2,2025-12-29 03:00:00,Inspection completed for run 2912
2913,2913,3,2025-12-29 09:00:00,Inspection completed for run 2913
2914,2914,4,2025-12-29 15:00:00,Inspection completed for run 2914
2915,2915,5,2025-12-29 21:00:00,Inspection completed for run 2915
2916,2916,6,2025-12-30 03:00:00,Inspection completed for run 2916
2917,2917,1,2025-12-30 09:00:00,Inspection completed for run 2917
2918,2918,2,2025-12-30 15:00:00,Inspection completed for run 2918
2919,2919,3,2025-12-30 21:00:00,Inspection completed for run 2919
2920,2920,4,2025-12-31 03:00:00,Inspection completed for run 2920
2921,2921,5,2025-12-31 09:00:00,Inspection completed for run 2921
2922,2922,6,2025-12-31 15:00:00,Inspection completed for run 2922
2923,2923,1,2025-12-31 21:00:00,Inspection completed for run 2923
2924,2924,2,2026-01-01 03:00:00,Inspection completed for run 2924
2925,2925,3,2026-01-01 09:00:00,Inspection completed for run 2925
2926,2926,4,2026-01-01 15:00:00,Inspection completed for run 2926
2927,2927,5,2026-01-01 21:00:00,Inspection completed for run 2927
2928,2928,6,2026-01-02 03:00:00,Inspection completed for run 2928
2929,2929,1,2026-01-02 09:00:00,Inspection completed for run 2929
2930,2930,2,2026-01-02 15:00:00,Inspection completed for run 2930
2931,2931,3,2026-01-02 21:00:00,Inspection completed for run 2931
2932,2932,4,2026-01-03 03:00:00,Inspection completed for run 2932
2933,2933,5,2026-01-03 09:00:00,Inspection completed for run 2933
2934,2934,6,2026-01-03 15:00:00,Inspection completed for run 2934
2935,2935,1,2026-01-03 21:00:00,Inspection completed for run 2935
2936,2936,2,2026-01-04 03:00:00,Inspection completed for run 2936
2937,2937,3,2026-01-04 09:00:00,Inspection completed for run 2937
2938,2938,4,2026-01-04 15:00:00,Inspection completed for run 2938
2939,2939,5,2026-01-04 21:00:00,Inspection completed for run 2939
2940,2940,6,2026-01-05 03:00:00,Inspection completed for run 2940
2941,2941,1,2026-01-05 09:00:00,Inspection completed for run 2941
2942,2942,2,2026-01-05 15:00:00,Inspection completed for run 2942
2943,2943,3,2026-01-05 21:00:00,Inspection completed for run 2943
2944,2944,4,2026-01-06 03:00:00,Inspection completed for run 2944
2945,2945,5,2026-01-06 09:00:00,Inspection completed for run 2945
2946,2946,6,2026-01-06 15:00:00,Inspection completed for run 2946
2947,2947,1,2026-01-06 21:00:00,Inspection completed for run 2947
2948,2948,2,2026-01-07 03:00:00,Inspection completed for run 2948
2949,2949,3,2026-01-07 09:00:00,Inspection completed for run 2949
2950,2950,4,2026-01-07 15:00:00,Inspection completed for run 2950
2951,2951,5,2026-01-07 21:00:00,Inspection completed for run 2951
2952,2952,6,2026-01-08 03:00:00,Inspection completed for run 2952
2953,2953,1,2026-01-08 09:00:00,Inspection completed for run 2953
2954,2954,2,2026-01-08 15:00:00,Inspection completed for run 2954
2955,2955,3,2026-01-08 21:00:00,Inspection completed for run 2955
2956,2956,4,2026-01-09 03:00:00,Inspection completed for run 2956
2957,2957,5,2026-01-09 09:00:00,Inspection completed for run 2957
2958,2958,6,2026-01-09 15:00:00,Inspection completed for run 2958
2959,2959,1,2026-01-09 21:00:00,Inspection completed for run 2959
2960,2960,2,2026-01-10 03:00:00,Inspection completed for run 2960
2961,2961,3,2026-01-10 09:00:00,Inspection completed for run 2961
2962,2962,4,2026-01-10 15:00:00,Inspection completed for run 2962
2963,2963,5,2026-01-10 21:00:00,Inspection completed for run 2963
2964,2964,6,2026-01-11 03:00:00,Inspection completed for run 2964
2965,2965,1,2026-01-11 09:00:00,Inspection completed for run 2965
2966,2966,2,2026-01-11 15:00:00,Inspection completed for run 2966
2967,2967,3,2026-01-11 21:00:00,Inspection completed for run 2967
2968,2968,4,2026-01-12 03:00:00,Inspection completed for run 2968
2969,2969,5,2026-01-12 09:00:00,Inspection completed for run 2969
2970,2970,6,2026-01-12 15:00:00,Inspection completed for run 2970
2971,2971,1,2026-01-12 21:00:00,Inspection completed for run 2971
2972,2972,2,2026-01-13 03:00:00,Inspection completed for run 2972
2973,2973,3,2026-01-13 09:00:00,Inspection completed for run 2973
2974,2974,4,2026-01-13 15:00:00,Inspection completed for run 2974
2975,2975,5,2026-01-13 21:00:00,Inspection completed for run 2975
2976,2976,6,2026-01-14 03:00:00,Inspection completed for run 2976
2977,2977,1,2026-01-14 09:00:00,Inspection completed for run 2977
2978,2978,2,2026-01-14 15:00:00,Inspection completed for run 2978
2979,2979,3,2026-01-14 21:00:00,Inspection completed for run 2979
2980,2980,4,2026-01-15 03:00:00,Inspection completed for run 2980
2981,2981,5,2026-01-15 09:00:00,Inspection completed for run 2981
2982,2982,6,2026-01-15 15:00:00,Inspection completed for run 2982
2983,2983,1,2026-01-15 21:00:00,Inspection completed for run 2983
2984,2984,2,2026-01-16 03:00:00,Inspection completed for run 2984
2985,2985,3,2026-01-16 09:00:00,Inspection completed for run 2985
2986,2986,4,2026-01-16 15:00:00,Inspection completed for run 2986
2987,2987,5,2026-01-16 21:00:00,Inspection completed for run 2987
2988,2988,6,2026-01-17 03:00:00,Inspection completed for run 2988
2989,2989,1,2026-01-17 09:00:00,Inspection completed for run 2989
2990,2990,2,2026-01-17 15:00:00,Inspection completed for run 2990
2991,2991,3,2026-01-17 21:00:00,Inspection completed for run 2991
2992,2992,4,2026-01-18 03:00:00,Inspection completed for run 2992
2993,2993,5,2026-01-18 09:00:00,Inspection completed for run 2993
2994,2994,6,2026-01-18 15:00:00,Inspection completed for run 2994
2995,2995,1,2026-01-18 21:00:00,Inspection completed for run 2995
2996,2996,2,2026-01-19 03:00:00,Inspection completed for run 2996
2997,2997,3,2026-01-19 09:00:00,Inspection completed for run 2997
2998,2998,4,2026-01-19 15:00:00,Inspection completed for run 2998
2999,2999,5,2026-01-19 21:00:00,Inspection completed for run 2999
3000,3000,6,2026-01-20 03:00:00,Inspection completed for run 3000
3001,3001,1,2026-01-20 09:00:00,Inspection completed for run 3001
3002,3002,2,2026-01-20 15:00:00,Inspection completed for run 3002
3003,3003,3,2026-01-20 21:00:00,Inspection completed for run 3003
3004,3004,4,2026-01-21 03:00:00,Inspection completed for run 3004
3005,3005,5,2026-01-21 09:00:00,Inspection completed for run 3005
3006,3006,6,2026-01-21 15:00:00,Inspection completed for run 3006
3007,3007,1,2026-01-21 21:00:00,Inspection completed for run 3007
3008,3008,2,2026-01-22 03:00:00,Inspection completed for run 3008
3009,3009,3,2026-01-22 09:00:00,Inspection completed for run 3009
3010,3010,4,2026-01-22 15:00:00,Inspection completed for run 3010
3011,3011,5,2026-01-22 21:00:00,Inspection completed for run 3011
3012,3012,6,2026-01-23 03:00:00,Inspection completed for run 3012
3013,3013,1,2026-01-23 09:00:00,Inspection completed for run 3013
3014,3014,2,2026-01-23 15:00:00,Inspection completed for run 3014
3015,3015,3,2026-01-23 21:00:00,Inspection completed for run 3015
3016,3016,4,2026-01-24 03:00:00,Inspection completed for run 3016
3017,3017,5,2026-01-24 09:00:00,Inspection completed for run 3017
3018,3018,6,2026-01-24 15:00:00,Inspection completed for run 3018
3019,3019,1,2026-01-24 21:00:00,Inspection completed for run 3019
3020,3020,2,2026-01-25 03:00:00,Inspection completed for run 3020
3021,3021,3,2026-01-25 09:00:00,Inspection completed for run 3021
3022,3022,4,2026-01-25 15:00:00,Inspection completed for run 3022
3023,3023,5,2026-01-25 21:00:00,Inspection completed for run 3023
3024,3024,6,2026-01-26 03:00:00,Inspection completed for run 3024
3025,3025,1,2026-01-26 09:00:00,Inspection completed for run 3025
3026,3026,2,2026-01-26 15:00:00,Inspection completed for run 3026
3027,3027,3,2026-01-26 21:00:00,Inspection completed for run 3027
3028,3028,4,2026-01-27 03:00:00,Inspection completed for run 3028
3029,3029,5,2026-01-27 09:00:00,Inspection completed for run 3029
3030,3030,6,2026-01-27 15:00:00,Inspection completed for run 3030
3031,3031,1,2026-01-27 21:00:00,Inspection completed for run 3031
3032,3032,2,2026-01-28 03:00:00,Inspection completed for run 3032
3033,3033,3,2026-01-28 09:00:00,Inspection completed for run 3033
3034,3034,4,2026-01-28 15:00:00,Inspection completed for run 3034
3035,3035,5,2026-01-28 21:00:00,Inspection completed for run 3035
3036,3036,6,2026-01-29 03:00:00,Inspection completed for run 3036
3037,3037,1,2026-01-29 09:00:00,Inspection completed for run 3037
3038,3038,2,2026-01-29 15:00:00,Inspection completed for run 3038
3039,3039,3,2026-01-29 21:00:00,Inspection completed for run 3039
3040,3040,4,2026-01-30 03:00:00,Inspection completed for run 3040
3041,3041,5,2026-01-30 09:00:00,Inspection completed for run 3041
3042,3042,6,2026-01-30 15:00:00,Inspection completed for run 3042
3043,3043,1,2026-01-30 21:00:00,Inspection completed for run 3043
3044,3044,2,2026-01-31 03:00:00,Inspection completed for run 3044
3045,3045,3,2026-01-31 09:00:00,Inspection completed for run 3045
3046,3046,4,2026-01-31 15:00:00,Inspection completed for run 3046
3047,3047,5,2026-01-31 21:00:00,Inspection completed for run 3047
3048,3048,6,2026-02-01 03:00:00,Inspection completed for run 3048
3049,3049,1,2026-02-01 09:00:00,Inspection completed for run 3049
3050,3050,2,2026-02-01 15:00:00,Inspection completed for run 3050
3051,3051,3,2026-02-01 21:00:00,Inspection completed for run 3051
3052,3052,4,2026-02-02 03:00:00,Inspection completed for run 3052
3053,3053,5,2026-02-02 09:00:00,Inspection completed for run 3053
3054,3054,6,2026-02-02 15:00:00,Inspection completed for run 3054
3055,3055,1,2026-02-02 21:00:00,Inspection completed for run 3055
3056,3056,2,2026-02-03 03:00:00,Inspection completed for run 3056
3057,3057,3,2026-02-03 09:00:00,Inspection completed for run 3057
3058,3058,4,2026-02-03 15:00:00,Inspection completed for run 3058
3059,3059,5,2026-02-03 21:00:00,Inspection completed for run 3059
3060,3060,6,2026-02-04 03:00:00,Inspection completed for run 3060
3061,3061,1,2026-02-04 09:00:00,Inspection completed for run 3061
3062,3062,2,2026-02-04 15:00:00,Inspection completed for run 3062
3063,3063,3,2026-02-04 21:00:00,Inspection completed for run 3063
3064,3064,4,2026-02-05 03:00:00,Inspection completed for run 3064
3065,3065,5,2026-02-05 09:00:00,Inspection completed for run 3065
3066,3066,6,2026-02-05 15:00:00,Inspection completed for run 3066
3067,3067,1,2026-02-05 21:00:00,Inspection completed for run 3067
3068,3068,2,2026-02-06 03:00:00,Inspection completed for run 3068
3069,3069,3,2026-02-06 09:00:00,Inspection completed for run 3069
3070,3070,4,2026-02-06 15:00:00,Inspection completed for run 3070
3071,3071,5,2026-02-06 21:00:00,Inspection completed for run 3071
3072,3072,6,2026-02-07 03:00:00,Inspection completed for run 3072
3073,3073,1,2026-02-07 09:00:00,Inspection completed for run 3073
3074,3074,2,2026-02-07 15:00:00,Inspection completed for run 3074
3075,3075,3,2026-02-07 21:00:00,Inspection completed for run 3075
3076,3076,4,2026-02-08 03:00:00,Inspection completed for run 3076
3077,3077,5,2026-02-08 09:00:00,Inspection completed for run 3077
3078,3078,6,2026-02-08 15:00:00,Inspection completed for run 3078
3079,3079,1,2026-02-08 21:00:00,Inspection completed for run 3079
3080,3080,2,2026-02-09 03:00:00,Inspection completed for run 3080
3081,3081,3,2026-02-09 09:00:00,Inspection completed for run 3081
3082,3082,4,2026-02-09 15:00:00,Inspection completed for run 3082
3083,3083,5,2026-02-09 21:00:00,Inspection completed for run 3083
3084,3084,6,2026-02-10 03:00:00,Inspection completed for run 3084
3085,3085,1,2026-02-10 09:00:00,Inspection completed for run 3085
3086,3086,2,2026-02-10 15:00:00,Inspection completed for run 3086
3087,3087,3,2026-02-10 21:00:00,Inspection completed for run 3087
3088,3088,4,2026-02-11 03:00:00,Inspection completed for run 3088
3089,3089,5,2026-02-11 09:00:00,Inspection completed for run 3089
3090,3090,6,2026-02-11 15:00:00,Inspection completed for run 3090
3091,3091,1,2026-02-11 21:00:00,Inspection completed for run 3091
3092,3092,2,2026-02-12 03:00:00,Inspection completed for run 3092
3093,3093,3,2026-02-12 09:00:00,Inspection completed for run 3093
3094,3094,4,2026-02-12 15:00:00,Inspection completed for run 3094
3095,3095,5,2026-02-12 21:00:00,Inspection completed for run 3095
3096,3096,6,2026-02-13 03:00:00,Inspection completed for run 3096
3097,3097,1,2026-02-13 09:00:00,Inspection completed for run 3097
3098,3098,2,2026-02-13 15:00:00,Inspection completed for run 3098
3099,3099,3,2026-02-13 21:00:00,Inspection completed for run 3099
3100,3100,4,2026-02-14 03:00:00,Inspection completed for run 3100
3101,3101,5,2026-02-14 09:00:00,Inspection completed for run 3101
3102,3102,6,2026-02-14 15:00:00,Inspection completed for run 3102
3103,3103,1,2026-02-14 21:00:00,Inspection completed for run 3103
3104,3104,2,2026-02-15 03:00:00,Inspection completed for run 3104
3105,3105,3,2026-02-15 09:00:00,Inspection completed for run 3105
3106,3106,4,2026-02-15 15:00:00,Inspection completed for run 3106
3107,3107,5,2026-02-15 21:00:00,Inspection completed for run 3107
3108,3108,6,2026-02-16 03:00:00,Inspection completed for run 3108
3109,3109,1,2026-02-16 09:00:00,Inspection completed for run 3109
3110,3110,2,2026-02-16 15:00:00,Inspection completed for run 3110
3111,3111,3,2026-02-16 21:00:00,Inspection completed for run 3111
3112,3112,4,2026-02-17 03:00:00,Inspection completed for run 3112
3113,3113,5,2026-02-17 09:00:00,Inspection completed for run 3113
3114,3114,6,2026-02-17 15:00:00,Inspection completed for run 3114
3115,3115,1,2026-02-17 21:00:00,Inspection completed for run 3115
3116,3116,2,2026-02-18 03:00:00,Inspection completed for run 3116
3117,3117,3,2026-02-18 09:00:00,Inspection completed for run 3117
3118,3118,4,2026-02-18 15:00:00,Inspection completed for run 3118
3119,3119,5,2026-02-18 21:00:00,Inspection completed for run 3119
3120,3120,6,2026-02-19 03:00:00,Inspection completed for run 3120
3121,3121,1,2026-02-19 09:00:00,Inspection completed for run 3121
3122,3122,2,2026-02-19 15:00:00,Inspection completed for run 3122
3123,3123,3,2026-02-19 21:00:00,Inspection completed for run 3123
3124,3124,4,2026-02-20 03:00:00,Inspection completed for run 3124
3125,3125,5,2026-02-20 09:00:00,Inspection completed for run 3125
3126,3126,6,2026-02-20 15:00:00,Inspection completed for run 3126
3127,3127,1,2026-02-20 21:00:00,Inspection completed for run 3127
3128,3128,2,2026-02-21 03:00:00,Inspection completed for run 3128
3129,3129,3,2026-02-21 09:00:00,Inspection completed for run 3129
3130,3130,4,2026-02-21 15:00:00,Inspection completed for run 3130
3131,3131,5,2026-02-21 21:00:00,Inspection completed for run 3131
3132,3132,6,2026-02-22 03:00:00,Inspection completed for run 3132
3133,3133,1,2026-02-22 09:00:00,Inspection completed for run 3133
3134,3134,2,2026-02-22 15:00:00,Inspection completed for run 3134
3135,3135,3,2026-02-22 21:00:00,Inspection completed for run 3135
3136,3136,4,2026-02-23 03:00:00,Inspection completed for run 3136
3137,3137,5,2026-02-23 09:00:00,Inspection completed for run 3137
3138,3138,6,2026-02-23 15:00:00,Inspection completed for run 3138
3139,3139,1,2026-02-23 21:00:00,Inspection completed for run 3139
3140,3140,2,2026-02-24 03:00:00,Inspection completed for run 3140
3141,3141,3,2026-02-24 09:00:00,Inspection completed for run 3141
3142,3142,4,2026-02-24 15:00:00,Inspection completed for run 3142
3143,3143,5,2026-02-24 21:00:00,Inspection completed for run 3143
3144,3144,6,2026-02-25 03:00:00,Inspection completed for run 3144
3145,3145,1,2026-02-25 09:00:00,Inspection completed for run 3145
3146,3146,2,2026-02-25 15:00:00,Inspection completed for run 3146
3147,3147,3,2026-02-25 21:00:00,Inspection completed for run 3147
3148,3148,4,2026-02-26 03:00:00,Inspection completed for run 3148
3149,3149,5,2026-02-26 09:00:00,Inspection completed for run 3149
3150,3150,6,2026-02-26 15:00:00,Inspection completed for run 3150
3151,3151,1,2026-02-26 21:00:00,Inspection completed for run 3151
3152,3152,2,2026-02-27 03:00:00,Inspection completed for run 3152
3153,3153,3,2026-02-27 09:00:00,Inspection completed for run 3153
3154,3154,4,2026-02-27 15:00:00,Inspection completed for run 3154
3155,3155,5,2026-02-27 21:00:00,Inspection completed for run 3155
3156,3156,6,2026-02-28 03:00:00,Inspection completed for run 3156
3157,3157,1,2026-02-28 09:00:00,Inspection completed for run 3157
3158,3158,2,2026-02-28 15:00:00,Inspection completed for run 3158
3159,3159,3,2026-02-28 21:00:00,Inspection completed for run 3159
3160,3160,4,2026-03-01 03:00:00,Inspection completed for run 3160
3161,3161,5,2026-03-01 09:00:00,Inspection completed for run 3161
3162,3162,6,2026-03-01 15:00:00,Inspection completed for run 3162
3163,3163,1,2026-03-01 21:00:00,Inspection completed for run 3163
3164,3164,2,2026-03-02 03:00:00,Inspection completed for run 3164
3165,3165,3,2026-03-02 09:00:00,Inspection completed for run 3165
3166,3166,4,2026-03-02 15:00:00,Inspection completed for run 3166
3167,3167,5,2026-03-02 21:00:00,Inspection completed for run 3167
3168,3168,6,2026-03-03 03:00:00,Inspection completed for run 3168
3169,3169,1,2026-03-03 09:00:00,Inspection completed for run 3169
3170,3170,2,2026-03-03 15:00:00,Inspection completed for run 3170
3171,3171,3,2026-03-03 21:00:00,Inspection completed for run 3171
3172,3172,4,2026-03-04 03:00:00,Inspection completed for run 3172
3173,3173,5,2026-03-04 09:00:00,Inspection completed for run 3173
3174,3174,6,2026-03-04 15:00:00,Inspection completed for run 3174
3175,3175,1,2026-03-04 21:00:00,Inspection completed for run 3175
3176,3176,2,2026-03-05 03:00:00,Inspection completed for run 3176
3177,3177,3,2026-03-05 09:00:00,Inspection completed for run 3177
3178,3178,4,2026-03-05 15:00:00,Inspection completed for run 3178
3179,3179,5,2026-03-05 21:00:00,Inspection completed for run 3179
3180,3180,6,2026-03-06 03:00:00,Inspection completed for run 3180
3181,3181,1,2026-03-06 09:00:00,Inspection completed for run 3181
3182,3182,2,2026-03-06 15:00:00,Inspection completed for run 3182
3183,3183,3,2026-03-06 21:00:00,Inspection completed for run 3183
3184,3184,4,2026-03-07 03:00:00,Inspection completed for run 3184
3185,3185,5,2026-03-07 09:00:00,Inspection completed for run 3185
3186,3186,6,2026-03-07 15:00:00,Inspection completed for run 3186
3187,3187,1,2026-03-07 21:00:00,Inspection completed for run 3187
3188,3188,2,2026-03-08 03:00:00,Inspection completed for run 3188
3189,3189,3,2026-03-08 09:00:00,Inspection completed for run 3189
3190,3190,4,2026-03-08 15:00:00,Inspection completed for run 3190
3191,3191,5,2026-03-08 21:00:00,Inspection completed for run 3191
3192,3192,6,2026-03-09 03:00:00,Inspection completed for run 3192
3193,3193,1,2026-03-09 09:00:00,Inspection completed for run 3193
3194,3194,2,2026-03-09 15:00:00,Inspection completed for run 3194
3195,3195,3,2026-03-09 21:00:00,Inspection completed for run 3195
3196,3196,4,2026-03-10 03:00:00,Inspection completed for run 3196
3197,3197,5,2026-03-10 09:00:00,Inspection completed for run 3197
3198,3198,6,2026-03-10 15:00:00,Inspection completed for run 3198
3199,3199,1,2026-03-10 21:00:00,Inspection completed for run 3199
3200,3200,2,2026-03-11 03:00:00,Inspection completed for run 3200
3201,3201,3,2026-03-11 09:00:00,Inspection completed for run 3201
3202,3202,4,2026-03-11 15:00:00,Inspection completed for run 3202
3203,3203,5,2026-03-11 21:00:00,Inspection completed for run 3203
3204,3204,6,2026-03-12 03:00:00,Inspection completed for run 3204
3205,3205,1,2026-03-12 09:00:00,Inspection completed for run 3205
3206,3206,2,2026-03-12 15:00:00,Inspection completed for run 3206
3207,3207,3,2026-03-12 21:00:00,Inspection completed for run 3207
3208,3208,4,2026-03-13 03:00:00,Inspection completed for run 3208
3209,3209,5,2026-03-13 09:00:00,Inspection completed for run 3209
3210,3210,6,2026-03-13 15:00:00,Inspection completed for run 3210
3211,3211,1,2026-03-13 21:00:00,Inspection completed for run 3211
3212,3212,2,2026-03-14 03:00:00,Inspection completed for run 3212
3213,3213,3,2026-03-14 09:00:00,Inspection completed for run 3213
3214,3214,4,2026-03-14 15:00:00,Inspection completed for run 3214
3215,3215,5,2026-03-14 21:00:00,Inspection completed for run 3215
3216,3216,6,2026-03-15 03:00:00,Inspection completed for run 3216
3217,3217,1,2026-03-15 09:00:00,Inspection completed for run 3217
3218,3218,2,2026-03-15 15:00:00,Inspection completed for run 3218
3219,3219,3,2026-03-15 21:00:00,Inspection completed for run 3219
3220,3220,4,2026-03-16 03:00:00,Inspection completed for run 3220
3221,3221,5,2026-03-16 09:00:00,Inspection completed for run 3221
3222,3222,6,2026-03-16 15:00:00,Inspection completed for run 3222
3223,3223,1,2026-03-16 21:00:00,Inspection completed for run 3223
3224,3224,2,2026-03-17 03:00:00,Inspection completed for run 3224
3225,3225,3,2026-03-17 09:00:00,Inspection completed for run 3225
3226,3226,4,2026-03-17 15:00:00,Inspection completed for run 3226
3227,3227,5,2026-03-17 21:00:00,Inspection completed for run 3227
3228,3228,6,2026-03-18 03:00:00,Inspection completed for run 3228
3229,3229,1,2026-03-18 09:00:00,Inspection completed for run 3229
3230,3230,2,2026-03-18 15:00:00,Inspection completed for run 3230
3231,3231,3,2026-03-18 21:00:00,Inspection completed for run 3231
3232,3232,4,2026-03-19 03:00:00,Inspection completed for run 3232
3233,3233,5,2026-03-19 09:00:00,Inspection completed for run 3233
3234,3234,6,2026-03-19 15:00:00,Inspection completed for run 3234
3235,3235,1,2026-03-19 21:00:00,Inspection completed for run 3235
3236,3236,2,2026-03-20 03:00:00,Inspection completed for run 3236
3237,3237,3,2026-03-20 09:00:00,Inspection completed for run 3237
3238,3238,4,2026-03-20 15:00:00,Inspection completed for run 3238
3239,3239,5,2026-03-20 21:00:00,Inspection completed for run 3239
3240,3240,6,2026-03-21 03:00:00,Inspection completed for run 3240
