RunID,LineID,RunTimestamp,ProductionVolume,ProductionCost,SupplierQuality,DeliveryDelay,DefectRate,QualityScore,MaintenanceHours,DowntimePercentage,InventoryTurnover,StockoutRate,WorkerProductivity,SafetyIncidents,EnergyConsumption,EnergyEfficiency,AdditiveProcessTime,AdditiveMaterialCost,DefectStatus
1,1,2024-01-01 08:00:00,202.0,13175.4,86.65,1.0,3.1215,63.46,9.0,0.05,8.63,0.0813,85.04,0,2419.62,0.4689,5.55,236.44,Defect
2,2,2024-01-01 14:00:00,535.0,19770.05,86.31,4.0,0.8195,83.7,20.0,4.91,9.3,0.0385,99.66,7,3915.57,0.1195,9.08,353.96,Defect
3,3,2024-01-01 20:00:00,960.0,19060.82,82.13,0.0,4.5145,90.35,1.0,2.46,5.1,0.0029,92.82,2,3392.39,0.4964,6.56,396.19,Defect
4,4,2024-01-02 02:00:00,370.0,5647.61,87.34,5.0,0.6385,67.63,8.0,4.69,3.58,0.0553,96.89,8,4652.4,0.1831,8.1,164.14,Defect
5,5,2024-01-02 08:00:00,206.0,7472.22,81.99,3.0,3.8678,82.73,9.0,2.75,6.85,0.068,88.32,7,1581.63,0.2635,6.41,365.71,Defect
6,6,2024-01-02 14:00:00,171.0,6975.93,95.33,1.0,3.9146,92.57,19.0,3.03,7.93,0.0741,87.08,7,1238.99,0.118,7.28,171.71,Defect
7,1,2024-01-02 20:00:00,800.0,15889.7,99.33,3.0,4.789,90.73,10.0,3.56,3.05,0.0402,91.06,8,3138.43,0.3339,4.89,188.73,Defect
8,2,2024-01-03 02:00:00,120.0,17266.78,99.4,4.0,0.7436,92.12,13.0,1.6,8.38,0.0097,88.71,3,1004.11,0.2934,9.33,312.53,Defect
9,3,2024-01-03 08:00:00,714.0,8202.67,97.3,5.0,3.1859,95.17,2.0,3.49,3.67,0.0584,94.3,4,4150.88,0.3667,5.52,215.68,Defect
10,4,2024-01-03 14:00:00,221.0,12587.79,92.02,2.0,2.4253,97.51,0.0,2.63,5.93,0.033,85.32,6,3023.89,0.3171,5.97,364.64,No Defect
11,5,2024-01-03 20:00:00,566.0,17610.55,94.02,3.0,1.9878,76.22,6.0,3.36,8.85,0.0947,88.99,1,2952.26,0.2593,5.72,482.31,No Defect
12,6,2024-01-04 02:00:00,314.0,15992.02,85.7,0.0,0.9064,82.75,3.0,4.18,3.55,0.0503,97.9,6,2449.98,0.3951,3.85,159.56,No Defect
13,1,2024-01-04 08:00:00,430.0,13133.56,92.62,1.0,3.0319,91.63,6.0,0.92,3.94,0.0472,95.12,2,2499.9,0.11,3.08,328.2,Defect
14,2,2024-01-04 14:00:00,558.0,13855.22,89.11,0.0,2.6557,87.89,15.0,3.07,2.5,0.0309,83.36,5,2724.53,0.3164,1.66,469.32,Defect
15,3,2024-01-04 20:00:00,187.0,12625.41,89.64,3.0,0.9705,99.82,9.0,0.26,3.17,0.0339,97.74,5,1064.13,0.1456,7.46,170.61,No Defect
16,4,2024-01-05 02:00:00,472.0,9463.23,95.16,5.0,3.2562,60.55,14.0,0.51,3.17,0.0513,91.78,5,1334.18,0.2744,3.6,246.74,Defect
17,5,2024-01-05 08:00:00,199.0,13475.33,85.64,2.0,3.8208,74.21,15.0,3.37,3.63,0.0307,93.59,9,3020.19,0.4165,4.5,149.45,Defect
18,6,2024-01-05 14:00:00,971.0,15333.28,86.36,2.0,3.9528,71.24,5.0,0.35,4.29,0.0892,85.89,1,1600.49,0.157,9.28,356.82,Defect
19,1,2024-01-05 20:00:00,763.0,18099.84,98.49,0.0,4.5742,70.49,3.0,2.98,8.52,0.0439,88.83,8,4115.05,0.4743,6.1,367.66,Defect
20,2,2024-01-06 02:00:00,230.0,14544.37,81.12,4.0,2.3426,68.9,3.0,1.1,9.33,0.0292,96.14,7,2097.94,0.4554,1.87,365.67,Defect
21,3,2024-01-06 08:00:00,761.0,16416.82,89.71,4.0,4.7888,88.36,23.0,1.52,5.25,0.0155,86.61,6,1391.6,0.266,8.2,316.85,Defect
22,4,2024-01-06 14:00:00,408.0,7401.07,98.26,5.0,4.3944,63.39,22.0,0.65,3.03,0.0672,83.3,8,1940.84,0.1024,3.31,398.5,Defect
23,5,2024-01-06 20:00:00,869.0,11923.36,92.21,2.0,1.8343,89.66,3.0,1.24,3.79,0.0026,87.57,3,2428.39,0.4159,5.97,114.35,Defect
24,6,2024-01-07 02:00:00,443.0,5139.97,90.93,0.0,1.2168,87.74,21.0,4.11,7.89,0.045,81.38,1,1141.27,0.4524,5.59,483.01,Defect
25,1,2024-01-07 08:00:00,591.0,8700.18,84.99,0.0,2.4593,70.03,21.0,3.19,7.42,0.055,94.36,3,1566.7,0.1699,3.14,188.84,Defect
26,2,2024-01-07 14:00:00,513.0,15896.93,86.87,0.0,2.3085,70.11,16.0,4.75,9.74,0.034,82.95,9,2295.39,0.4665,2.04,148.62,Defect
27,3,2024-01-07 20:00:00,905.0,19877.15,97.04,3.0,3.0907,85.15,12.0,0.24,2.12,0.075,85.7,2,2241.92,0.4656,2.9,476.45,Defect
28,4,2024-01-08 02:00:00,485.0,6487.67,91.18,5.0,3.1252,90.49,1.0,3.96,8.01,0.0676,97.62,1,4201.55,0.2885,1.88,432.17,Defect
29,5,2024-01-08 08:00:00,291.0,11022.41,90.29,4.0,3.8749,95.06,19.0,3.5,6.05,0.0971,90.81,1,4373.02,0.4192,3.48,405.95,Defect
30,6,2024-01-08 14:00:00,376.0,17001.06,81.99,4.0,2.7945,94.09,5.0,1.3,9.22,0.0509,86.43,7,1773.67,0.278,9.98,141.9,No Defect
31,1,2024-01-08 20:00:00,260.0,8060.53,80.32,3.0,0.9717,98.6,21.0,3.65,6.61,0.0538,90.95,4,1495.76,0.3256,4.62,423.01,Defect
32,2,2024-01-09 02:00:00,559.0,13326.27,99.27,1.0,4.3623,83.26,0.0,3.58,5.57,0.0246,84.37,5,3536.65,0.2279,8.77,343.61,Defect
33,3,2024-01-09 08:00:00,413.0,15996.07,87.54,3.0,1.8939,96.35,7.0,2.3,7.33,0.0385,80.5,7,4218.49,0.1638,5.94,392.76,No Defect
34,4,2024-01-09 14:00:00,121.0,14239.78,92.06,5.0,4.8708,92.34,17.0,3.44,8.67,0.0027,92.07,6,4854.89,0.3986,7.0,491.23,Defect
35,5,2024-01-09 20:00:00,352.0,7820.37,81.59,0.0,1.0304,95.79,20.0,2.22,4.26,0.0689,94.28,6,1027.19,0.1006,2.41,177.78,Defect
36,6,2024-01-10 02:00:00,847.0,10330.77,93.66,3.0,4.8121,60.47,3.0,1.68,2.86,0.0312,97.6,6,2654.71,0.3318,3.47,301.75,Defect
37,1,2024-01-10 08:00:00,956.0,16756.88,98.65,0.0,0.9096,98.64,4.0,2.33,5.46,0.054,95.44,6,3935.95,0.4459,5.59,401.34,Defect
38,2,2024-01-10 14:00:00,660.0,13313.4,91.51,5.0,1.5397,78.94,4.0,4.48,3.72,0.0255,98.53,7,4314.24,0.1885,8.93,273.46,No Defect
39,3,2024-01-10 20:00:00,574.0,5078.44,82.52,5.0,0.7096,91.93,14.0,1.92,5.44,0.0621,99.72,0,1249.14,0.2332,1.39,121.86,Defect
40,4,2024-01-11 02:00:00,158.0,16414.86,91.63,2.0,3.673,65.09,9.0,2.02,9.93,0.0448,94.9,2,3722.46,0.335,5.56,144.58,Defect
41,5,2024-01-11 08:00:00,610.0,5529.67,95.33,0.0,4.3263,75.84,7.0,3.04,6.59,0.0482,97.36,0,2155.75,0.1987,1.46,340.84,Defect
42,6,2024-01-11 14:00:00,781.0,16186.01,88.13,4.0,2.4533,70.86,6.0,3.76,7.55,0.0943,93.47,7,1298.39,0.439,5.11,214.0,Defect
43,1,2024-01-11 20:00:00,575.0,8037.21,97.6,3.0,4.6783,71.67,11.0,3.67,7.42,0.0706,83.42,1,2956.41,0.2466,6.66,155.14,Defect
44,2,2024-01-12 02:00:00,799.0,19371.1,92.97,5.0,3.1563,64.93,10.0,0.1,8.57,0.0262,83.63,6,1632.61,0.3326,7.7,235.96,Defect
45,3,2024-01-12 08:00:00,882.0,10519.11,97.98,0.0,3.335,92.23,12.0,3.44,9.55,0.0504,82.21,5,3948.03,0.1904,2.25,180.39,Defect
46,4,2024-01-12 14:00:00,289.0,9903.97,92.47,1.0,4.3044,60.37,14.0,2.25,7.27,0.0467,98.86,0,3965.05,0.1166,2.5,109.58,Defect
47,5,2024-01-12 20:00:00,786.0,7233.32,82.63,2.0,1.8356,72.5,16.0,2.62,5.81,0.0795,93.46,5,4368.27,0.1695,5.23,160.73,Defect
48,6,2024-01-13 02:00:00,662.0,9584.06,86.19,1.0,2.0942,66.98,21.0,2.81,4.54,0.0833,95.8,8,2510.27,0.1185,9.98,453.23,Defect
49,1,2024-01-13 08:00:00,975.0,18149.76,84.04,5.0,4.5768,83.56,21.0,3.66,4.88,0.0283,86.62,2,1053.24,0.2874,4.2,104.81,Defect
50,2,2024-01-13 14:00:00,666.0,19945.02,98.18,1.0,4.5543,70.17,17.0,4.16,4.68,0.0821,89.21,6,2038.94,0.3347,4.85,409.54,Defect
51,3,2024-01-13 20:00:00,343.0,10524.64,95.21,1.0,4.8942,70.36,7.0,3.23,4.6,0.018,80.8,3,2871.25,0.1179,4.89,401.38,Defect
52,4,2024-01-14 02:00:00,931.0,11729.16,93.53,2.0,4.5583,79.53,5.0,2.82,7.56,0.0763,97.78,0,3776.05,0.1362,1.73,325.7,Defect
53,5,2024-01-14 08:00:00,604.0,15831.06,86.02,2.0,1.0732,86.11,10.0,1.87,6.7,0.0249,97.06,6,2528.16,0.2942,7.97,183.38,No Defect
54,6,2024-01-14 14:00:00,230.0,18292.94,83.68,2.0,4.2068,64.85,8.0,0.69,3.62,0.0298,95.7,0,3144.19,0.4197,3.28,451.22,Defect
55,1,2024-01-14 20:00:00,584.0,13895.67,95.13,2.0,2.3443,67.02,4.0,4.79,9.76,0.0852,81.17,3,3097.05,0.3512,7.33,290.03,Defect
56,2,2024-01-15 02:00:00,918.0,10872.89,89.48,1.0,4.9586,69.89,6.0,2.31,5.42,0.042,83.48,8,1659.93,0.1419,5.28,169.28,Defect
57,3,2024-01-15 08:00:00,746.0,11189.33,84.52,4.0,2.6253,98.95,21.0,2.83,6.53,0.0991,86.68,4,3492.2,0.455,6.51,271.61,Defect
58,4,2024-01-15 14:00:00,120.0,15434.27,92.33,4.0,2.9923,75.89,14.0,3.76,7.62,0.0152,85.26,6,2757.01,0.467,1.49,177.97,Defect
59,5,2024-01-15 20:00:00,940.0,5048.27,80.81,2.0,2.884,83.96,20.0,0.34,6.91,0.0463,96.77,6,4231.67,0.23,9.01,250.4,Defect
60,6,2024-01-16 02:00:00,266.0,14293.84,86.52,3.0,1.9478,69.66,21.0,4.28,4.49,0.0732,83.9,2,3762.44,0.3464,3.19,298.68,Defect
61,1,2024-01-16 08:00:00,373.0,10332.4,89.37,0.0,0.8376,79.62,3.0,3.99,8.38,0.0005,90.64,7,1445.88,0.2969,7.03,243.96,No Defect
62,2,2024-01-16 14:00:00,487.0,16912.96,82.96,5.0,4.5304,62.96,18.0,3.87,2.88,0.0152,91.43,0,2955.03,0.4768,8.18,362.82,Defect
63,3,2024-01-16 20:00:00,700.0,6394.86,99.69,3.0,4.112,61.39,12.0,0.11,6.55,0.002,88.5,3,3809.98,0.3035,5.86,474.37,Defect
64,4,2024-01-17 02:00:00,415.0,13823.03,84.18,5.0,1.1279,78.75,0.0,2.63,4.19,0.0993,84.81,9,1348.05,0.484,4.04,239.26,No Defect
65,5,2024-01-17 08:00:00,113.0,12214.59,82.61,3.0,3.9955,75.95,0.0,0.27,6.93,0.0761,99.21,3,4169.99,0.1797,9.8,242.3,Defect
66,6,2024-01-17 14:00:00,341.0,14634.88,84.07,3.0,3.3163,65.48,21.0,2.75,3.74,0.0374,88.27,1,1888.02,0.2382,3.51,395.32,Defect
67,1,2024-01-17 20:00:00,876.0,5972.8,95.38,4.0,2.3411,87.5,13.0,3.59,8.18,0.0156,94.55,5,3012.34,0.4125,9.54,312.24,Defect
68,2,2024-01-18 02:00:00,445.0,13699.76,88.51,0.0,1.6431,99.72,8.0,0.61,3.82,0.009,83.68,0,4762.25,0.4134,2.41,271.54,No Defect
69,3,2024-01-18 08:00:00,664.0,13422.27,91.31,3.0,4.3688,75.83,23.0,3.47,9.12,0.0532,96.46,2,3285.34,0.3929,4.5,425.52,Defect
70,4,2024-01-18 14:00:00,997.0,13409.9,80.42,2.0,3.6508,84.98,11.0,2.25,8.89,0.0976,84.32,8,2696.22,0.4438,2.25,456.41,Defect
71,5,2024-01-18 20:00:00,439.0,14052.31,80.69,5.0,2.9648,98.52,17.0,4.06,4.9,0.0675,93.51,9,1027.18,0.381,1.02,336.23,Defect
72,6,2024-01-19 02:00:00,191.0,15147.02,88.92,4.0,3.2431,93.26,8.0,2.67,5.09,0.0365,90.13,5,1533.65,0.3544,3.34,174.04,Defect
73,1,2024-01-19 08:00:00,466.0,17074.83,96.33,5.0,0.9098,78.54,7.0,1.68,7.61,0.0501,82.93,1,3314.66,0.2836,1.78,286.51,No Defect
74,2,2024-01-19 14:00:00,554.0,9047.31,97.7,2.0,2.6326,89.5,13.0,1.66,2.72,0.0999,80.5,8,2975.3,0.2868,9.88,301.75,Defect
75,3,2024-01-19 20:00:00,527.0,17375.74,81.73,2.0,1.3717,65.13,8.0,4.49,2.65,0.0519,98.61,1,2455.32,0.2625,7.85,272.88,Defect
76,4,2024-01-20 02:00:00,608.0,12473.84,90.77,3.0,1.4377,80.48,19.0,2.26,3.09,0.0964,82.51,6,4692.86,0.3481,1.03,204.97,Defect
77,5,2024-01-20 08:00:00,875.0,6155.87,98.26,2.0,3.4759,71.16,1.0,2.03,6.5,0.0016,94.1,0,2329.93,0.2627,3.01,288.93,Defect
78,6,2024-01-20 14:00:00,134.0,5878.26,87.76,0.0,4.6007,66.45,0.0,0.2,3.19,0.0721,93.05,4,3148.6,0.159,7.03,278.62,Defect
79,1,2024-01-20 20:00:00,305.0,10013.57,96.59,2.0,2.3169,77.05,12.0,1.82,4.22,0.0627,86.83,6,3274.85,0.1426,4.59,183.8,Defect
80,2,2024-01-21 02:00:00,180.0,16773.45,82.67,3.0,1.4349,65.24,9.0,4.25,7.18,0.0685,83.71,2,3109.87,0.4698,8.49,461.37,Defect
81,3,2024-01-21 08:00:00,661.0,15615.21,98.71,5.0,3.4194,87.96,7.0,3.8,2.12,0.0571,83.57,3,2910.34,0.1099,5.54,454.14,Defect
82,4,2024-01-21 14:00:00,971.0,16829.22,95.03,2.0,4.4203,78.25,6.0,1.1,3.44,0.0044,91.71,4,2348.25,0.1422,6.88,403.85,Defect
83,5,2024-01-21 20:00:00,487.0,12759.04,98.83,4.0,3.8674,81.25,23.0,2.07,9.44,0.015,90.94,2,4635.05,0.2781,6.37,260.38,Defect
84,6,2024-01-22 02:00:00,101.0,11602.98,93.53,4.0,4.4094,65.86,11.0,0.98,7.31,0.0922,97.52,5,2803.21,0.2052,6.74,248.14,Defect
85,1,2024-01-22 08:00:00,489.0,7211.79,87.27,4.0,2.9145,65.59,16.0,4.77,4.44,0.0233,92.8,2,3113.8,0.2623,3.07,386.59,Defect
86,2,2024-01-22 14:00:00,665.0,9922.89,98.76,5.0,3.8834,83.34,11.0,2.99,2.36,0.0993,96.39,7,3625.91,0.147,4.36,343.25,Defect
87,3,2024-01-22 20:00:00,205.0,11510.29,85.51,1.0,1.1303,99.4,15.0,3.77,6.69,0.068,80.65,6,1270.62,0.1524,1.46,340.24,Defect
88,4,2024-01-23 02:00:00,871.0,6329.01,86.64,4.0,2.0672,63.85,9.0,3.57,3.78,0.0444,93.42,0,4125.15,0.4203,6.29,149.64,Defect
89,5,2024-01-23 08:00:00,921.0,8309.18,94.02,4.0,2.253,71.43,11.0,4.37,9.68,0.092,84.67,1,3050.03,0.4036,5.13,347.31,Defect
90,6,2024-01-23 14:00:00,576.0,13973.38,95.31,1.0,2.8008,94.78,10.0,4.75,7.5,0.0795,85.06,3,3628.71,0.1417,7.85,460.75,No Defect
91,1,2024-01-23 20:00:00,802.0,16034.95,98.59,5.0,4.6808,62.89,13.0,0.16,9.79,0.0429,94.41,4,4088.05,0.3671,2.86,134.33,Defect
92,2,2024-01-24 02:00:00,501.0,19975.21,84.1,4.0,4.4343,95.04,21.0,4.88,8.79,0.0069,95.87,9,4496.4,0.3437,4.93,235.67,Defect
93,3,2024-01-24 08:00:00,829.0,18996.7,95.96,3.0,1.1054,80.97,19.0,4.35,5.86,0.0868,87.43,3,2568.88,0.3853,2.63,303.61,Defect
94,4,2024-01-24 14:00:00,655.0,14638.48,94.77,5.0,1.2776,76.33,12.0,1.91,7.36,0.0765,95.8,3,4245.72,0.2898,6.53,374.4,Defect
95,5,2024-01-24 20:00:00,261.0,11318.72,81.28,4.0,2.1094,72.39,1.0,4.19,8.5,0.0791,88.87,8,2035.35,0.208,8.63,135.85,Defect
96,6,2024-01-25 02:00:00,301.0,14542.66,87.74,4.0,1.8083,71.88,19.0,3.68,6.63,0.0745,97.15,3,3641.34,0.3655,7.89,449.12,Defect
97,1,2024-01-25 08:00:00,369.0,16784.77,85.66,1.0,3.2665,72.23,6.0,3.97,2.49,0.0276,80.5,3,1410.83,0.2485,9.5,116.22,Defect
98,2,2024-01-25 14:00:00,962.0,6775.04,86.09,3.0,4.5625,95.39,0.0,1.1,5.76,0.0859,81.67,3,1080.12,0.1876,9.75,443.08,Defect
99,3,2024-01-25 20:00:00,915.0,11148.57,99.66,5.0,4.8303,88.95,2.0,3.24,3.04,0.0002,95.53,1,1383.05,0.2635,7.95,111.06,Defect
100,4,2024-01-26 02:00:00,370.0,17597.03,92.86,2.0,3.4412,86.79,19.0,0.13,7.72,0.0237,92.48,7,2277.53,0.4053,3.58,161.41,Defect
101,5,2024-01-26 08:00:00,555.0,10757.49,94.35,0.0,4.2717,91.95,11.0,4.24,7.45,0.0047,91.18,3,1124.38,0.2903,2.97,420.13,Defect
102,6,2024-01-26 14:00:00,561.0,13578.08,99.53,3.0,2.8634,70.28,4.0,4.76,9.94,0.0111,92.28,4,3521.97,0.2199,5.03,444.07,Defect
103,1,2024-01-26 20:00:00,826.0,13816.54,87.54,2.0,1.4375,84.72,11.0,3.31,7.03,0.0532,98.6,7,2266.18,0.4327,9.94,492.91,Defect
104,2,2024-01-27 02:00:00,351.0,7767.14,96.04,3.0,2.8611,78.4,2.0,2.56,8.4,0.0037,93.11,3,3945.5,0.4527,4.71,146.29,No Defect
105,3,2024-01-27 08:00:00,801.0,10433.53,88.69,2.0,2.9979,91.3,19.0,3.63,4.15,0.0181,92.95,4,1183.66,0.2733,2.79,310.58,Defect
106,4,2024-01-27 14:00:00,395.0,10017.67,97.39,2.0,3.8411,72.37,4.0,1.63,4.72,0.0233,95.19,4,1866.81,0.2499,9.5,130.86,Defect
107,5,2024-01-27 20:00:00,824.0,5392.95,83.61,3.0,1.4895,85.73,0.0,3.13,9.34,0.0655,97.33,5,2632.01,0.3451,4.47,162.56,Defect
108,6,2024-01-28 02:00:00,819.0,5362.88,98.95,1.0,2.1574,95.29,15.0,3.59,8.04,0.0469,85.24,6,2530.61,0.1232,7.22,169.8,Defect
109,1,2024-01-28 08:00:00,848.0,17475.46,84.38,3.0,2.1381,76.09,8.0,0.71,7.24,0.0458,92.33,2,1523.99,0.3765,8.09,125.36,Defect
110,2,2024-01-28 14:00:00,437.0,9096.06,86.52,3.0,4.8175,62.66,9.0,0.7,4.03,0.0768,91.68,9,4976.55,0.4129,8.59,457.19,Defect
111,3,2024-01-28 20:00:00,978.0,12771.18,95.12,2.0,2.4978,80.64,9.0,3.58,7.59,0.0457,82.7,2,2137.76,0.259,8.39,150.54,Defect
112,4,2024-01-29 02:00:00,152.0,9480.88,87.88,0.0,3.8979,73.84,12.0,2.16,9.09,0.0348,90.41,8,3884.13,0.1698,8.53,351.74,Defect
113,5,2024-01-29 08:00:00,891.0,19110.19,92.16,2.0,3.8787,86.89,15.0,4.45,3.85,0.0962,81.39,0,1880.11,0.1115,7.01,350.3,Defect
114,6,2024-01-29 14:00:00,316.0,8889.45,88.89,4.0,1.6949,98.04,19.0,1.56,7.65,0.0008,83.7,9,4511.4,0.3549,4.63,179.46,Defect
115,1,2024-01-29 20:00:00,863.0,11444.85,94.85,3.0,3.0734,79.42,3.0,0.21,5.15,0.0305,98.26,7,2551.03,0.2076,7.01,499.36,Defect
116,2,2024-01-30 02:00:00,287.0,18090.95,84.57,5.0,4.5244,78.65,13.0,3.25,2.95,0.0609,82.38,9,4603.61,0.2856,8.53,238.95,Defect
117,3,2024-01-30 08:00:00,479.0,17629.0,81.17,3.0,2.6384,86.18,16.0,3.42,8.11,0.0783,91.58,2,2367.34,0.2545,4.16,462.04,Defect
118,4,2024-01-30 14:00:00,592.0,7791.52,86.0,1.0,4.753,64.14,4.0,2.77,3.34,0.0816,86.47,4,1034.58,0.17,3.67,479.31,Defect
119,5,2024-01-30 20:00:00,140.0,17039.65,89.49,5.0,1.4651,70.14,12.0,3.42,4.02,0.0046,91.11,2,3068.08,0.3033,4.09,479.6,Defect
120,6,2024-01-31 02:00:00,256.0,11872.8,83.36,2.0,0.8337,96.76,2.0,2.62,8.26,0.0709,84.7,9,3099.15,0.2838,5.96,401.14,No Defect
121,1,2024-01-31 08:00:00,114.0,12244.53,87.1,1.0,4.5115,86.8,4.0,3.46,7.94,0.072,88.89,0,1479.34,0.3497,1.47,201.52,Defect
122,2,2024-01-31 14:00:00,912.0,7002.2,88.0,3.0,4.3146,60.54,15.0,0.22,4.03,0.0214,97.35,9,1939.85,0.2008,8.01,148.26,Defect
123,3,2024-01-31 20:00:00,164.0,6209.02,81.15,2.0,4.9667,68.19,18.0,1.84,9.53,0.0113,87.52,4,4133.98,0.1859,2.25,327.95,Defect
124,4,2024-02-01 02:00:00,956.0,15919.09,91.67,2.0,3.5573,87.31,18.0,1.05,3.72,0.075,87.06,7,1147.02,0.4257,2.2,244.02,Defect
125,5,2024-02-01 08:00:00,938.0,12446.92,97.69,4.0,4.7151,90.58,16.0,0.5,9.95,0.025,88.92,4,2958.11,0.3809,2.78,432.42,Defect
126,6,2024-02-01 14:00:00,620.0,11552.76,83.03,4.0,4.2213,93.59,17.0,1.17,7.9,0.0002,82.01,3,3121.63,0.4089,6.19,398.0,Defect
127,1,2024-02-01 20:00:00,443.0,15942.62,91.96,0.0,4.2999,71.69,17.0,0.96,5.14,0.0224,87.75,8,3754.85,0.1493,3.57,210.59,Defect
128,2,2024-02-02 02:00:00,228.0,16482.69,93.29,4.0,3.0611,97.24,22.0,4.87,3.04,0.0031,80.14,0,1149.83,0.1896,4.31,106.81,Defect
129,3,2024-02-02 08:00:00,747.0,7383.62,88.39,5.0,2.2206,82.12,7.0,1.43,4.56,0.0249,90.07,4,3342.59,0.3302,9.38,194.93,No Defect
130,4,2024-02-02 14:00:00,571.0,14153.38,94.02,2.0,4.7055,87.86,17.0,1.15,3.55,0.0335,96.96,0,1012.39,0.4429,8.62,326.85,Defect
131,5,2024-02-02 20:00:00,162.0,7030.31,88.21,4.0,2.4445,83.87,8.0,4.17,6.97,0.0271,91.04,5,2060.71,0.4568,8.67,131.6,No Defect
132,6,2024-02-03 02:00:00,238.0,16270.63,90.09,0.0,2.9247,64.91,18.0,2.1,4.85,0.092,92.15,9,2998.74,0.4328,6.2,363.31,Defect
133,1,2024-02-03 08:00:00,598.0,14854.33,80.15,3.0,2.5075,98.52,9.0,2.11,4.36,0.0233,80.61,8,4645.13,0.1174,8.8,368.68,No Defect
134,2,2024-02-03 14:00:00,692.0,19349.22,93.83,5.0,3.0417,64.92,1.0,2.22,8.06,0.0468,97.19,1,1506.36,0.4284,8.01,167.76,Defect
135,3,2024-02-03 20:00:00,491.0,6034.37,93.23,4.0,2.6173,70.2,16.0,2.08,3.84,0.0957,87.7,3,1677.16,0.4596,9.58,338.53,Defect
136,4,2024-02-04 02:00:00,774.0,5855.82,80.77,2.0,0.7159,92.55,23.0,1.63,6.7,0.0879,99.5,7,3677.0,0.1227,1.58,342.79,Defect
137,5,2024-02-04 08:00:00,518.0,9232.81,87.37,3.0,4.4692,84.74,12.0,1.43,3.56,0.0309,82.41,2,2499.45,0.2665,1.26,291.19,Defect
138,6,2024-02-04 14:00:00,388.0,8925.59,99.58,2.0,2.4998,93.53,10.0,4.41,7.72,0.0326,98.89,6,3493.69,0.3146,2.58,481.3,No Defect
139,1,2024-02-04 20:00:00,478.0,8704.68,88.41,3.0,3.1502,80.63,15.0,0.81,7.0,0.0593,92.69,6,4989.82,0.1931,9.36,143.27,Defect
140,2,2024-02-05 02:00:00,872.0,18593.82,90.04,5.0,1.1263,75.08,19.0,0.91,8.39,0.0918,81.05,1,4947.49,0.3067,6.45,262.65,Defect
141,3,2024-02-05 08:00:00,589.0,8743.19,98.2,2.0,0.5152,96.87,6.0,2.86,2.55,0.001,99.43,9,2414.85,0.4544,4.84,453.17,No Defect
142,4,2024-02-05 14:00:00,330.0,9079.25,94.35,4.0,1.6038,61.45,2.0,1.72,3.68,0.0393,80.28,3,3015.7,0.4468,5.61,254.53,Defect
143,5,2024-02-05 20:00:00,140.0,16390.97,91.64,4.0,3.6706,94.25,15.0,2.11,3.24,0.085,94.61,0,4618.76,0.4759,8.47,269.86,Defect
144,6,2024-02-06 02:00:00,127.0,11746.1,95.96,0.0,0.9464,69.23,18.0,4.03,3.52,0.041,97.79,7,1368.67,0.2936,9.36,367.31,Defect
145,1,2024-02-06 08:00:00,234.0,16650.66,97.29,3.0,4.59,93.95,19.0,4.52,2.82,0.072,83.52,9,2809.22,0.2642,7.57,366.23,Defect
146,2,2024-02-06 14:00:00,300.0,5980.49,89.14,0.0,1.4676,65.57,15.0,3.95,6.5,0.0692,86.87,9,2510.31,0.3663,7.84,109.16,Defect
147,3,2024-02-06 20:00:00,939.0,12313.57,89.5,1.0,1.4207,83.21,1.0,1.17,6.75,0.0205,91.22,8,2179.53,0.2667,3.88,282.28,Defect
148,4,2024-02-07 02:00:00,879.0,5504.2,87.72,4.0,1.3168,95.52,13.0,4.9,8.75,0.045,93.6,0,4976.82,0.1168,5.2,233.4,Defect
149,5,2024-02-07 08:00:00,132.0,5939.8,99.33,3.0,0.5629,78.94,19.0,1.82,5.34,0.0566,97.44,6,3934.2,0.388,8.97,351.08,Defect
150,6,2024-02-07 14:00:00,147.0,18596.56,93.94,5.0,3.9731,89.86,9.0,0.85,6.26,0.0715,95.22,0,2554.99,0.2124,8.07,322.28,Defect
151,1,2024-02-07 20:00:00,602.0,7088.68,81.66,0.0,4.4377,92.19,18.0,2.5,9.93,0.0822,87.27,0,4316.09,0.1196,7.16,360.34,Defect
152,2,2024-02-08 02:00:00,506.0,12986.31,97.26,5.0,3.2637,89.46,23.0,3.63,6.25,0.076,96.43,8,2958.66,0.1082,1.59,361.51,Defect
153,3,2024-02-08 08:00:00,673.0,11166.43,89.61,5.0,1.3469,97.01,10.0,0.42,6.59,0.0028,99.32,9,4491.3,0.4725,1.36,201.95,No Defect
154,4,2024-02-08 14:00:00,827.0,10210.15,81.38,5.0,1.7838,77.87,17.0,3.17,9.97,0.0671,84.54,9,2065.52,0.2008,2.17,198.59,Defect
155,5,2024-02-08 20:00:00,904.0,18497.5,90.99,0.0,2.6417,66.93,10.0,4.29,9.95,0.0497,81.48,5,1894.4,0.2792,6.23,248.11,Defect
156,6,2024-02-09 02:00:00,198.0,5327.35,88.34,1.0,4.7946,61.91,8.0,1.31,5.39,0.0574,88.53,0,1989.15,0.4802,5.83,196.78,Defect
157,1,2024-02-09 08:00:00,783.0,14956.85,97.55,0.0,1.6131,69.86,18.0,3.47,7.08,0.0373,97.63,6,3153.92,0.287,9.48,373.12,Defect
158,2,2024-02-09 14:00:00,971.0,19450.92,84.08,2.0,3.7924,65.73,19.0,2.0,5.85,0.0714,83.01,2,2165.25,0.1314,7.25,341.15,Defect
159,3,2024-02-09 20:00:00,825.0,13402.52,96.53,4.0,2.4775,82.32,9.0,2.07,7.77,0.0674,97.72,9,1588.48,0.3208,3.65,186.55,Defect
160,4,2024-02-10 02:00:00,646.0,19052.34,91.15,0.0,1.8403,67.4,2.0,1.4,9.51,0.0579,99.84,3,4978.51,0.1353,2.45,453.64,Defect
161,5,2024-02-10 08:00:00,838.0,5783.87,81.09,0.0,2.5516,61.56,2.0,3.12,4.48,0.0862,81.08,3,4601.73,0.138,8.65,284.27,Defect
162,6,2024-02-10 14:00:00,712.0,11281.9,99.44,1.0,0.8204,61.44,23.0,1.8,8.55,0.0102,89.91,7,3540.05,0.4406,5.14,150.82,Defect
163,1,2024-02-10 20:00:00,561.0,8902.37,90.25,2.0,4.0941,93.26,7.0,4.15,7.24,0.0301,86.58,0,4566.17,0.2158,6.88,185.19,Defect
164,2,2024-02-11 02:00:00,742.0,15962.31,85.82,0.0,1.5949,83.66,5.0,4.81,4.24,0.0495,87.87,7,4741.85,0.3715,6.09,315.94,No Defect
165,3,2024-02-11 08:00:00,868.0,19719.46,89.39,4.0,3.7644,74.32,19.0,4.68,8.38,0.0959,89.03,8,3704.43,0.3036,1.97,235.37,Defect
166,4,2024-02-11 14:00:00,104.0,8847.95,97.16,4.0,0.8076,95.77,0.0,0.82,5.42,0.0072,94.79,6,3074.72,0.1889,1.51,440.49,No Defect
167,5,2024-02-11 20:00:00,317.0,14812.62,86.1,0.0,4.7979,62.81,19.0,0.07,2.96,0.0337,91.83,0,4528.01,0.3071,4.39,297.89,Defect
168,6,2024-02-12 02:00:00,602.0,7971.46,83.85,5.0,1.3686,99.21,23.0,2.19,9.95,0.0926,99.22,6,3271.19,0.1276,4.25,466.12,Defect
169,1,2024-02-12 08:00:00,866.0,13479.95,82.58,5.0,4.4723,84.65,5.0,3.64,5.41,0.0898,86.66,5,1507.2,0.2389,7.06,140.73,Defect
170,2,2024-02-12 14:00:00,497.0,11958.99,85.96,2.0,4.1426,67.34,1.0,4.89,6.33,0.0865,90.83,4,2467.42,0.3091,6.69,367.44,Defect
171,3,2024-02-12 20:00:00,970.0,19580.08,95.6,4.0,4.8554,87.16,18.0,3.92,8.46,0.0308,96.27,4,2783.68,0.1914,9.72,454.31,Defect
172,4,2024-02-13 02:00:00,894.0,14127.91,89.43,5.0,2.6505,90.54,6.0,2.9,9.69,0.0847,87.46,0,4741.48,0.3641,8.72,217.17,Defect
173,5,2024-02-13 08:00:00,492.0,10242.6,84.55,4.0,3.7733,77.17,10.0,0.13,8.98,0.0505,89.31,5,3636.74,0.1207,5.47,154.28,Defect
174,6,2024-02-13 14:00:00,306.0,6711.44,83.32,2.0,2.1682,94.47,10.0,4.13,6.2,0.062,93.7,3,4501.11,0.2939,5.5,282.66,No Defect
175,1,2024-02-13 20:00:00,114.0,7268.7,86.65,2.0,1.3297,66.03,3.0,0.89,6.37,0.0239,97.21,0,4030.37,0.386,7.07,484.53,Defect
176,2,2024-02-14 02:00:00,957.0,8379.75,98.8,5.0,2.4938,71.15,19.0,0.28,4.25,0.0707,88.31,7,2239.44,0.272,2.03,353.38,Defect
177,3,2024-02-14 08:00:00,653.0,8764.5,86.86,0.0,1.2459,63.74,15.0,4.25,5.7,0.0328,90.64,7,3874.84,0.4498,10.0,357.59,Defect
178,4,2024-02-14 14:00:00,991.0,17759.24,99.76,3.0,4.9192,68.44,4.0,2.83,9.57,0.0344,99.5,3,1781.2,0.3529,5.67,368.6,Defect
179,5,2024-02-14 20:00:00,560.0,13418.34,89.7,1.0,0.9331,69.55,23.0,0.64,7.82,0.0637,80.85,6,2632.58,0.4834,9.19,115.9,Defect
180,6,2024-02-15 02:00:00,790.0,12850.86,83.58,3.0,3.1515,96.71,6.0,1.93,2.1,0.024,88.96,2,4224.37,0.2136,9.71,278.26,Defect
181,1,2024-02-15 08:00:00,674.0,6721.53,97.82,3.0,3.3191,63.12,15.0,0.43,2.93,0.0224,92.72,7,3447.72,0.4755,6.23,131.03,Defect
182,2,2024-02-15 14:00:00,963.0,17902.1,89.21,4.0,2.9214,77.1,14.0,3.19,9.39,0.0369,80.17,6,4301.65,0.3427,1.93,226.34,Defect
183,3,2024-02-15 20:00:00,842.0,15842.21,94.19,2.0,3.4798,81.3,4.0,1.41,8.79,0.0778,91.94,4,2018.81,0.3981,6.16,428.64,Defect
184,4,2024-02-16 02:00:00,340.0,6015.03,99.67,4.0,1.0228,95.95,0.0,4.33,5.89,0.0225,81.12,4,3999.0,0.4609,6.38,362.51,No Defect
185,5,2024-02-16 08:00:00,663.0,15617.53,81.0,5.0,2.9976,99.91,19.0,1.79,6.94,0.0787,97.15,8,1809.3,0.3205,8.1,498.23,Defect
186,6,2024-02-16 14:00:00,195.0,13153.07,81.93,1.0,1.7925,90.14,21.0,2.47,4.32,0.0696,96.14,5,3181.22,0.4449,1.43,168.86,Defect
187,1,2024-02-16 20:00:00,999.0,6225.88,94.41,5.0,4.7308,98.83,21.0,0.32,8.34,0.0679,80.65,5,2734.14,0.3167,5.2,258.82,Defect
188,2,2024-02-17 02:00:00,833.0,11874.51,85.64,0.0,3.9293,91.48,8.0,1.38,6.83,0.0475,80.98,1,3225.9,0.3397,9.3,423.86,Defect
189,3,2024-02-17 08:00:00,584.0,12270.44,83.69,1.0,4.8763,98.53,20.0,3.38,7.56,0.0746,95.07,4,1542.13,0.278,9.92,186.28,Defect
190,4,2024-02-17 14:00:00,506.0,7486.62,80.79,4.0,0.669,88.29,4.0,3.68,5.0,0.0014,87.39,3,2444.91,0.1583,2.72,161.49,No Defect
191,5,2024-02-17 20:00:00,330.0,19185.47,80.44,4.0,1.7831,63.19,21.0,1.21,5.44,0.0306,91.5,9,3667.62,0.3214,8.84,271.05,Defect
192,6,2024-02-18 02:00:00,848.0,17749.63,95.49,5.0,1.3794,76.08,5.0,2.52,3.66,0.0679,85.41,2,3234.12,0.491,2.32,253.49,Defect
193,1,2024-02-18 08:00:00,754.0,15035.34,82.69,4.0,0.5502,85.86,2.0,4.09,9.58,0.0987,83.46,8,3195.88,0.4149,8.57,492.08,No Defect
194,2,2024-02-18 14:00:00,270.0,11934.43,89.35,4.0,1.5905,74.03,5.0,1.9,9.57,0.0003,85.92,6,3043.32,0.399,3.5,282.5,Defect
195,3,2024-02-18 20:00:00,640.0,11176.48,92.12,3.0,3.5545,70.94,7.0,0.67,8.54,0.051,84.93,3,4775.54,0.3573,9.64,444.38,Defect
196,4,2024-02-19 02:00:00,135.0,14764.6,88.57,0.0,1.5399,83.1,5.0,2.16,9.48,0.0924,88.97,8,4738.28,0.2392,7.26,455.19,No Defect
197,5,2024-02-19 08:00:00,624.0,13181.48,80.54,3.0,2.7905,97.34,15.0,3.0,7.32,0.0864,94.93,8,2440.58,0.1678,4.59,163.15,Defect
198,6,2024-02-19 14:00:00,259.0,5934.1,95.67,4.0,4.4952,61.4,15.0,0.04,3.88,0.0023,91.08,6,2407.58,0.1898,3.53,386.12,Defect
199,1,2024-02-19 20:00:00,938.0,12687.54,80.21,2.0,3.6219,90.77,20.0,1.74,8.08,0.053,92.18,4,3219.59,0.1025,3.12,211.04,Defect
200,2,2024-02-20 02:00:00,798.0,17096.05,95.24,3.0,2.2758,88.91,2.0,3.04,4.6,0.0004,89.4,8,1382.43,0.3694,7.13,137.9,No Defect
201,3,2024-02-20 08:00:00,342.0,11888.6,97.87,4.0,2.1761,98.56,16.0,4.76,5.52,0.079,86.49,6,2212.03,0.4248,9.06,449.88,Defect
202,4,2024-02-20 14:00:00,185.0,5779.35,88.66,4.0,2.5508,97.23,20.0,2.04,4.19,0.0309,82.87,8,1923.47,0.2076,7.79,216.97,Defect
203,5,2024-02-20 20:00:00,895.0,16794.17,90.71,0.0,1.2967,90.49,5.0,0.81,5.39,0.0766,87.09,2,1893.56,0.1367,8.51,238.15,Defect
204,6,2024-02-21 02:00:00,677.0,8020.46,89.54,5.0,3.353,80.82,5.0,2.67,7.43,0.0945,93.3,8,3554.02,0.2343,8.03,229.6,Defect
205,1,2024-02-21 08:00:00,781.0,8879.31,87.78,1.0,2.1387,68.17,21.0,1.43,2.88,0.0976,94.68,0,2537.4,0.2168,9.81,180.12,Defect
206,2,2024-02-21 14:00:00,656.0,7470.6,97.75,3.0,4.3356,81.81,18.0,1.07,2.84,0.0894,89.38,4,1684.66,0.2804,7.82,273.8,Defect
207,3,2024-02-21 20:00:00,673.0,9953.23,97.88,3.0,3.9045,90.61,19.0,2.95,7.47,0.0204,92.9,1,4550.29,0.2056,2.89,271.32,Defect
208,4,2024-02-22 02:00:00,745.0,16351.27,86.72,3.0,3.2473,95.83,14.0,4.58,8.24,0.0195,84.21,0,4496.59,0.2359,8.12,263.5,Defect
209,5,2024-02-22 08:00:00,895.0,12790.79,92.3,4.0,2.1389,91.59,18.0,4.18,6.41,0.0626,97.2,2,4449.85,0.463,3.9,466.52,Defect
210,6,2024-02-22 14:00:00,127.0,8073.22,98.54,0.0,1.4447,67.81,1.0,0.91,3.45,0.0544,97.32,6,2562.98,0.2339,9.96,235.9,Defect
211,1,2024-02-22 20:00:00,719.0,18167.45,99.24,4.0,3.9927,83.99,7.0,3.83,5.45,0.001,86.41,2,1227.93,0.4142,4.39,112.15,Defect
212,2,2024-02-23 02:00:00,655.0,18193.73,90.18,4.0,2.6888,73.29,6.0,1.15,8.07,0.0392,90.95,9,1426.97,0.3503,3.64,171.37,Defect
213,3,2024-02-23 08:00:00,439.0,18058.68,89.06,5.0,1.5114,60.37,7.0,1.45,7.49,0.0907,92.13,9,2104.19,0.235,3.15,388.6,Defect
214,4,2024-02-23 14:00:00,897.0,8581.94,85.57,2.0,1.3783,68.01,12.0,4.6,2.88,0.0898,89.45,8,1879.88,0.4271,6.93,336.34,Defect
215,5,2024-02-23 20:00:00,430.0,11768.59,99.18,0.0,1.2443,64.53,21.0,4.56,9.75,0.0204,98.22,2,4495.94,0.338,1.98,480.69,Defect
216,6,2024-02-24 02:00:00,739.0,19774.84,82.86,3.0,3.9972,93.71,14.0,0.84,3.79,0.0382,94.79,5,4945.43,0.1034,9.58,377.77,Defect
217,1,2024-02-24 08:00:00,605.0,16580.19,91.6,1.0,1.5304,70.34,11.0,0.32,3.76,0.056,93.45,1,4266.69,0.1275,3.65,177.7,Defect
218,2,2024-02-24 14:00:00,447.0,5407.51,85.65,3.0,2.8699,71.39,14.0,1.47,5.68,0.0853,90.4,7,3919.4,0.4011,3.66,148.26,Defect
219,3,2024-02-24 20:00:00,572.0,5978.07,85.58,4.0,2.532,98.4,13.0,2.91,4.62,0.0532,81.7,9,3354.5,0.2786,1.41,308.3,Defect
220,4,2024-02-25 02:00:00,330.0,11958.97,88.1,0.0,3.1082,75.16,6.0,4.38,9.87,0.0968,82.16,4,4079.63,0.2622,3.21,366.11,Defect
221,5,2024-02-25 08:00:00,289.0,18638.3,99.98,0.0,4.4472,60.38,16.0,0.59,2.61,0.0799,85.98,1,4788.13,0.1583,4.77,166.25,Defect
222,6,2024-02-25 14:00:00,324.0,13080.53,81.1,0.0,4.4049,71.35,4.0,2.07,4.45,0.0953,84.23,6,3405.38,0.1629,4.33,340.68,Defect
223,1,2024-02-25 20:00:00,484.0,12467.19,91.57,2.0,2.5298,64.77,19.0,1.36,5.06,0.0731,99.05,2,1618.45,0.4191,3.46,446.01,Defect
224,2,2024-02-26 02:00:00,476.0,6582.11,81.65,3.0,0.5691,64.11,9.0,0.07,5.95,0.0878,88.2,4,1655.43,0.4316,1.37,391.03,Defect
225,3,2024-02-26 08:00:00,382.0,14851.7,83.09,2.0,2.419,63.1,18.0,3.94,2.13,0.0831,97.53,8,3335.45,0.324,3.71,365.68,Defect
226,4,2024-02-26 14:00:00,732.0,17331.55,88.79,5.0,3.2279,83.73,17.0,4.07,2.66,0.0254,96.36,0,2333.87,0.2181,8.0,415.73,Defect
227,5,2024-02-26 20:00:00,727.0,10706.3,90.21,1.0,3.0099,67.57,23.0,1.11,4.06,0.023,96.25,1,4640.99,0.4731,4.95,141.63,Defect
228,6,2024-02-27 02:00:00,844.0,16634.18,85.18,5.0,3.431,74.45,9.0,0.76,6.43,0.0864,84.31,4,3446.57,0.3496,3.62,181.53,Defect
229,1,2024-02-27 08:00:00,358.0,19467.15,86.33,4.0,1.1933,94.48,1.0,0.72,8.14,0.0085,88.95,3,3705.97,0.4187,3.74,115.24,No Defect
230,2,2024-02-27 14:00:00,458.0,8056.5,81.74,2.0,3.4094,76.97,5.0,2.32,7.49,0.0409,86.36,0,1023.28,0.1013,5.99,157.99,Defect
231,3,2024-02-27 20:00:00,809.0,12849.94,86.06,2.0,1.3219,96.63,2.0,1.23,6.54,0.0821,99.41,6,2995.39,0.2801,3.72,465.27,Defect
232,4,2024-02-28 02:00:00,555.0,9307.07,99.33,5.0,3.8774,79.92,18.0,2.56,5.18,0.0813,97.53,8,2724.66,0.4484,6.68,188.86,Defect
233,5,2024-02-28 08:00:00,510.0,16892.82,98.89,4.0,2.0259,75.95,4.0,1.92,8.97,0.0139,85.0,0,3823.49,0.2353,9.91,364.84,No Defect
234,6,2024-02-28 14:00:00,748.0,13663.9,86.7,0.0,3.6945,90.02,6.0,1.05,5.68,0.0488,86.27,7,2530.55,0.3906,1.37,376.63,Defect
235,1,2024-02-28 20:00:00,417.0,14518.74,91.42,4.0,0.7154,62.93,6.0,3.76,4.39,0.048,90.58,8,4906.3,0.3631,2.52,358.13,Defect
236,2,2024-02-29 02:00:00,776.0,16968.71,98.19,3.0,2.3354,63.58,9.0,0.75,7.03,0.0324,85.57,1,3680.81,0.1609,2.61,321.57,Defect
237,3,2024-02-29 08:00:00,324.0,10939.56,80.12,5.0,3.6727,86.08,0.0,3.99,7.54,0.0917,96.49,0,3639.67,0.41,5.02,294.45,Defect
238,4,2024-02-29 14:00:00,918.0,18726.35,96.21,4.0,1.5209,79.48,10.0,2.81,5.19,0.0653,96.38,5,4677.36,0.145,1.37,267.97,Defect
239,5,2024-02-29 20:00:00,333.0,12995.43,98.97,0.0,4.0788,91.62,22.0,4.16,2.23,0.098,94.49,6,4980.82,0.3912,5.3,466.76,Defect
240,6,2024-03-01 02:00:00,783.0,7369.32,81.83,4.0,3.3385,96.65,6.0,0.02,2.75,0.0067,93.79,1,1791.28,0.4964,9.36,103.81,Defect
241,1,2024-03-01 08:00:00,763.0,15438.49,83.23,2.0,3.144,75.53,5.0,3.75,8.76,0.0394,90.95,4,4242.13,0.4832,1.1,121.4,Defect
242,2,2024-03-01 14:00:00,926.0,16898.92,99.21,1.0,2.091,83.86,5.0,0.26,2.45,0.0835,86.94,4,1649.28,0.4201,4.28,297.0,Defect
243,3,2024-03-01 20:00:00,473.0,9751.43,90.75,2.0,2.671,80.03,12.0,4.75,6.74,0.0423,96.74,6,2828.17,0.3138,7.85,232.2,Defect
244,4,2024-03-02 02:00:00,771.0,17857.69,80.28,1.0,3.1881,99.26,15.0,3.51,3.47,0.0262,97.18,0,1400.74,0.3699,2.39,263.29,Defect
245,5,2024-03-02 08:00:00,707.0,18592.15,85.15,4.0,2.6261,93.24,12.0,1.6,3.83,0.0998,80.99,9,3493.48,0.3912,1.7,499.14,Defect
246,6,2024-03-02 14:00:00,571.0,9153.57,89.0,3.0,3.6424,96.47,1.0,1.6,4.19,0.0873,87.97,7,2874.07,0.1034,6.68,410.05,Defect
247,1,2024-03-02 20:00:00,332.0,19752.82,93.86,4.0,2.4516,70.17,18.0,4.31,2.31,0.0546,80.53,4,3514.8,0.1409,1.09,450.96,Defect
248,2,2024-03-03 02:00:00,791.0,7110.67,94.66,0.0,1.4102,90.9,18.0,4.51,3.42,0.0562,96.79,2,3711.84,0.3388,8.22,247.43,Defect
249,3,2024-03-03 08:00:00,212.0,8030.24,99.91,4.0,1.4627,70.62,18.0,4.46,7.2,0.0007,83.54,8,3477.73,0.1026,1.6,195.82,Defect
250,4,2024-03-03 14:00:00,929.0,7763.37,85.75,1.0,0.5261,68.35,17.0,4.04,5.99,0.0981,93.48,2,2176.12,0.4636,5.72,407.2,Defect
251,5,2024-03-03 20:00:00,596.0,18409.85,90.76,2.0,1.8543,97.77,5.0,4.1,8.38,0.0806,87.15,6,4347.84,0.2959,7.66,423.03,No Defect
252,6,2024-03-04 02:00:00,541.0,14814.39,90.67,3.0,3.8701,60.77,1.0,2.86,2.49,0.0037,96.32,9,3206.74,0.2031,3.18,319.96,Defect
253,1,2024-03-04 08:00:00,663.0,7281.56,88.11,4.0,4.0737,98.62,18.0,0.14,9.11,0.0176,90.19,6,2959.4,0.2575,1.93,458.38,Defect
254,2,2024-03-04 14:00:00,367.0,11604.85,83.38,4.0,1.4111,65.97,5.0,0.43,9.97,0.0821,86.49,9,4948.26,0.4403,2.58,486.93,Defect
255,3,2024-03-04 20:00:00,609.0,14229.47,99.55,2.0,4.8157,92.78,19.0,3.25,2.13,0.0087,86.48,7,2134.03,0.4709,8.69,288.41,Defect
256,4,2024-03-05 02:00:00,906.0,6251.96,97.07,3.0,2.7608,71.04,22.0,2.01,9.74,0.0942,86.54,9,3112.12,0.1465,7.35,189.07,Defect
257,5,2024-03-05 08:00:00,485.0,18236.25,89.97,5.0,4.6264,74.03,21.0,2.84,3.89,0.1,95.77,7,3729.3,0.4112,2.78,306.85,Defect
258,6,2024-03-05 14:00:00,486.0,17054.05,92.06,4.0,3.6804,68.67,14.0,1.16,7.54,0.0886,94.22,3,1500.9,0.3313,7.45,495.81,Defect
259,1,2024-03-05 20:00:00,212.0,12578.1,84.55,4.0,3.751,83.42,5.0,3.25,4.34,0.0739,86.38,0,2416.96,0.3342,7.38,217.17,Defect
260,2,2024-03-06 02:00:00,712.0,19506.9,90.88,5.0,0.8827,73.92,2.0,1.21,6.17,0.0487,89.8,3,4206.75,0.4118,9.98,347.04,Defect
261,3,2024-03-06 08:00:00,724.0,11266.41,93.9,1.0,1.49,86.3,10.0,2.3,6.08,0.0082,81.52,5,1947.03,0.1891,4.52,377.59,No Defect
262,4,2024-03-06 14:00:00,180.0,19761.65,90.3,1.0,0.5397,60.63,7.0,2.39,4.89,0.073,96.55,9,2973.16,0.3124,8.78,185.57,Defect
263,5,2024-03-06 20:00:00,798.0,15018.8,99.81,0.0,3.7226,62.57,21.0,0.89,7.74,0.0397,85.32,5,3522.52,0.2277,5.02,335.38,Defect
264,6,2024-03-07 02:00:00,212.0,14520.07,92.23,2.0,2.05,63.99,17.0,4.38,6.8,0.057,97.78,5,3684.65,0.1378,9.08,225.8,Defect
265,1,2024-03-07 08:00:00,101.0,7489.32,87.42,3.0,4.0399,76.76,16.0,2.63,6.07,0.0293,91.94,6,3913.24,0.142,1.82,441.68,Defect
266,2,2024-03-07 14:00:00,741.0,18228.92,95.44,4.0,2.0252,92.59,18.0,4.33,9.86,0.0242,91.36,0,4463.91,0.1546,2.58,385.9,Defect
267,3,2024-03-07 20:00:00,319.0,11412.35,83.41,4.0,4.187,95.53,18.0,1.31,9.52,0.0324,83.25,9,2571.44,0.346,8.65,430.51,Defect
268,4,2024-03-08 02:00:00,665.0,7433.5,87.69,0.0,1.0881,69.79,23.0,0.86,9.64,0.0814,81.39,0,3826.53,0.1423,8.37,179.87,Defect
269,5,2024-03-08 08:00:00,954.0,5189.11,86.94,4.0,1.2802,82.97,20.0,0.09,9.05,0.0426,91.05,6,3928.7,0.328,3.75,113.83,Defect
270,6,2024-03-08 14:00:00,835.0,13396.34,88.64,2.0,2.0339,90.73,16.0,0.47,4.04,0.0312,89.36,3,2201.1,0.3353,6.37,440.21,Defect
271,1,2024-03-08 20:00:00,324.0,12910.99,95.64,0.0,2.3382,71.55,3.0,0.74,4.8,0.0433,82.39,5,4872.63,0.4616,4.44,254.7,Defect
272,2,2024-03-09 02:00:00,484.0,15790.3,89.68,2.0,2.0692,76.36,6.0,0.39,3.85,0.0032,96.71,5,4460.88,0.3506,1.09,171.89,No Defect
273,3,2024-03-09 08:00:00,502.0,18353.87,95.88,0.0,3.9364,80.96,4.0,4.48,9.89,0.0891,88.34,8,2159.45,0.4942,1.23,136.76,Defect
274,4,2024-03-09 14:00:00,737.0,6191.1,91.53,4.0,0.9363,65.39,15.0,4.56,3.22,0.0552,85.21,1,3700.27,0.1124,1.49,306.6,Defect
275,5,2024-03-09 20:00:00,229.0,15972.45,86.84,0.0,2.0805,61.04,5.0,4.69,4.93,0.0105,95.77,3,3871.2,0.3817,6.35,160.05,Defect
276,6,2024-03-10 02:00:00,152.0,7811.18,96.2,1.0,4.2676,66.11,13.0,4.8,3.59,0.0288,98.26,3,2725.93,0.1106,3.51,326.68,Defect
277,1,2024-03-10 08:00:00,783.0,17872.66,84.77,3.0,0.8006,85.07,19.0,2.46,3.79,0.0984,86.12,6,4454.97,0.3918,2.3,390.92,Defect
278,2,2024-03-10 14:00:00,829.0,17285.95,84.49,4.0,4.7405,62.94,1.0,2.65,3.98,0.0593,95.52,0,3760.92,0.2543,9.47,314.02,Defect
279,3,2024-03-10 20:00:00,771.0,13111.91,90.09,5.0,4.9384,67.59,17.0,0.65,7.12,0.0291,93.05,4,3632.62,0.3445,2.09,461.48,Defect
280,4,2024-03-11 02:00:00,809.0,15653.64,85.22,3.0,0.8986,73.51,17.0,0.69,2.61,0.0426,99.79,3,1883.36,0.2238,7.07,162.23,Defect
281,5,2024-03-11 08:00:00,515.0,9715.25,80.18,4.0,1.8107,63.11,12.0,3.86,6.58,0.0258,84.08,1,2631.37,0.1636,9.05,297.58,Defect
282,6,2024-03-11 14:00:00,346.0,12067.52,92.97,3.0,2.1758,67.67,17.0,4.28,8.55,0.0032,99.21,4,2735.69,0.3894,2.47,165.28,Defect
283,1,2024-03-11 20:00:00,935.0,17324.55,90.22,1.0,3.9938,96.45,16.0,3.92,8.13,0.0842,86.31,8,3934.64,0.4618,2.93,450.36,Defect
284,2,2024-03-12 02:00:00,538.0,11888.98,88.91,3.0,3.1817,60.77,12.0,4.17,3.21,0.0292,88.24,7,3473.58,0.1734,6.16,472.9,Defect
285,3,2024-03-12 08:00:00,302.0,10366.97,99.34,0.0,3.3996,86.14,11.0,1.38,9.32,0.0838,87.18,8,1343.44,0.4683,5.58,260.0,Defect
286,4,2024-03-12 14:00:00,283.0,12413.19,91.42,3.0,3.9088,75.38,2.0,2.33,8.16,0.0479,85.37,6,2230.79,0.1561,5.69,222.3,Defect
287,5,2024-03-12 20:00:00,222.0,17423.74,97.27,4.0,1.0309,86.91,21.0,2.3,2.04,0.0183,93.86,9,2892.19,0.3943,5.99,211.73,Defect
288,6,2024-03-13 02:00:00,500.0,10028.12,82.79,5.0,4.2494,83.55,6.0,4.98,7.9,0.0802,91.78,6,3946.93,0.4838,9.55,443.89,Defect
289,1,2024-03-13 08:00:00,866.0,7606.42,91.38,5.0,3.6753,68.94,0.0,4.75,7.9,0.0377,86.11,1,3974.28,0.1589,1.48,372.98,Defect
290,2,2024-03-13 14:00:00,393.0,15680.21,97.36,2.0,3.098,93.89,4.0,2.99,5.97,0.0708,82.64,2,2962.17,0.274,7.84,452.24,Defect
291,3,2024-03-13 20:00:00,379.0,17389.67,91.66,3.0,4.5038,79.68,20.0,0.69,2.37,0.0837,86.35,9,1467.73,0.235,3.09,147.01,Defect
292,4,2024-03-14 02:00:00,936.0,6509.56,94.36,5.0,3.6514,92.9,0.0,1.29,6.64,0.0963,87.62,7,2171.61,0.2554,4.36,290.41,Defect
293,5,2024-03-14 08:00:00,983.0,8598.11,87.44,3.0,1.4076,76.24,3.0,1.82,8.13,0.0086,87.61,1,2018.77,0.4013,1.8,370.47,Defect
294,6,2024-03-14 14:00:00,709.0,7129.58,81.85,5.0,2.4339,99.39,0.0,4.37,4.17,0.0008,87.15,6,4124.11,0.3645,5.01,458.84,No Defect
295,1,2024-03-14 20:00:00,297.0,10219.12,89.16,3.0,2.7232,90.82,12.0,0.85,7.34,0.0548,80.97,5,1719.95,0.4875,8.24,252.81,Defect
296,2,2024-03-15 02:00:00,610.0,11755.26,87.89,4.0,0.7485,98.64,13.0,1.1,4.83,0.0264,89.28,9,2859.68,0.1742,1.89,225.24,Defect
297,3,2024-03-15 08:00:00,851.0,16232.4,97.34,3.0,4.7959,80.57,14.0,1.75,6.59,0.0469,96.72,3,3682.88,0.3173,3.48,465.19,Defect
298,4,2024-03-15 14:00:00,243.0,14767.21,84.88,4.0,1.0786,78.95,16.0,4.63,5.08,0.0073,83.61,3,4859.14,0.2797,4.36,119.01,Defect
299,5,2024-03-15 20:00:00,708.0,14313.93,99.33,4.0,3.6386,90.22,11.0,2.52,4.43,0.0502,82.91,2,4996.96,0.4675,1.94,291.84,Defect
300,6,2024-03-16 02:00:00,300.0,10285.62,99.16,2.0,2.778,95.21,6.0,3.23,8.85,0.0125,89.44,5,4811.69,0.1042,7.86,283.45,No Defect
301,1,2024-03-16 08:00:00,223.0,17621.71,84.95,5.0,0.6153,98.57,22.0,1.94,8.03,0.0839,87.41,2,3872.97,0.4957,8.08,158.42,Defect
302,2,2024-03-16 14:00:00,286.0,12069.31,86.96,0.0,4.6614,72.98,18.0,0.94,4.76,0.0759,91.23,8,3985.76,0.2919,8.52,257.98,Defect
303,3,2024-03-16 20:00:00,425.0,19686.57,97.91,4.0,4.3333,91.95,22.0,1.11,5.48,0.0074,98.94,3,4036.84,0.3502,6.26,389.04,Defect
304,4,2024-03-17 02:00:00,563.0,14512.13,99.33,5.0,2.8592,68.43,2.0,4.01,7.53,0.0836,95.22,3,4450.42,0.244,5.57,246.75,Defect
305,5,2024-03-17 08:00:00,448.0,6893.97,88.87,1.0,1.5302,81.82,17.0,4.47,8.49,0.0325,93.74,1,4807.14,0.441,3.36,223.86,Defect
306,6,2024-03-17 14:00:00,870.0,15142.66,86.42,3.0,1.0473,67.19,3.0,2.47,7.47,0.0353,88.32,1,2782.82,0.3248,6.9,412.76,Defect
307,1,2024-03-17 20:00:00,759.0,9876.56,90.52,1.0,2.1353,73.9,2.0,1.78,6.33,0.018,85.75,6,2666.04,0.3651,5.0,495.49,Defect
308,2,2024-03-18 02:00:00,863.0,15294.91,93.76,3.0,1.6494,97.25,11.0,4.04,9.64,0.0835,90.81,4,2841.86,0.3596,9.74,411.74,Defect
309,3,2024-03-18 08:00:00,502.0,6044.62,85.47,2.0,2.7801,65.84,22.0,3.37,8.19,0.0405,97.71,2,3639.27,0.2456,9.71,438.54,Defect
310,4,2024-03-18 14:00:00,445.0,7623.22,94.73,4.0,4.8488,85.3,11.0,0.2,2.92,0.0049,97.53,5,4101.78,0.1304,9.15,475.8,Defect
311,5,2024-03-18 20:00:00,610.0,17836.06,81.03,0.0,3.0873,83.72,16.0,1.75,6.47,0.0966,88.91,5,4482.18,0.4231,4.24,420.71,Defect
312,6,2024-03-19 02:00:00,246.0,8407.69,80.99,4.0,4.5047,64.83,5.0,3.41,5.28,0.0256,84.92,0,2824.84,0.2159,4.31,492.14,Defect
313,1,2024-03-19 08:00:00,247.0,17555.62,87.73,3.0,3.429,73.04,14.0,2.87,8.36,0.0936,84.51,2,2453.49,0.4396,8.67,398.91,Defect
314,2,2024-03-19 14:00:00,963.0,9189.14,87.07,0.0,2.6386,82.52,1.0,4.89,2.36,0.0301,80.68,4,4933.41,0.3435,7.56,364.61,Defect
315,3,2024-03-19 20:00:00,810.0,14643.23,86.31,4.0,4.3457,67.49,7.0,4.33,5.29,0.0831,96.85,6,1927.55,0.2415,7.34,377.34,Defect
316,4,2024-03-20 02:00:00,919.0,15412.26,89.82,0.0,2.6212,92.02,13.0,0.3,4.55,0.0664,85.3,3,1888.02,0.3377,3.52,460.03,Defect
317,5,2024-03-20 08:00:00,588.0,12689.82,86.41,3.0,4.4088,98.89,4.0,3.63,3.13,0.0861,87.18,7,3861.63,0.3582,8.5,373.2,Defect
318,6,2024-03-20 14:00:00,739.0,9579.66,83.85,2.0,1.8121,68.59,2.0,1.68,5.03,0.0976,96.18,2,1718.63,0.3827,6.21,404.48,Defect
319,1,2024-03-20 20:00:00,650.0,8189.67,86.19,2.0,1.0797,67.48,9.0,3.41,7.38,0.0871,82.4,5,2597.64,0.4289,5.02,186.4,Defect
320,2,2024-03-21 02:00:00,437.0,5497.84,99.5,4.0,4.3489,78.2,6.0,3.09,4.89,0.0404,89.22,5,2169.55,0.1639,8.79,465.06,Defect
321,3,2024-03-21 08:00:00,971.0,9559.2,88.22,1.0,3.1434,89.91,10.0,2.52,6.64,0.0815,82.45,8,1674.84,0.4777,4.55,278.89,Defect
322,4,2024-03-21 14:00:00,740.0,14797.44,88.89,3.0,4.5009,71.26,14.0,4.26,6.74,0.0712,88.84,3,3318.83,0.2643,6.89,164.43,Defect
323,5,2024-03-21 20:00:00,878.0,19074.57,91.53,4.0,4.7202,60.8,1.0,3.54,6.7,0.0062,80.94,6,2494.05,0.4442,5.19,419.91,Defect
324,6,2024-03-22 02:00:00,572.0,18068.07,99.67,4.0,0.7413,81.65,4.0,4.45,6.24,0.093,90.35,9,2848.94,0.1882,6.33,242.56,No Defect
325,1,2024-03-22 08:00:00,250.0,16490.97,84.83,2.0,2.7544,98.26,10.0,1.41,2.94,0.0466,95.91,0,1783.45,0.1116,1.36,173.65,No Defect
326,2,2024-03-22 14:00:00,514.0,16826.71,93.63,0.0,2.1873,75.65,7.0,1.74,3.75,0.0134,93.53,0,4071.47,0.3293,5.15,202.5,No Defect
327,3,2024-03-22 20:00:00,397.0,14974.77,94.32,3.0,3.3164,76.81,12.0,3.11,8.4,0.0425,90.18,1,2258.85,0.2299,6.01,113.98,Defect
328,4,2024-03-23 02:00:00,710.0,8904.3,92.15,0.0,4.0712,98.76,10.0,4.83,6.02,0.0603,96.58,3,2370.87,0.4938,5.43,136.25,Defect
329,5,2024-03-23 08:00:00,362.0,18607.93,81.77,5.0,1.7627,87.78,16.0,1.86,7.65,0.0573,84.56,5,2008.62,0.1418,8.63,337.05,Defect
330,6,2024-03-23 14:00:00,863.0,15060.98,93.54,5.0,3.0056,88.77,14.0,0.16,6.56,0.0575,96.62,3,2737.61,0.1189,3.8,446.49,Defect
331,1,2024-03-23 20:00:00,243.0,13406.61,81.28,3.0,3.6893,82.51,0.0,2.23,2.31,0.0256,85.53,5,2854.31,0.118,8.96,279.41,Defect
332,2,2024-03-24 02:00:00,445.0,6664.84,91.92,1.0,1.1049,98.98,18.0,2.72,8.37,0.0633,87.25,1,3118.67,0.1867,4.63,350.42,Defect
333,3,2024-03-24 08:00:00,723.0,11705.83,94.79,5.0,4.1633,87.55,15.0,4.0,2.51,0.0907,82.57,8,4870.27,0.3317,7.25,423.89,Defect
334,4,2024-03-24 14:00:00,671.0,11905.37,84.22,2.0,3.2275,95.8,18.0,3.64,9.55,0.0389,82.04,2,4618.77,0.3022,1.78,242.71,Defect
335,5,2024-03-24 20:00:00,980.0,17968.45,96.83,1.0,4.7729,87.98,12.0,4.82,3.72,0.0631,98.64,6,3437.57,0.24,2.8,361.73,Defect
336,6,2024-03-25 02:00:00,101.0,13199.72,80.61,4.0,2.0279,89.4,22.0,3.91,6.1,0.0244,83.8,0,1155.61,0.1355,7.85,240.17,Defect
337,1,2024-03-25 08:00:00,996.0,10706.01,96.88,5.0,0.9867,71.62,21.0,1.49,2.51,0.0048,86.67,7,3449.04,0.1935,1.11,357.09,Defect
338,2,2024-03-25 14:00:00,403.0,19652.0,89.21,2.0,2.7793,72.14,22.0,3.21,9.16,0.0586,90.58,3,1358.67,0.1737,9.72,187.04,Defect
339,3,2024-03-25 20:00:00,353.0,6660.81,84.35,4.0,0.8861,91.32,3.0,3.36,9.84,0.0048,86.96,4,3841.38,0.3983,2.72,491.14,No Defect
340,4,2024-03-26 02:00:00,751.0,11338.23,82.68,1.0,4.8629,71.87,10.0,4.99,3.17,0.0724,97.4,6,2560.31,0.412,9.11,130.47,Defect
341,5,2024-03-26 08:00:00,552.0,5630.37,99.07,3.0,0.6741,82.51,17.0,0.69,4.37,0.067,98.01,2,4350.79,0.4108,5.64,302.09,Defect
342,6,2024-03-26 14:00:00,136.0,16098.56,81.45,4.0,3.8908,69.97,17.0,0.96,2.13,0.0369,86.52,8,4770.12,0.4876,6.08,214.52,Defect
343,1,2024-03-26 20:00:00,259.0,18771.15,83.98,0.0,2.863,92.68,9.0,0.78,8.3,0.0411,81.84,8,2668.44,0.4537,1.76,340.34,No Defect
344,2,2024-03-27 02:00:00,108.0,9200.56,86.96,3.0,2.1588,64.42,16.0,2.95,4.49,0.0918,84.2,7,2842.22,0.2991,4.29,271.32,Defect
345,3,2024-03-27 08:00:00,332.0,17875.13,92.4,3.0,0.7963,93.18,12.0,0.68,6.71,0.0013,89.49,0,3360.59,0.266,2.41,222.67,Defect
346,4,2024-03-27 14:00:00,198.0,9383.27,90.9,1.0,3.2998,84.11,13.0,3.28,2.31,0.0563,85.77,1,1788.53,0.4663,5.73,200.02,Defect
347,5,2024-03-27 20:00:00,758.0,18661.55,82.51,1.0,3.1335,67.48,6.0,4.02,7.72,0.0923,89.07,1,4709.33,0.3445,5.96,173.0,Defect
348,6,2024-03-28 02:00:00,915.0,16309.43,85.79,2.0,1.764,81.68,9.0,2.16,6.24,0.0914,95.17,2,2732.0,0.2178,7.39,413.15,Defect
349,1,2024-03-28 08:00:00,307.0,17073.6,84.78,2.0,4.596,71.3,2.0,2.8,7.8,0.0585,88.41,1,1667.28,0.3258,8.9,188.88,Defect
350,2,2024-03-28 14:00:00,230.0,5270.1,84.27,0.0,1.8685,72.94,1.0,4.56,8.32,0.0381,83.94,0,4050.93,0.4969,5.21,409.41,Defect
351,3,2024-03-28 20:00:00,503.0,19442.16,88.22,3.0,2.5238,74.06,18.0,2.85,2.71,0.0099,87.16,4,1876.61,0.4398,3.1,294.02,Defect
352,4,2024-03-29 02:00:00,251.0,15900.06,94.08,0.0,2.9469,62.53,6.0,1.04,6.62,0.0174,94.86,5,1574.12,0.2125,4.0,128.89,Defect
353,5,2024-03-29 08:00:00,153.0,9571.27,84.35,0.0,0.951,99.44,4.0,1.72,7.2,0.068,88.48,6,3251.49,0.4812,8.62,166.18,No Defect
354,6,2024-03-29 14:00:00,219.0,17440.92,87.33,1.0,4.6947,61.26,2.0,2.65,6.13,0.0017,84.99,9,3685.98,0.4926,2.31,457.16,Defect
355,1,2024-03-29 20:00:00,772.0,9222.82,87.82,0.0,2.1854,86.5,1.0,0.77,3.46,0.0883,88.55,6,3278.25,0.1925,6.65,341.13,No Defect
356,2,2024-03-30 02:00:00,727.0,18091.31,99.53,0.0,0.8635,74.85,22.0,3.06,8.36,0.0588,89.1,1,3626.04,0.4582,1.12,173.73,Defect
357,3,2024-03-30 08:00:00,686.0,6688.71,99.09,4.0,2.2428,85.84,21.0,5.0,9.98,0.0045,85.93,6,1462.1,0.4533,3.21,381.51,Defect
358,4,2024-03-30 14:00:00,724.0,15555.29,96.0,2.0,3.2009,74.25,5.0,3.26,9.75,0.024,99.91,1,2904.07,0.1159,6.32,429.3,Defect
359,5,2024-03-30 20:00:00,519.0,13110.48,84.83,2.0,2.8114,86.95,13.0,1.86,8.22,0.0594,95.35,1,2428.07,0.3679,5.11,232.26,Defect
360,6,2024-03-31 02:00:00,521.0,6448.02,81.36,3.0,3.6254,89.17,6.0,1.66,5.34,0.0036,93.85,5,4893.47,0.2221,5.44,322.64,Defect
361,1,2024-03-31 08:00:00,203.0,8628.41,86.34,2.0,0.7497,87.62,21.0,4.66,4.7,0.078,97.1,5,1198.5,0.3698,6.95,217.38,Defect
362,2,2024-03-31 14:00:00,951.0,5186.06,85.34,5.0,1.7804,64.56,1.0,4.36,2.55,0.092,93.33,7,2193.18,0.4654,3.11,132.02,Defect
363,3,2024-03-31 20:00:00,353.0,12031.52,90.12,3.0,4.1865,86.28,10.0,2.36,5.33,0.0961,95.82,4,4767.45,0.2995,3.53,259.8,Defect
364,4,2024-04-01 02:00:00,326.0,9518.98,95.55,4.0,0.8595,71.2,20.0,1.77,3.25,0.0734,88.25,4,4933.98,0.2658,7.16,400.57,Defect
365,5,2024-04-01 08:00:00,211.0,13975.36,97.17,2.0,4.3497,61.15,2.0,3.55,4.03,0.0857,90.01,9,4299.61,0.4686,5.84,283.47,Defect
366,6,2024-04-01 14:00:00,609.0,9458.57,96.9,4.0,0.9135,76.59,8.0,1.57,9.14,0.0611,80.94,0,1303.99,0.4896,1.13,262.11,No Defect
367,1,2024-04-01 20:00:00,572.0,9498.79,87.19,2.0,4.255,77.34,7.0,0.6,9.75,0.0459,85.61,3,3245.42,0.1249,7.03,246.4,Defect
368,2,2024-04-02 02:00:00,198.0,16147.9,93.74,2.0,2.1235,78.69,10.0,1.55,9.59,0.0713,87.36,0,2600.49,0.4691,6.58,283.57,No Defect
369,3,2024-04-02 08:00:00,252.0,5722.14,86.26,4.0,3.2549,88.19,17.0,2.17,3.55,0.0224,92.51,9,4225.81,0.1331,1.71,227.29,Defect
370,4,2024-04-02 14:00:00,960.0,18543.42,81.22,0.0,1.188,72.35,0.0,1.28,9.21,0.011,89.28,4,1220.1,0.2349,7.73,344.87,Defect
371,5,2024-04-02 20:00:00,995.0,17783.96,94.03,0.0,0.7978,72.61,14.0,1.08,3.13,0.0762,92.16,7,1788.52,0.405,5.7,125.43,Defect
372,6,2024-04-03 02:00:00,977.0,15017.07,80.2,0.0,1.4717,62.42,3.0,0.03,6.06,0.0958,94.27,0,2956.78,0.4108,2.84,422.96,Defect
373,1,2024-04-03 08:00:00,437.0,13898.32,88.18,5.0,1.0753,87.47,3.0,3.15,7.15,0.0577,80.85,2,1630.59,0.3903,6.03,169.27,No Defect
374,2,2024-04-03 14:00:00,805.0,18384.54,86.59,0.0,1.9058,82.71,9.0,3.07,5.7,0.0483,85.17,0,3770.86,0.1156,6.36,353.38,Defect
375,3,2024-04-03 20:00:00,921.0,7779.95,93.87,2.0,2.8147,73.98,10.0,0.94,9.61,0.0534,83.42,5,4283.07,0.1532,9.28,279.95,Defect
376,4,2024-04-04 02:00:00,262.0,6184.54,95.32,1.0,3.1494,88.21,17.0,4.72,4.67,0.0478,83.75,9,3818.08,0.4745,7.68,409.4,Defect
377,5,2024-04-04 08:00:00,819.0,8592.65,86.08,4.0,4.0544,81.49,22.0,2.05,6.22,0.0442,90.06,0,2761.13,0.1326,3.72,430.46,Defect
378,6,2024-04-04 14:00:00,780.0,16918.67,96.23,1.0,3.4531,78.77,14.0,0.13,2.6,0.0947,94.8,9,4513.55,0.1314,2.06,181.68,Defect
379,1,2024-04-04 20:00:00,260.0,5520.05,85.88,5.0,3.2394,80.45,2.0,1.1,8.82,0.048,85.46,2,1550.74,0.4343,8.68,370.87,Defect
380,2,2024-04-05 02:00:00,679.0,13742.1,88.93,1.0,2.353,85.45,6.0,3.46,5.31,0.0081,96.49,4,2041.35,0.3565,8.61,175.96,No Defect
381,3,2024-04-05 08:00:00,900.0,19931.56,94.54,3.0,2.6321,86.4,6.0,1.01,7.6,0.0766,97.85,4,2958.16,0.2407,2.58,149.6,Defect
382,4,2024-04-05 14:00:00,497.0,17835.44,93.86,0.0,2.3653,71.56,16.0,0.27,7.46,0.0392,87.01,1,1245.35,0.1663,1.56,472.12,Defect
383,5,2024-04-05 20:00:00,376.0,12821.69,99.75,5.0,4.2897,65.63,21.0,3.09,7.41,0.0711,93.63,2,1382.74,0.4537,7.41,165.76,Defect
384,6,2024-04-06 02:00:00,915.0,5954.61,84.5,2.0,1.535,66.27,19.0,2.59,6.06,0.058,82.34,8,2589.77,0.4954,7.5,191.25,Defect
385,1,2024-04-06 08:00:00,603.0,17470.6,93.25,0.0,0.5257,85.58,23.0,3.81,4.22,0.0713,94.88,0,4775.55,0.12,2.59,152.13,Defect
386,2,2024-04-06 14:00:00,995.0,13984.68,92.19,0.0,3.4309,94.91,15.0,3.86,7.0,0.0062,83.3,0,4633.65,0.3216,7.01,288.12,Defect
387,3,2024-04-06 20:00:00,491.0,6723.99,98.3,1.0,1.4111,76.38,15.0,4.8,9.69,0.0034,93.75,1,2863.9,0.2045,3.51,467.84,Defect
388,4,2024-04-07 02:00:00,234.0,6407.86,83.13,3.0,4.5055,66.78,7.0,0.29,8.67,0.0379,88.44,7,1568.63,0.433,3.35,205.62,Defect
389,5,2024-04-07 08:00:00,294.0,18644.4,95.04,0.0,4.3657,90.26,2.0,0.19,2.87,0.0693,98.57,5,1712.43,0.2384,3.92,316.74,Defect
390,6,2024-04-07 14:00:00,500.0,15038.0,91.37,4.0,0.8453,93.3,19.0,4.94,2.19,0.0224,89.29,3,2510.18,0.3859,5.68,264.58,Defect
391,1,2024-04-07 20:00:00,739.0,17439.3,85.49,4.0,0.9787,95.22,14.0,3.22,5.99,0.0433,80.62,6,1840.3,0.3158,8.24,234.4,Defect
392,2,2024-04-08 02:00:00,132.0,18184.68,89.49,0.0,2.7283,84.27,0.0,3.58,8.21,0.0981,89.61,5,1331.9,0.3166,5.49,328.86,No Defect
393,3,2024-04-08 08:00:00,787.0,13576.59,86.68,1.0,3.2415,94.43,9.0,0.48,4.51,0.0215,95.91,8,3695.11,0.4432,3.68,323.56,Defect
394,4,2024-04-08 14:00:00,559.0,12761.7,91.59,1.0,1.7371,60.62,1.0,0.35,7.61,0.0848,92.94,5,3325.79,0.2882,8.96,243.75,Defect
395,5,2024-04-08 20:00:00,982.0,11456.41,97.78,2.0,3.7256,64.29,6.0,0.8,9.46,0.0825,99.33,1,2165.19,0.4382,1.5,440.23,Defect
396,6,2024-04-09 02:00:00,569.0,9754.2,91.39,5.0,3.1771,63.7,13.0,2.14,5.67,0.0891,96.87,2,4115.79,0.2454,8.17,121.27,Defect
397,1,2024-04-09 08:00:00,474.0,11518.94,92.63,5.0,1.9617,88.5,15.0,0.55,3.95,0.0915,90.53,8,4103.8,0.1699,8.06,134.1,Defect
398,2,2024-04-09 14:00:00,121.0,16608.19,90.37,5.0,0.6142,62.78,14.0,2.23,9.34,0.0507,84.13,6,2964.01,0.2822,3.28,496.31,Defect
399,3,2024-04-09 20:00:00,849.0,14028.85,81.02,3.0,3.8757,79.85,6.0,2.81,5.78,0.0682,80.08,5,1386.13,0.2993,2.78,399.07,Defect
400,4,2024-04-10 02:00:00,769.0,18387.85,84.66,1.0,1.4664,78.91,12.0,0.0,5.26,0.0619,99.61,4,4673.88,0.2914,8.87,421.57,Defect
401,5,2024-04-10 08:00:00,137.0,11650.7,89.84,2.0,4.2551,72.43,9.0,0.57,4.83,0.0309,98.77,2,3674.64,0.4233,6.03,341.08,Defect
402,6,2024-04-10 14:00:00,329.0,14106.34,86.2,4.0,2.3913,94.82,8.0,1.88,5.38,0.028,85.48,3,1988.2,0.3259,1.41,267.94,No Defect
403,1,2024-04-10 20:00:00,464.0,14469.61,83.64,5.0,3.0968,66.82,8.0,0.27,7.39,0.0342,92.76,0,3441.82,0.4554,9.02,351.69,Defect
404,2,2024-04-11 02:00:00,662.0,13875.46,90.08,4.0,4.4283,74.1,5.0,0.67,5.47,0.0218,94.58,4,2620.09,0.3057,4.14,137.03,Defect
405,3,2024-04-11 08:00:00,537.0,15539.51,86.46,4.0,4.3863,90.97,23.0,1.16,4.59,0.0757,91.56,6,3541.4,0.1899,4.08,403.11,Defect
406,4,2024-04-11 14:00:00,875.0,8561.5,85.16,0.0,2.1718,61.22,11.0,2.15,7.95,0.0965,96.86,1,2895.48,0.1518,6.79,316.3,Defect
407,5,2024-04-11 20:00:00,382.0,12685.46,89.28,3.0,1.44,86.92,22.0,3.57,3.62,0.0868,81.56,7,2941.89,0.4473,6.95,482.69,Defect
408,6,2024-04-12 02:00:00,126.0,6563.37,82.67,2.0,3.9882,92.66,19.0,0.66,3.62,0.0218,97.93,9,3943.53,0.1225,4.18,354.99,Defect
409,1,2024-04-12 08:00:00,325.0,10767.67,98.55,3.0,2.4489,97.29,19.0,3.69,7.57,0.0052,87.84,5,3454.9,0.147,2.29,160.68,Defect
410,2,2024-04-12 14:00:00,376.0,12315.01,97.35,0.0,1.3642,95.05,21.0,4.28,8.93,0.0757,89.61,9,1319.81,0.1255,5.97,291.02,Defect
411,3,2024-04-12 20:00:00,897.0,14783.36,94.15,2.0,4.5699,72.78,13.0,3.26,3.93,0.039,88.89,2,1261.49,0.2695,6.63,123.13,Defect
412,4,2024-04-13 02:00:00,708.0,19257.97,82.12,2.0,1.3915,83.45,19.0,0.22,3.53,0.0825,90.63,1,2220.04,0.313,8.74,398.17,Defect
413,5,2024-04-13 08:00:00,383.0,14009.77,95.52,1.0,0.6161,63.09,6.0,2.2,7.36,0.0779,91.96,7,2720.98,0.1079,5.36,300.73,Defect
414,6,2024-04-13 14:00:00,978.0,16153.91,96.16,3.0,0.5913,70.31,7.0,3.3,6.97,0.0625,94.21,3,2100.89,0.3062,6.81,247.86,Defect
415,1,2024-04-13 20:00:00,580.0,12593.99,95.36,3.0,3.3004,63.77,7.0,4.89,5.58,0.0255,90.5,6,3605.84,0.2575,1.49,487.42,Defect
416,2,2024-04-14 02:00:00,552.0,14511.56,82.28,1.0,3.4775,72.61,7.0,4.76,2.77,0.0104,93.7,6,1780.43,0.4095,9.05,476.24,Defect
417,3,2024-04-14 08:00:00,928.0,6063.98,92.88,4.0,1.8997,95.01,1.0,1.98,2.73,0.0253,86.77,9,3816.56,0.432,3.94,481.13,Defect
418,4,2024-04-14 14:00:00,915.0,8815.87,96.69,0.0,1.94,73.89,13.0,3.08,8.22,0.051,98.73,8,4092.6,0.374,6.69,188.39,Defect
419,5,2024-04-14 20:00:00,758.0,10427.8,91.55,3.0,2.0277,82.48,9.0,4.45,5.61,0.0979,81.29,9,1497.28,0.2894,9.24,391.43,No Defect
420,6,2024-04-15 02:00:00,615.0,12087.4,92.93,1.0,3.5607,77.34,17.0,4.16,8.86,0.0064,90.91,7,3603.22,0.1865,8.29,478.15,Defect
421,1,2024-04-15 08:00:00,646.0,5684.73,89.17,2.0,0.7616,78.36,17.0,2.4,6.6,0.02,81.75,7,4845.74,0.4388,6.74,328.35,Defect
422,2,2024-04-15 14:00:00,291.0,7100.36,90.57,5.0,4.681,98.78,17.0,1.31,6.95,0.0627,88.86,6,1771.3,0.2367,7.33,185.66,Defect
423,3,2024-04-15 20:00:00,148.0,9152.21,80.69,1.0,1.5013,71.85,15.0,0.69,9.47,0.0304,85.15,9,4637.21,0.2425,9.29,427.12,Defect
424,4,2024-04-16 02:00:00,611.0,19572.99,92.78,5.0,4.9985,85.09,19.0,2.44,3.32,0.0859,98.74,4,3424.19,0.4664,8.31,451.97,Defect
425,5,2024-04-16 08:00:00,116.0,9970.21,81.63,4.0,1.2719,76.8,4.0,3.61,6.34,0.0139,80.26,8,3363.78,0.4902,6.49,381.29,No Defect
426,6,2024-04-16 14:00:00,271.0,12230.62,88.7,0.0,3.972,62.45,19.0,4.85,2.47,0.0963,87.82,6,1207.69,0.4593,6.93,217.42,Defect
427,1,2024-04-16 20:00:00,319.0,7941.47,85.85,5.0,1.5054,79.57,4.0,4.31,4.87,0.0912,95.64,2,3993.2,0.4993,2.33,176.28,No Defect
428,2,2024-04-17 02:00:00,257.0,14161.7,90.91,4.0,0.8638,92.53,19.0,1.02,3.18,0.0888,83.77,5,2913.09,0.4476,5.23,349.71,Defect
429,3,2024-04-17 08:00:00,576.0,9210.25,82.67,5.0,4.4372,63.95,22.0,3.6,3.5,0.0173,96.31,2,3884.7,0.3817,3.71,293.12,Defect
430,4,2024-04-17 14:00:00,145.0,8104.89,93.83,2.0,4.3644,62.78,9.0,1.45,9.48,0.0329,97.19,5,4236.72,0.2175,4.89,367.51,Defect
431,5,2024-04-17 20:00:00,472.0,12748.59,95.9,2.0,2.3161,66.15,16.0,3.42,6.89,0.0804,94.16,7,3095.19,0.4812,6.96,144.68,Defect
432,6,2024-04-18 02:00:00,617.0,5082.59,83.27,2.0,3.6608,90.58,12.0,3.33,9.14,0.0808,84.18,8,2054.58,0.4507,2.34,154.37,Defect
433,1,2024-04-18 08:00:00,198.0,5114.96,82.09,2.0,3.0068,88.96,16.0,1.36,5.55,0.0705,85.44,1,1566.29,0.1963,1.16,245.16,Defect
434,2,2024-04-18 14:00:00,991.0,8286.03,82.91,1.0,4.3383,82.6,17.0,1.17,6.78,0.0448,83.34,5,1642.01,0.2957,4.57,203.5,Defect
435,3,2024-04-18 20:00:00,844.0,5550.82,97.54,2.0,1.9178,78.73,12.0,0.52,2.26,0.0312,83.68,2,4467.74,0.128,3.9,347.74,Defect
436,4,2024-04-19 02:00:00,136.0,6620.39,90.56,2.0,2.8565,95.53,16.0,0.25,5.76,0.0963,80.73,6,1494.31,0.4813,4.78,247.02,Defect
437,5,2024-04-19 08:00:00,379.0,10082.91,89.35,1.0,2.6842,90.67,14.0,4.29,6.51,0.0139,97.15,3,2538.78,0.3291,9.38,373.59,Defect
438,6,2024-04-19 14:00:00,448.0,17038.79,82.13,2.0,2.0926,92.48,11.0,0.25,2.13,0.0044,90.57,4,2337.1,0.1981,7.36,407.52,Defect
439,1,2024-04-19 20:00:00,596.0,13580.73,92.99,4.0,4.5115,92.53,9.0,0.44,8.32,0.0009,86.56,9,4461.82,0.217,3.95,174.87,Defect
440,2,2024-04-20 02:00:00,401.0,12690.02,97.36,4.0,1.2465,85.71,12.0,1.19,4.36,0.0775,85.79,5,2910.77,0.4923,2.61,467.93,Defect
441,3,2024-04-20 08:00:00,280.0,9402.33,96.56,3.0,1.1728,78.32,10.0,4.44,5.62,0.0057,90.89,7,4985.79,0.3462,6.57,414.86,No Defect
442,4,2024-04-20 14:00:00,706.0,18976.31,92.52,4.0,3.0961,94.59,2.0,1.66,6.29,0.0539,86.53,1,3948.22,0.2683,6.92,350.71,Defect
443,5,2024-04-20 20:00:00,198.0,10955.23,81.51,0.0,3.4587,97.04,21.0,0.96,9.94,0.0367,97.27,3,4403.69,0.2999,5.35,463.57,Defect
444,6,2024-04-21 02:00:00,799.0,6306.39,82.25,0.0,1.3758,60.95,9.0,3.58,2.79,0.0147,84.22,3,1394.69,0.1394,2.91,206.35,Defect
445,1,2024-04-21 08:00:00,215.0,14256.0,80.99,0.0,2.2582,62.06,10.0,1.6,6.44,0.0741,97.65,5,2012.41,0.13,1.26,268.69,Defect
446,2,2024-04-21 14:00:00,290.0,6707.58,85.15,1.0,4.7595,98.35,5.0,1.67,6.24,0.0055,93.28,3,1541.78,0.3371,3.39,134.31,Defect
447,3,2024-04-21 20:00:00,352.0,10178.35,82.71,4.0,1.6098,71.09,0.0,3.69,2.55,0.0318,99.13,4,2854.49,0.3048,5.11,282.47,Defect
448,4,2024-04-22 02:00:00,260.0,12611.18,85.2,0.0,3.5076,94.93,5.0,1.26,7.07,0.0562,80.3,4,3873.15,0.2437,8.09,302.56,Defect
449,5,2024-04-22 08:00:00,355.0,18113.34,87.7,3.0,3.8307,75.55,4.0,4.48,4.29,0.0402,81.18,7,1676.25,0.3264,8.68,346.43,Defect
450,6,2024-04-22 14:00:00,422.0,12403.2,98.86,1.0,2.5166,64.76,6.0,2.81,2.83,0.0259,90.02,3,1520.67,0.1291,4.72,125.62,Defect
451,1,2024-04-22 20:00:00,227.0,15533.88,92.21,3.0,4.7189,63.22,21.0,2.69,3.43,0.0926,98.25,5,3458.43,0.4776,8.17,112.99,Defect
452,2,2024-04-23 02:00:00,117.0,19892.25,96.7,4.0,3.815,66.26,11.0,1.32,8.59,0.0931,94.62,6,1921.25,0.2175,9.94,267.96,Defect
453,3,2024-04-23 08:00:00,892.0,6972.34,94.21,2.0,2.5607,70.0,11.0,4.18,2.83,0.0416,92.44,7,2917.3,0.1287,7.45,175.65,Defect
454,4,2024-04-23 14:00:00,834.0,9120.97,82.25,3.0,3.062,79.54,6.0,2.86,5.74,0.0394,80.63,8,1204.47,0.1678,7.56,403.52,Defect
455,5,2024-04-23 20:00:00,665.0,10918.64,94.72,2.0,3.6168,88.06,1.0,0.78,3.56,0.0307,87.08,9,3722.45,0.1382,9.19,367.49,Defect
456,6,2024-04-24 02:00:00,669.0,11327.42,85.5,1.0,3.1649,99.46,0.0,1.03,3.3,0.0856,86.92,7,3165.27,0.1714,4.04,230.33,Defect
457,1,2024-04-24 08:00:00,422.0,11165.32,92.78,3.0,4.4541,77.66,22.0,2.34,3.65,0.0568,90.84,3,3589.69,0.2667,1.1,118.31,Defect
458,2,2024-04-24 14:00:00,971.0,18614.17,86.82,3.0,2.106,80.73,17.0,3.9,5.94,0.009,85.16,3,2101.63,0.3952,9.88,172.98,Defect
459,3,2024-04-24 20:00:00,785.0,15710.49,99.95,5.0,1.8495,80.87,11.0,4.7,3.9,0.0853,85.34,9,2114.41,0.2089,5.41,376.67,Defect
460,4,2024-04-25 02:00:00,891.0,14118.58,85.27,1.0,1.4623,81.58,6.0,3.32,2.77,0.0535,92.42,4,4205.44,0.2744,8.07,496.07,Defect
461,5,2024-04-25 08:00:00,725.0,9640.59,85.58,1.0,0.67,80.71,18.0,2.53,8.41,0.0416,98.89,2,3874.25,0.4715,8.31,230.58,Defect
462,6,2024-04-25 14:00:00,387.0,17356.86,98.61,0.0,0.6936,60.35,21.0,1.25,6.32,0.0338,93.2,1,3318.91,0.2183,4.58,420.8,Defect
463,1,2024-04-25 20:00:00,953.0,19325.91,80.49,4.0,4.4152,60.07,2.0,3.36,3.25,0.0099,93.36,1,3512.57,0.4179,5.87,446.84,Defect
464,2,2024-04-26 02:00:00,762.0,17317.97,93.93,3.0,3.5528,63.91,9.0,4.91,5.77,0.0957,99.72,8,1376.18,0.1631,5.86,119.27,Defect
465,3,2024-04-26 08:00:00,738.0,5023.48,94.51,3.0,3.4724,64.06,10.0,2.38,2.55,0.0741,83.07,7,4424.69,0.1713,2.98,466.49,Defect
466,4,2024-04-26 14:00:00,254.0,14546.02,96.73,1.0,3.2659,88.2,4.0,0.81,6.64,0.0132,80.68,5,4079.63,0.2825,2.06,286.48,Defect
467,5,2024-04-26 20:00:00,589.0,5767.03,99.49,1.0,4.3215,68.2,1.0,0.52,4.72,0.0511,94.91,8,3361.97,0.1936,5.89,485.7,Defect
468,6,2024-04-27 02:00:00,485.0,8864.11,99.51,4.0,2.6612,95.79,7.0,1.35,2.83,0.0556,88.78,4,4674.38,0.4612,2.08,315.42,No Defect
469,1,2024-04-27 08:00:00,884.0,5892.87,81.31,1.0,4.4168,97.14,13.0,2.85,3.47,0.0168,88.58,9,1674.55,0.1203,4.11,194.06,Defect
470,2,2024-04-27 14:00:00,203.0,14056.93,96.44,2.0,2.1175,99.04,7.0,4.73,4.77,0.0427,84.51,0,3746.63,0.3389,2.67,489.87,No Defect
471,3,2024-04-27 20:00:00,492.0,15298.85,92.93,2.0,4.6702,97.56,22.0,1.5,8.45,0.0646,90.14,7,4851.93,0.3417,7.36,197.32,Defect
472,4,2024-04-28 02:00:00,910.0,6717.31,92.95,5.0,3.644,70.88,5.0,1.53,3.39,0.0284,88.84,2,2240.04,0.1264,8.85,452.99,Defect
473,5,2024-04-28 08:00:00,345.0,10757.58,82.57,2.0,1.6573,80.39,0.0,2.41,2.88,0.0332,86.91,8,1061.17,0.393,6.2,169.25,No Defect
474,6,2024-04-28 14:00:00,275.0,11843.55,93.0,2.0,3.0384,67.02,23.0,4.59,6.13,0.0122,88.85,0,3939.47,0.2876,4.69,369.91,Defect
475,1,2024-04-28 20:00:00,138.0,10535.8,99.65,4.0,2.8986,92.25,0.0,2.1,6.47,0.0413,87.68,2,1027.92,0.3892,9.97,264.52,No Defect
476,2,2024-04-29 02:00:00,576.0,6815.38,98.24,3.0,1.1205,95.54,7.0,1.12,2.72,0.0584,98.8,0,4490.13,0.4308,1.19,488.81,No Defect
477,3,2024-04-29 08:00:00,781.0,11284.22,88.78,2.0,3.1606,94.05,10.0,0.82,4.28,0.0117,99.61,0,1225.21,0.2292,3.74,173.91,Defect
478,4,2024-04-29 14:00:00,858.0,16267.67,80.8,5.0,1.9165,77.33,17.0,2.29,4.1,0.0615,96.8,5,3611.06,0.2938,3.51,263.52,Defect
479,5,2024-04-29 20:00:00,637.0,6065.11,87.25,1.0,0.7356,90.35,23.0,4.0,3.49,0.0398,99.81,3,2508.74,0.2043,4.21,355.91,Defect
480,6,2024-04-30 02:00:00,966.0,6202.7,96.53,2.0,4.769,63.9,9.0,1.46,4.53,0.0678,85.31,9,1813.36,0.1806,3.08,491.05,Defect
481,1,2024-04-30 08:00:00,917.0,10321.57,94.03,5.0,3.3867,61.61,11.0,2.56,2.3,0.0315,96.86,3,4593.03,0.1002,3.38,221.55,Defect
482,2,2024-04-30 14:00:00,507.0,19125.89,89.19,4.0,4.4461,90.13,19.0,3.02,7.21,0.0568,88.13,4,3984.98,0.4855,3.32,258.75,Defect
483,3,2024-04-30 20:00:00,624.0,15028.59,81.1,1.0,3.5423,77.01,22.0,2.25,9.91,0.0613,94.92,2,2361.76,0.2764,5.55,284.72,Defect
484,4,2024-05-01 02:00:00,927.0,15180.05,88.54,5.0,2.1064,99.82,15.0,0.96,7.07,0.0691,84.03,1,2136.61,0.1052,4.52,201.08,Defect
485,5,2024-05-01 08:00:00,605.0,10428.8,89.38,2.0,2.8071,63.89,4.0,4.61,4.89,0.0757,96.24,9,3944.05,0.1036,6.75,426.94,Defect
486,6,2024-05-01 14:00:00,924.0,13904.91,98.57,3.0,3.5409,94.23,15.0,2.83,7.34,0.0136,81.67,7,4346.28,0.2153,5.63,136.8,Defect
487,1,2024-05-01 20:00:00,135.0,5151.97,92.82,1.0,4.8211,79.2,23.0,3.65,6.57,0.0965,85.41,6,3863.4,0.1056,2.65,381.92,Defect
488,2,2024-05-02 02:00:00,784.0,14541.44,86.23,1.0,1.6415,93.09,11.0,3.18,8.77,0.0844,96.44,9,3559.96,0.2498,8.29,313.57,Defect
489,3,2024-05-02 08:00:00,119.0,18699.3,90.51,3.0,4.4374,92.69,5.0,4.99,6.97,0.0562,94.94,3,1911.7,0.1252,5.25,196.77,Defect
490,4,2024-05-02 14:00:00,420.0,14188.6,81.32,1.0,4.6584,96.64,4.0,2.28,7.07,0.089,90.02,1,4411.22,0.1157,2.38,297.13,Defect
491,5,2024-05-02 20:00:00,875.0,18105.48,99.45,2.0,3.5169,71.91,0.0,2.12,3.77,0.0382,93.46,8,3998.65,0.3678,2.5,431.98,Defect
492,6,2024-05-03 02:00:00,611.0,15859.6,87.2,1.0,4.6907,97.99,18.0,1.8,5.33,0.0034,83.71,7,3069.1,0.4627,8.17,278.18,Defect
493,1,2024-05-03 08:00:00,499.0,6808.38,89.56,2.0,2.2905,66.07,9.0,1.81,4.76,0.0727,93.36,3,3046.35,0.2638,7.33,148.76,Defect
494,2,2024-05-03 14:00:00,753.0,18536.8,87.11,3.0,4.7886,63.28,13.0,1.38,2.09,0.0943,80.16,4,3276.69,0.4347,5.56,116.32,Defect
495,3,2024-05-03 20:00:00,982.0,5996.66,93.65,0.0,3.6625,77.26,20.0,4.9,4.51,0.0162,96.66,9,4313.11,0.1117,3.75,411.12,Defect
496,4,2024-05-04 02:00:00,570.0,13009.51,93.24,3.0,0.689,93.13,2.0,4.35,5.89,0.0644,90.33,5,3969.04,0.4111,5.14,232.17,No Defect
497,5,2024-05-04 08:00:00,242.0,7132.06,94.31,2.0,4.5809,78.94,5.0,1.58,6.8,0.0813,98.88,3,4424.98,0.1251,6.73,472.5,Defect
498,6,2024-05-04 14:00:00,191.0,5175.6,85.36,4.0,2.6801,93.17,4.0,1.53,9.48,0.0905,89.56,1,3029.13,0.4354,8.91,346.86,No Defect
499,1,2024-05-04 20:00:00,453.0,11330.51,86.31,3.0,2.5715,89.19,16.0,0.52,3.91,0.0277,88.66,4,3498.6,0.4529,6.0,274.51,Defect
500,2,2024-05-05 02:00:00,933.0,9425.61,82.51,4.0,3.0491,68.38,17.0,4.39,3.22,0.0129,89.0,0,4418.29,0.4144,3.49,325.79,Defect
501,3,2024-05-05 08:00:00,899.0,12290.01,93.11,4.0,1.1722,97.96,11.0,1.86,8.96,0.0248,87.19,6,1929.28,0.4283,1.38,282.85,Defect
502,4,2024-05-05 14:00:00,826.0,13658.0,80.8,2.0,2.6112,62.43,4.0,2.86,9.53,0.0578,83.33,8,2776.08,0.3246,2.58,462.32,Defect
503,5,2024-05-05 20:00:00,953.0,5656.09,91.95,2.0,4.2401,95.93,8.0,4.5,5.9,0.0919,96.84,2,3482.61,0.206,6.85,283.21,Defect
504,6,2024-05-06 02:00:00,150.0,6845.05,97.39,0.0,0.5697,72.18,11.0,2.04,2.92,0.0583,87.78,5,4660.59,0.3573,2.44,141.63,Defect
505,1,2024-05-06 08:00:00,764.0,13379.64,97.82,5.0,1.7281,80.01,19.0,4.03,5.88,0.092,90.58,8,1063.34,0.2758,5.33,338.84,Defect
506,2,2024-05-06 14:00:00,797.0,10147.51,88.98,1.0,0.511,76.89,8.0,2.15,2.88,0.077,80.4,3,1850.29,0.1021,7.29,349.19,No Defect
507,3,2024-05-06 20:00:00,674.0,15937.6,89.19,3.0,2.3707,66.87,2.0,3.5,9.07,0.0598,81.21,5,1937.8,0.2907,3.77,406.13,Defect
508,4,2024-05-07 02:00:00,289.0,14784.37,81.54,2.0,3.7774,74.33,0.0,2.16,7.67,0.0022,91.94,2,2306.45,0.3605,7.02,473.31,Defect
509,5,2024-05-07 08:00:00,224.0,17684.07,93.42,3.0,4.0945,67.72,21.0,1.96,3.93,0.0333,97.58,8,2127.15,0.1056,6.23,277.23,Defect
510,6,2024-05-07 14:00:00,249.0,15387.39,96.43,5.0,4.7534,68.16,14.0,4.95,9.09,0.0057,89.87,6,3360.56,0.3485,4.95,240.83,Defect
511,1,2024-05-07 20:00:00,413.0,11448.97,84.89,5.0,3.2383,67.48,9.0,3.06,7.1,0.0322,83.3,6,4542.48,0.361,9.08,296.31,Defect
512,2,2024-05-08 02:00:00,669.0,15094.5,88.43,4.0,1.6458,79.56,13.0,1.84,9.63,0.0062,82.32,3,3547.91,0.1632,7.23,460.08,Defect
513,3,2024-05-08 08:00:00,441.0,9130.72,96.78,1.0,4.6587,91.92,6.0,1.29,9.84,0.0168,98.0,5,1966.11,0.2724,4.25,491.99,Defect
514,4,2024-05-08 14:00:00,404.0,9594.7,97.54,0.0,3.9889,82.76,3.0,0.2,2.03,0.0411,94.03,7,4455.01,0.4857,8.24,488.49,Defect
515,5,2024-05-08 20:00:00,791.0,16834.78,84.86,3.0,3.0849,95.73,4.0,3.53,2.96,0.0515,99.32,5,3528.18,0.4537,7.64,191.88,Defect
516,6,2024-05-09 02:00:00,781.0,11696.29,91.01,1.0,3.6304,85.46,19.0,1.86,6.38,0.0217,81.65,5,1875.85,0.2643,8.13,298.76,Defect
517,1,2024-05-09 08:00:00,937.0,16975.71,83.85,0.0,4.6594,87.57,15.0,4.11,9.65,0.0733,98.05,3,2446.67,0.2399,6.77,203.79,Defect
518,2,2024-05-09 14:00:00,882.0,17336.34,82.04,3.0,3.7058,86.7,2.0,1.82,9.95,0.059,96.91,7,4159.86,0.1496,4.41,247.19,Defect
519,3,2024-05-09 20:00:00,153.0,17863.44,98.22,1.0,2.1577,77.98,16.0,1.87,6.54,0.0692,97.86,9,3955.72,0.1141,4.14,112.67,Defect
520,4,2024-05-10 02:00:00,543.0,18749.53,96.41,2.0,3.7086,87.57,12.0,3.9,3.39,0.0733,80.12,7,3306.33,0.219,6.89,164.24,Defect
521,5,2024-05-10 08:00:00,712.0,11464.78,95.2,3.0,0.6813,62.79,5.0,2.45,3.3,0.0727,94.84,8,1579.07,0.4761,2.18,258.83,Defect
522,6,2024-05-10 14:00:00,363.0,9783.0,80.98,1.0,2.2389,94.39,4.0,4.42,8.11,0.0936,90.98,5,4213.16,0.4834,8.38,245.88,No Defect
523,1,2024-05-10 20:00:00,152.0,13732.98,96.87,5.0,2.3285,91.11,15.0,2.95,6.74,0.0237,91.46,1,2230.17,0.425,4.33,211.53,Defect
524,2,2024-05-11 02:00:00,671.0,10567.59,88.76,0.0,1.2508,69.81,10.0,1.2,6.39,0.027,89.38,3,4086.39,0.2403,6.67,192.12,Defect
525,3,2024-05-11 08:00:00,719.0,14016.11,86.85,1.0,0.6039,90.72,16.0,2.84,5.73,0.0094,94.85,3,3590.27,0.1575,5.49,399.58,Defect
526,4,2024-05-11 14:00:00,104.0,15583.79,90.93,2.0,1.1002,60.51,4.0,0.02,7.8,0.0593,100.0,7,2056.68,0.3382,5.67,217.82,Defect
527,5,2024-05-11 20:00:00,202.0,15326.08,81.83,3.0,3.4458,68.69,5.0,1.56,8.86,0.0395,94.21,4,1849.48,0.3586,7.64,382.62,Defect
528,6,2024-05-12 02:00:00,295.0,10618.29,95.13,3.0,4.1103,62.61,9.0,1.04,4.42,0.0496,93.56,3,1523.64,0.2698,6.64,247.45,Defect
529,1,2024-05-12 08:00:00,873.0,7502.9,91.65,3.0,4.9469,91.21,20.0,3.27,3.77,0.017,93.09,7,1967.78,0.3767,3.25,420.79,Defect
530,2,2024-05-12 14:00:00,976.0,11457.94,83.73,2.0,2.0586,90.23,0.0,0.68,7.36,0.0649,93.9,2,1631.32,0.3987,1.67,166.89,Defect
531,3,2024-05-12 20:00:00,983.0,7138.91,83.76,0.0,3.1972,92.55,20.0,1.45,9.32,0.0619,86.84,1,3468.2,0.4132,8.56,163.04,Defect
532,4,2024-05-13 02:00:00,449.0,18351.46,83.68,3.0,4.7172,60.18,9.0,1.66,4.79,0.0265,86.4,3,3395.13,0.3009,8.96,371.87,Defect
533,5,2024-05-13 08:00:00,146.0,10188.16,81.14,0.0,1.2517,80.05,16.0,0.02,4.18,0.0465,95.69,0,3344.69,0.4167,2.48,465.97,Defect
534,6,2024-05-13 14:00:00,966.0,7316.9,91.76,1.0,3.7294,88.19,2.0,0.23,3.81,0.0894,81.06,0,3567.56,0.1102,3.79,157.19,Defect
535,1,2024-05-13 20:00:00,922.0,5381.72,96.81,5.0,3.8974,66.22,1.0,1.56,4.04,0.0773,95.18,4,4259.14,0.3722,3.54,129.48,Defect
536,2,2024-05-14 02:00:00,919.0,14687.34,80.35,5.0,0.9004,85.99,16.0,1.11,3.08,0.0227,96.28,0,4654.21,0.1943,9.44,473.85,Defect
537,3,2024-05-14 08:00:00,755.0,14553.53,80.98,0.0,4.3756,63.36,3.0,0.58,6.77,0.0879,90.43,3,1921.5,0.2082,2.84,146.93,Defect
538,4,2024-05-14 14:00:00,368.0,10109.06,91.46,0.0,4.159,67.25,1.0,0.77,4.25,0.0067,98.2,7,3351.1,0.1365,2.5,200.15,Defect
539,5,2024-05-14 20:00:00,469.0,6075.68,96.39,5.0,0.6503,79.03,4.0,4.18,6.92,0.0414,89.46,7,1313.34,0.177,2.64,471.8,No Defect
540,6,2024-05-15 02:00:00,735.0,11144.43,86.53,3.0,0.9099,86.14,9.0,3.42,2.66,0.008,83.56,1,1480.57,0.4968,7.57,421.17,No Defect
541,1,2024-05-15 08:00:00,205.0,9668.26,86.99,4.0,0.7211,65.83,0.0,2.42,2.92,0.0924,87.23,2,3617.36,0.2662,8.99,237.1,Defect
542,2,2024-05-15 14:00:00,769.0,15156.81,91.93,4.0,2.0063,67.41,0.0,4.54,6.29,0.0041,98.12,2,2946.32,0.4711,4.54,481.81,Defect
543,3,2024-05-15 20:00:00,758.0,14086.69,85.48,2.0,2.7918,68.18,3.0,0.15,6.09,0.0151,99.87,0,4033.33,0.1652,2.22,327.22,Defect
544,4,2024-05-16 02:00:00,756.0,10468.91,80.53,5.0,2.8956,69.55,6.0,1.72,4.17,0.0915,88.44,2,2702.71,0.1816,6.27,128.9,Defect
545,5,2024-05-16 08:00:00,219.0,8268.39,94.7,5.0,1.7045,69.06,13.0,4.12,8.62,0.0582,83.34,7,1510.39,0.3231,2.89,381.23,Defect
546,6,2024-05-16 14:00:00,930.0,19820.54,92.51,2.0,4.6022,75.81,13.0,3.14,3.5,0.0795,85.73,5,4488.21,0.2398,1.58,314.91,Defect
547,1,2024-05-16 20:00:00,886.0,11810.02,91.62,4.0,2.1572,86.15,17.0,4.91,4.89,0.0016,91.07,4,1331.55,0.3576,8.98,329.04,Defect
548,2,2024-05-17 02:00:00,703.0,15324.11,94.83,1.0,0.705,77.52,1.0,4.72,6.44,0.0419,91.44,9,1755.86,0.2688,8.84,497.64,No Defect
549,3,2024-05-17 08:00:00,157.0,7108.29,93.5,3.0,1.851,91.04,0.0,0.85,8.94,0.0984,92.6,8,2107.91,0.4246,9.78,161.01,No Defect
550,4,2024-05-17 14:00:00,445.0,12283.85,84.12,3.0,2.89,88.77,20.0,4.86,5.35,0.058,96.71,6,4981.12,0.2726,5.27,362.72,Defect
551,5,2024-05-17 20:00:00,840.0,5413.05,87.05,1.0,2.337,65.06,21.0,4.73,5.19,0.085,94.22,5,2667.44,0.3289,3.65,283.5,Defect
552,6,2024-05-18 02:00:00,573.0,12581.83,82.52,1.0,1.7323,61.95,15.0,1.87,6.64,0.0964,85.22,4,3006.83,0.2284,7.93,208.76,Defect
553,1,2024-05-18 08:00:00,216.0,19460.26,82.6,4.0,1.091,95.12,21.0,4.91,4.53,0.0685,87.9,4,4078.79,0.3816,2.62,377.42,Defect
554,2,2024-05-18 14:00:00,929.0,10763.1,93.52,2.0,4.1862,63.19,17.0,0.18,7.67,0.0328,96.8,9,3545.66,0.3619,3.19,367.29,Defect
555,3,2024-05-18 20:00:00,890.0,5584.94,97.17,1.0,4.9827,65.93,15.0,3.3,3.99,0.0309,92.67,8,4365.68,0.2588,3.3,442.6,Defect
556,4,2024-05-19 02:00:00,226.0,5464.34,99.25,2.0,1.9829,60.89,22.0,1.33,8.59,0.0071,83.33,9,2945.73,0.2104,9.56,451.55,Defect
557,5,2024-05-19 08:00:00,492.0,10819.8,92.57,0.0,2.2173,85.13,21.0,0.65,4.18,0.0428,86.51,5,4888.71,0.3456,7.57,324.73,Defect
558,6,2024-05-19 14:00:00,740.0,7400.37,83.68,3.0,3.2812,83.29,23.0,2.89,9.94,0.0915,95.82,3,4187.25,0.4773,2.2,230.23,Defect
559,1,2024-05-19 20:00:00,157.0,5350.28,82.11,4.0,3.733,99.48,5.0,1.53,4.53,0.0478,83.44,3,2605.46,0.1531,1.84,311.83,Defect
560,2,2024-05-20 02:00:00,733.0,16343.2,96.26,3.0,2.2641,95.48,9.0,3.33,9.03,0.0911,93.82,3,2525.09,0.4196,8.59,243.7,No Defect
561,3,2024-05-20 08:00:00,612.0,11877.85,91.58,4.0,4.5722,76.43,1.0,2.7,5.18,0.0817,91.27,5,4717.96,0.3172,8.22,210.94,Defect
562,4,2024-05-20 14:00:00,850.0,9338.67,92.37,0.0,3.02,74.86,6.0,1.96,3.97,0.0984,82.95,0,3737.66,0.3102,7.04,320.63,Defect
563,5,2024-05-20 20:00:00,901.0,18501.25,95.63,3.0,2.5268,71.87,20.0,0.91,3.81,0.0948,93.78,8,3485.73,0.4847,2.76,363.17,Defect
564,6,2024-05-21 02:00:00,195.0,6742.08,94.07,0.0,3.41,66.1,16.0,3.01,8.8,0.0706,82.85,1,4031.32,0.3423,5.32,336.23,Defect
565,1,2024-05-21 08:00:00,737.0,19338.78,96.69,4.0,4.7876,65.52,2.0,4.15,4.47,0.0871,87.97,1,3243.34,0.4322,6.42,481.77,Defect
566,2,2024-05-21 14:00:00,217.0,9709.5,81.12,1.0,4.0755,65.29,19.0,3.0,4.71,0.0748,86.17,4,1636.67,0.3058,9.39,219.45,Defect
567,3,2024-05-21 20:00:00,659.0,18326.06,94.95,3.0,0.6801,64.56,11.0,3.05,3.58,0.0703,93.8,3,2276.86,0.1999,2.52,248.94,Defect
568,4,2024-05-22 02:00:00,700.0,14044.14,97.02,0.0,1.9954,69.62,1.0,2.56,9.69,0.0716,95.65,2,3231.78,0.3778,5.64,367.06,Defect
569,5,2024-05-22 08:00:00,587.0,17400.61,85.72,5.0,2.6175,72.27,6.0,1.94,3.96,0.0721,83.37,4,1072.67,0.4693,2.42,340.14,Defect
570,6,2024-05-22 14:00:00,336.0,19760.2,92.81,3.0,1.9153,98.46,16.0,2.29,3.98,0.0379,96.24,6,2749.4,0.4365,4.99,100.75,Defect
571,1,2024-05-22 20:00:00,984.0,9326.08,86.28,3.0,3.6508,83.14,18.0,4.95,9.55,0.0424,80.14,9,4023.21,0.1793,2.8,224.91,Defect
572,2,2024-05-23 02:00:00,996.0,19417.03,99.16,3.0,4.2182,99.5,11.0,3.75,9.21,0.0294,90.6,1,1656.94,0.2268,8.53,201.5,Defect
573,3,2024-05-23 08:00:00,371.0,10842.23,80.67,2.0,3.7911,74.9,8.0,2.15,3.99,0.0148,90.34,5,1258.24,0.3068,3.29,435.97,Defect
574,4,2024-05-23 14:00:00,288.0,10782.68,91.6,0.0,4.952,78.31,13.0,2.29,8.92,0.0458,92.48,3,4344.12,0.3286,4.75,446.5,Defect
575,5,2024-05-23 20:00:00,803.0,10105.81,83.33,0.0,1.7265,72.98,1.0,2.5,4.0,0.09,84.79,1,3469.1,0.1775,4.67,213.56,Defect
576,6,2024-05-24 02:00:00,546.0,13121.11,94.24,3.0,4.4375,67.32,20.0,3.3,2.68,0.0651,80.2,0,1706.32,0.192,8.8,140.83,Defect
577,1,2024-05-24 08:00:00,680.0,7312.18,83.52,1.0,3.9498,65.73,3.0,2.33,8.56,0.0056,89.1,7,4225.22,0.4035,7.82,182.08,Defect
578,2,2024-05-24 14:00:00,889.0,13305.67,84.71,3.0,2.1298,97.8,18.0,3.43,8.17,0.0811,81.43,4,3632.52,0.3921,1.52,170.63,Defect
579,3,2024-05-24 20:00:00,960.0,13125.57,89.89,2.0,3.8036,99.47,20.0,1.65,4.36,0.0935,97.84,9,2336.48,0.4357,1.6,194.97,Defect
580,4,2024-05-25 02:00:00,346.0,16428.53,98.3,4.0,0.9683,61.8,15.0,2.05,2.72,0.0829,83.47,1,2504.79,0.4732,5.96,193.86,Defect
581,5,2024-05-25 08:00:00,175.0,17504.75,84.23,2.0,4.052,66.01,21.0,4.32,3.65,0.0728,88.5,7,1623.55,0.2233,4.85,291.94,Defect
582,6,2024-05-25 14:00:00,253.0,11606.62,82.88,1.0,2.8955,76.94,16.0,1.64,8.17,0.015,88.68,2,4341.02,0.4438,3.48,227.86,Defect
583,1,2024-05-25 20:00:00,755.0,9535.0,95.18,3.0,1.8153,67.45,1.0,4.82,9.72,0.0349,91.06,6,3036.03,0.3664,8.13,323.93,Defect
584,2,2024-05-26 02:00:00,534.0,8890.02,90.01,0.0,3.451,74.56,16.0,0.86,4.07,0.0565,95.65,1,3228.08,0.4831,2.16,237.65,Defect
585,3,2024-05-26 08:00:00,185.0,7919.36,98.24,5.0,3.3873,65.16,18.0,1.21,8.55,0.0077,89.44,6,4533.97,0.2088,9.77,425.87,Defect
586,4,2024-05-26 14:00:00,796.0,5864.71,82.93,3.0,1.4427,78.26,7.0,2.32,3.82,0.0106,80.52,3,1063.32,0.2079,1.22,480.32,No Defect
587,5,2024-05-26 20:00:00,384.0,10136.72,92.92,1.0,0.6368,70.87,23.0,3.99,7.44,0.0934,95.42,9,1267.69,0.3817,2.06,261.57,Defect
588,6,2024-05-27 02:00:00,319.0,9053.72,84.66,0.0,2.4513,74.08,19.0,3.66,2.67,0.0703,81.64,0,1646.32,0.4714,3.8,119.79,Defect
589,1,2024-05-27 08:00:00,168.0,19496.26,83.14,2.0,3.0628,63.77,5.0,0.87,6.68,0.0275,92.83,4,1120.15,0.4298,5.58,195.83,Defect
590,2,2024-05-27 14:00:00,146.0,13365.63,93.67,4.0,4.4447,77.13,11.0,1.18,4.15,0.0327,96.07,3,3632.62,0.3908,2.95,140.74,Defect
591,3,2024-05-27 20:00:00,193.0,10209.16,91.87,4.0,4.677,99.33,22.0,2.88,9.41,0.0384,85.65,7,3535.52,0.2549,7.63,237.91,Defect
592,4,2024-05-28 02:00:00,849.0,13707.01,95.1,3.0,2.8796,73.15,17.0,1.48,4.32,0.0075,88.98,0,1843.21,0.3871,4.22,358.05,Defect
593,5,2024-05-28 08:00:00,552.0,7087.95,86.19,2.0,3.8921,95.06,1.0,2.11,5.19,0.0739,80.29,1,1597.63,0.4204,1.35,307.56,Defect
594,6,2024-05-28 14:00:00,303.0,11660.66,88.96,5.0,2.4769,93.73,18.0,2.43,8.73,0.0177,96.08,4,1582.74,0.4013,8.9,197.15,Defect
595,1,2024-05-28 20:00:00,317.0,14393.51,88.11,5.0,3.8574,98.08,23.0,2.97,5.51,0.0805,94.07,9,4812.97,0.3707,9.49,406.9,Defect
596,2,2024-05-29 02:00:00,573.0,12333.47,99.68,1.0,1.4216,91.6,9.0,1.26,3.91,0.0846,84.63,9,3774.02,0.1189,6.57,152.59,No Defect
597,3,2024-05-29 08:00:00,531.0,11026.68,85.84,4.0,2.1698,86.38,2.0,0.82,6.38,0.0638,87.8,1,3341.72,0.3639,8.26,191.28,No Defect
598,4,2024-05-29 14:00:00,440.0,19907.73,85.9,2.0,3.354,94.26,11.0,1.99,8.72,0.077,93.91,0,2289.95,0.2913,2.09,370.42,Defect
599,5,2024-05-29 20:00:00,650.0,18204.72,87.09,3.0,0.5817,63.03,15.0,0.41,5.47,0.0172,87.16,5,2732.17,0.4846,3.42,178.89,Defect
600,6,2024-05-30 02:00:00,711.0,14351.09,91.29,0.0,3.7511,78.51,11.0,2.63,3.06,0.0576,83.25,9,1357.62,0.3429,3.93,371.51,Defect
601,1,2024-05-30 08:00:00,388.0,13540.66,85.05,3.0,4.2599,99.57,7.0,4.2,5.06,0.0677,90.37,3,4992.61,0.3433,9.65,490.78,Defect
602,2,2024-05-30 14:00:00,353.0,14309.91,98.31,3.0,2.2961,90.78,4.0,0.59,9.64,0.0662,94.47,4,4020.34,0.4976,5.61,432.54,No Defect
603,3,2024-05-30 20:00:00,833.0,8019.68,85.31,2.0,2.5157,98.48,10.0,0.56,2.58,0.0117,86.42,2,3485.81,0.1374,1.07,164.0,Defect
604,4,2024-05-31 02:00:00,456.0,10927.07,97.92,4.0,4.3308,91.19,9.0,0.4,5.27,0.0344,82.44,9,3351.07,0.2105,4.42,308.2,Defect
605,5,2024-05-31 08:00:00,122.0,5591.89,82.07,2.0,3.9904,95.0,2.0,4.24,7.18,0.0325,96.59,5,3017.26,0.3624,1.07,268.93,Defect
606,6,2024-05-31 14:00:00,861.0,12133.19,93.13,0.0,1.7967,88.26,22.0,0.4,2.63,0.0573,85.06,3,2029.71,0.2261,3.14,496.67,Defect
607,1,2024-05-31 20:00:00,621.0,13145.37,98.14,2.0,1.9579,90.42,8.0,4.92,4.76,0.0765,90.26,5,1905.56,0.2385,5.09,485.76,No Defect
608,2,2024-06-01 02:00:00,857.0,8416.25,83.37,1.0,3.555,80.93,11.0,1.79,9.52,0.0571,93.83,4,3198.13,0.4571,3.91,150.84,Defect
609,3,2024-06-01 08:00:00,936.0,19460.43,99.37,3.0,3.0344,96.97,5.0,1.64,2.25,0.0755,86.34,1,1280.8,0.3317,1.29,463.49,Defect
610,4,2024-06-01 14:00:00,199.0,18641.82,89.06,4.0,1.23,93.0,18.0,0.46,8.01,0.0099,92.97,3,1297.88,0.1411,2.05,177.37,Defect
611,5,2024-06-01 20:00:00,901.0,15832.15,98.91,5.0,1.8947,93.76,15.0,2.93,8.73,0.0878,89.19,1,3243.25,0.2243,5.96,227.78,Defect
612,6,2024-06-02 02:00:00,279.0,13000.8,93.54,0.0,4.5499,86.92,20.0,2.93,4.22,0.0537,91.41,4,4679.25,0.1304,7.26,241.36,Defect
613,1,2024-06-02 08:00:00,322.0,18049.54,86.03,5.0,3.5968,72.18,22.0,2.47,3.72,0.0037,91.81,2,4657.09,0.3225,4.64,214.73,Defect
614,2,2024-06-02 14:00:00,861.0,6959.79,83.77,3.0,4.9369,61.43,23.0,1.56,9.32,0.0643,96.48,5,1043.31,0.1693,7.58,441.3,Defect
615,3,2024-06-02 20:00:00,758.0,16857.65,86.07,2.0,3.9516,97.43,13.0,1.84,8.11,0.0517,93.13,4,1429.58,0.4428,2.47,231.97,Defect
616,4,2024-06-03 02:00:00,541.0,6872.31,81.86,5.0,4.7389,83.44,3.0,1.6,2.91,0.022,85.29,1,3332.31,0.3309,2.1,426.7,Defect
617,5,2024-06-03 08:00:00,707.0,16913.16,82.88,1.0,1.4728,71.93,17.0,2.13,3.7,0.0764,81.19,9,4393.9,0.1238,8.56,497.75,Defect
618,6,2024-06-03 14:00:00,868.0,9136.51,82.09,2.0,3.9717,65.97,9.0,1.71,6.97,0.0934,80.04,7,4817.8,0.2204,4.05,436.3,Defect
619,1,2024-06-03 20:00:00,424.0,18156.36,88.46,3.0,0.591,93.18,17.0,3.38,5.36,0.0323,98.09,5,4442.33,0.3465,4.89,238.46,Defect
620,2,2024-06-04 02:00:00,615.0,19160.63,95.91,5.0,3.5184,93.46,11.0,1.48,6.03,0.0494,98.84,8,3710.45,0.2342,9.53,384.5,Defect
621,3,2024-06-04 08:00:00,115.0,7231.94,82.83,0.0,2.6118,92.58,18.0,1.75,9.61,0.0128,81.88,2,1802.1,0.3053,4.82,313.57,Defect
622,4,2024-06-04 14:00:00,891.0,11940.13,82.61,5.0,2.0604,85.8,7.0,2.18,5.36,0.093,89.74,3,1290.49,0.4637,1.03,414.61,Defect
623,5,2024-06-04 20:00:00,435.0,19714.81,92.87,5.0,4.3808,74.64,0.0,0.02,9.05,0.0319,83.03,7,1190.06,0.24,9.44,161.24,Defect
624,6,2024-06-05 02:00:00,858.0,12251.11,83.94,4.0,4.3442,72.16,13.0,2.46,7.29,0.0195,98.97,6,3448.31,0.2343,1.13,355.25,Defect
625,1,2024-06-05 08:00:00,357.0,17953.21,81.95,5.0,0.6004,60.34,22.0,1.28,2.97,0.0478,84.94,7,1144.75,0.4279,6.96,409.47,Defect
626,2,2024-06-05 14:00:00,596.0,13830.97,83.34,3.0,3.2428,93.34,5.0,0.28,7.96,0.0043,90.03,8,3956.96,0.2275,3.91,404.49,Defect
627,3,2024-06-05 20:00:00,995.0,10629.95,98.47,0.0,2.1552,63.5,13.0,4.56,6.16,0.0253,83.31,7,3849.88,0.1312,5.23,485.44,Defect
628,4,2024-06-06 02:00:00,259.0,9286.75,96.43,3.0,2.3705,85.23,1.0,1.61,3.8,0.0068,86.66,7,1318.44,0.1724,5.93,123.36,No Defect
629,5,2024-06-06 08:00:00,574.0,8048.35,87.08,1.0,4.2442,80.16,8.0,2.13,4.32,0.0127,85.34,5,4626.49,0.4795,4.68,238.31,Defect
630,6,2024-06-06 14:00:00,951.0,16426.97,93.12,2.0,1.8943,81.07,11.0,4.14,6.46,0.0112,89.51,1,3087.72,0.4733,7.97,290.62,Defect
631,1,2024-06-06 20:00:00,763.0,10798.11,90.75,5.0,4.7437,97.07,4.0,0.83,6.81,0.0872,88.4,6,4617.75,0.1899,9.38,223.91,Defect
632,2,2024-06-07 02:00:00,789.0,12669.13,93.54,4.0,1.3084,61.26,1.0,4.25,9.75,0.093,86.62,3,4606.44,0.3214,1.78,223.92,Defect
633,3,2024-06-07 08:00:00,774.0,12384.88,93.65,0.0,3.4823,90.94,18.0,1.21,8.84,0.0475,82.12,2,1788.14,0.1549,8.2,170.45,Defect
634,4,2024-06-07 14:00:00,479.0,13659.19,92.57,4.0,3.5245,62.08,6.0,2.95,3.65,0.063,89.69,3,2522.31,0.3699,2.16,425.18,Defect
635,5,2024-06-07 20:00:00,644.0,17983.66,85.32,4.0,1.6349,61.53,6.0,3.43,8.19,0.0696,97.0,3,1538.51,0.1741,1.72,463.23,Defect
636,6,2024-06-08 02:00:00,790.0,19711.09,80.78,4.0,1.9614,77.19,9.0,4.53,2.07,0.0391,94.6,2,4099.91,0.1199,9.6,132.93,No Defect
637,1,2024-06-08 08:00:00,526.0,11113.76,89.11,5.0,4.2566,62.52,16.0,3.04,3.04,0.037,94.41,8,3016.5,0.43,5.4,161.96,Defect
638,2,2024-06-08 14:00:00,712.0,17412.78,97.82,0.0,3.9281,91.57,13.0,2.27,3.6,0.0676,87.32,2,4715.23,0.2302,2.37,191.38,Defect
639,3,2024-06-08 20:00:00,367.0,16467.92,91.39,0.0,1.9809,81.18,10.0,2.86,6.78,0.0377,94.17,1,1832.86,0.1434,6.13,303.59,No Defect
640,4,2024-06-09 02:00:00,934.0,13602.93,96.65,4.0,2.9028,61.16,19.0,1.01,3.56,0.0581,89.31,0,3753.47,0.4336,3.37,416.47,Defect
641,5,2024-06-09 08:00:00,676.0,19340.71,99.83,2.0,0.7776,61.62,5.0,3.45,4.92,0.0515,83.01,0,4956.95,0.405,5.18,128.58,Defect
642,6,2024-06-09 14:00:00,516.0,8007.12,83.27,5.0,1.4394,84.51,7.0,0.93,3.94,0.0524,88.38,4,3661.53,0.3735,6.62,354.73,No Defect
643,1,2024-06-09 20:00:00,267.0,6638.96,93.84,5.0,2.6862,92.24,18.0,2.79,4.7,0.0829,82.65,4,1275.1,0.4645,8.82,159.73,Defect
644,2,2024-06-10 02:00:00,941.0,17809.43,93.49,3.0,0.8869,77.51,18.0,3.24,9.54,0.0704,82.29,8,3353.7,0.2957,1.03,488.58,Defect
645,3,2024-06-10 08:00:00,142.0,11587.25,99.6,5.0,4.295,82.18,23.0,4.49,9.98,0.0961,80.46,3,1719.37,0.1512,2.93,459.51,Defect
646,4,2024-06-10 14:00:00,655.0,17704.53,99.71,4.0,3.731,91.99,23.0,2.25,7.49,0.0791,85.66,4,1122.01,0.1245,1.87,479.83,Defect
647,5,2024-06-10 20:00:00,384.0,18396.35,93.73,1.0,4.7464,84.42,23.0,3.88,6.58,0.0146,86.62,5,2339.84,0.2274,1.87,142.47,Defect
648,6,2024-06-11 02:00:00,496.0,5936.86,84.87,4.0,3.6206,68.99,16.0,0.84,7.67,0.0738,93.99,9,2064.42,0.1347,9.51,295.21,Defect
649,1,2024-06-11 08:00:00,111.0,18251.97,95.97,0.0,4.7318,84.52,23.0,0.78,8.17,0.0666,90.76,6,4155.08,0.3142,9.42,166.1,Defect
650,2,2024-06-11 14:00:00,706.0,11724.79,82.14,5.0,2.9953,85.13,23.0,2.62,7.91,0.0646,97.17,8,2494.72,0.1058,7.74,340.14,Defect
651,3,2024-06-11 20:00:00,401.0,12656.49,95.61,5.0,3.201,89.36,17.0,2.98,2.66,0.0481,83.53,5,3931.84,0.2775,6.79,193.1,Defect
652,4,2024-06-12 02:00:00,997.0,14398.89,98.2,3.0,4.8964,84.83,11.0,3.16,4.48,0.0062,85.32,0,1064.96,0.1714,8.63,408.25,Defect
653,5,2024-06-12 08:00:00,352.0,18895.74,87.66,1.0,3.3896,98.77,8.0,3.73,4.75,0.0951,98.82,7,1059.25,0.2473,1.53,357.6,Defect
654,6,2024-06-12 14:00:00,598.0,5286.74,92.61,5.0,0.6385,67.89,22.0,1.47,4.95,0.0852,88.88,1,1117.25,0.37,2.08,328.64,Defect
655,1,2024-06-12 20:00:00,853.0,12152.65,88.6,3.0,3.7571,98.04,23.0,3.11,4.75,0.0487,95.78,8,1877.43,0.2404,3.85,430.09,Defect
656,2,2024-06-13 02:00:00,134.0,15315.83,88.76,3.0,4.5746,81.53,15.0,0.94,8.3,0.0159,89.84,6,2495.95,0.2365,8.49,300.11,Defect
657,3,2024-06-13 08:00:00,826.0,15840.6,86.21,1.0,4.0801,86.88,17.0,1.09,7.98,0.0824,89.42,6,3431.38,0.4963,5.25,207.94,Defect
658,4,2024-06-13 14:00:00,948.0,15387.99,95.24,4.0,3.1272,63.98,15.0,0.34,2.04,0.0431,82.96,9,4943.66,0.3875,5.53,348.28,Defect
659,5,2024-06-13 20:00:00,189.0,7016.53,98.72,4.0,3.5209,75.22,15.0,3.74,4.37,0.039,97.02,9,2417.64,0.3055,3.06,482.83,Defect
660,6,2024-06-14 02:00:00,875.0,9490.93,98.82,4.0,4.9559,90.78,3.0,2.53,6.99,0.0665,81.57,4,1222.64,0.3318,6.84,340.46,Defect
661,1,2024-06-14 08:00:00,704.0,10380.73,83.5,2.0,0.908,88.28,22.0,1.19,2.96,0.0759,86.21,7,1779.6,0.3481,8.99,351.85,Defect
662,2,2024-06-14 14:00:00,701.0,17066.56,97.49,4.0,3.5026,61.61,21.0,2.78,2.57,0.0063,93.47,9,4591.41,0.1098,3.97,473.9,Defect
663,3,2024-06-14 20:00:00,517.0,9181.4,94.75,1.0,1.7753,81.86,6.0,1.77,8.63,0.0768,90.15,0,3797.52,0.1321,6.57,306.11,No Defect
664,4,2024-06-15 02:00:00,214.0,8160.57,85.06,2.0,3.3804,63.53,0.0,4.19,5.62,0.0734,97.63,2,4160.8,0.3597,3.99,498.54,Defect
665,5,2024-06-15 08:00:00,716.0,19361.72,81.35,4.0,3.2343,99.83,23.0,2.64,8.85,0.0589,80.79,8,1496.67,0.2458,8.13,163.86,Defect
666,6,2024-06-15 14:00:00,295.0,5132.95,85.36,2.0,1.1906,95.89,22.0,0.15,8.59,0.0338,92.99,0,1539.95,0.1222,5.27,314.82,Defect
667,1,2024-06-15 20:00:00,925.0,19967.31,98.24,1.0,1.4304,60.84,19.0,4.93,9.15,0.0165,89.55,7,1448.98,0.219,4.06,185.16,Defect
668,2,2024-06-16 02:00:00,600.0,15152.32,92.66,4.0,3.2973,94.35,0.0,0.37,2.39,0.0103,83.09,5,4428.68,0.1521,4.78,281.33,Defect
669,3,2024-06-16 08:00:00,725.0,17427.04,94.42,0.0,1.077,96.78,7.0,3.48,3.49,0.0001,94.87,9,1839.87,0.4665,1.82,168.23,No Defect
670,4,2024-06-16 14:00:00,592.0,9419.29,85.14,5.0,1.6933,74.14,22.0,2.19,4.37,0.0206,88.23,4,3572.61,0.1812,8.8,189.01,Defect
671,5,2024-06-16 20:00:00,174.0,5214.73,94.39,1.0,4.2586,88.78,7.0,1.25,3.09,0.0411,90.63,5,3064.67,0.1575,9.62,184.32,Defect
672,6,2024-06-17 02:00:00,512.0,16068.04,80.56,3.0,1.9719,77.68,9.0,3.38,5.88,0.0244,99.35,4,3177.56,0.3505,5.3,228.01,No Defect
673,1,2024-06-17 08:00:00,475.0,17512.17,87.51,3.0,2.6963,86.21,0.0,0.63,8.39,0.0309,89.72,8,1781.74,0.3088,2.99,153.84,No Defect
674,2,2024-06-17 14:00:00,519.0,16107.14,92.54,1.0,4.7351,73.61,20.0,4.29,9.61,0.039,96.47,1,3540.98,0.3304,6.98,423.74,Defect
675,3,2024-06-17 20:00:00,828.0,7142.75,82.92,3.0,1.5222,72.9,20.0,1.25,9.12,0.0308,95.39,9,1172.4,0.2744,5.07,188.27,Defect
676,4,2024-06-18 02:00:00,376.0,16301.42,96.46,1.0,2.2533,76.98,13.0,1.81,5.66,0.0725,93.26,5,4973.89,0.2869,3.27,266.63,Defect
677,5,2024-06-18 08:00:00,860.0,16533.84,84.7,0.0,3.2291,65.82,13.0,3.16,7.09,0.0492,97.94,3,1107.04,0.4115,1.35,106.42,Defect
678,6,2024-06-18 14:00:00,775.0,14878.11,93.05,1.0,3.899,93.25,9.0,0.01,3.85,0.0019,85.03,2,1200.63,0.188,9.01,141.95,Defect
679,1,2024-06-18 20:00:00,493.0,16491.74,88.1,4.0,4.5574,73.95,18.0,2.36,5.22,0.0227,96.42,4,2298.59,0.2586,8.17,458.51,Defect
680,2,2024-06-19 02:00:00,968.0,17688.82,91.92,4.0,4.6196,76.01,15.0,4.47,8.97,0.071,87.56,1,4326.5,0.4831,8.46,434.86,Defect
681,3,2024-06-19 08:00:00,556.0,14204.06,82.15,2.0,3.9949,95.76,8.0,3.4,2.23,0.0301,96.25,2,2028.76,0.176,4.96,436.37,Defect
682,4,2024-06-19 14:00:00,291.0,6329.07,80.34,3.0,1.5275,79.86,19.0,1.94,6.26,0.092,89.88,6,2887.74,0.2175,7.78,264.54,Defect
683,5,2024-06-19 20:00:00,838.0,12314.42,98.19,5.0,0.6116,81.77,15.0,3.3,8.98,0.0713,97.15,0,1071.91,0.1766,6.23,156.61,Defect
684,6,2024-06-20 02:00:00,788.0,6164.74,85.39,3.0,2.227,98.26,19.0,4.68,2.98,0.029,97.9,1,1315.52,0.1082,4.37,143.16,Defect
685,1,2024-06-20 08:00:00,198.0,11113.15,96.39,1.0,1.137,95.47,7.0,0.94,9.86,0.0516,91.95,2,3431.86,0.2079,8.58,342.24,No Defect
686,2,2024-06-20 14:00:00,647.0,11106.6,99.99,5.0,3.6967,66.78,6.0,2.66,2.1,0.0667,90.15,9,1777.43,0.1186,9.99,431.28,Defect
687,3,2024-06-20 20:00:00,195.0,5990.15,84.23,5.0,3.4751,78.93,10.0,1.17,9.09,0.0193,95.67,6,3777.02,0.1619,9.09,460.05,Defect
688,4,2024-06-21 02:00:00,763.0,10232.31,85.3,3.0,0.6979,98.85,20.0,4.27,4.83,0.0246,85.34,3,4141.56,0.2451,7.99,215.49,Defect
689,5,2024-06-21 08:00:00,762.0,6664.97,93.26,5.0,4.2647,74.89,5.0,3.61,3.06,0.0507,80.31,7,4401.34,0.1083,7.73,228.41,Defect
690,6,2024-06-21 14:00:00,289.0,17123.53,99.31,5.0,1.6193,74.86,14.0,4.01,3.26,0.0925,88.14,7,1535.2,0.4012,6.85,140.35,Defect
691,1,2024-06-21 20:00:00,835.0,19215.32,98.32,4.0,2.445,67.8,18.0,4.72,7.61,0.0344,90.16,0,2822.03,0.4182,8.68,409.76,Defect
692,2,2024-06-22 02:00:00,136.0,6084.75,90.06,0.0,3.5057,64.57,13.0,1.16,8.97,0.0402,85.95,4,4788.33,0.2646,5.44,210.28,Defect
693,3,2024-06-22 08:00:00,879.0,19326.73,95.9,1.0,2.4324,89.61,14.0,0.24,7.13,0.0191,87.67,0,4088.33,0.4939,2.64,292.37,Defect
694,4,2024-06-22 14:00:00,468.0,12838.65,82.71,3.0,2.4858,90.8,5.0,1.45,9.43,0.0593,82.66,6,1467.84,0.3716,7.91,471.56,No Defect
695,5,2024-06-22 20:00:00,794.0,9493.49,99.55,4.0,0.7953,98.76,23.0,2.0,8.74,0.074,85.55,3,3010.0,0.3975,9.28,400.89,Defect
696,6,2024-06-23 02:00:00,624.0,6152.93,99.29,2.0,2.3065,90.94,9.0,3.13,2.07,0.0441,84.8,7,4689.52,0.1769,4.07,121.1,No Defect
697,1,2024-06-23 08:00:00,378.0,12509.36,83.27,5.0,3.9418,69.73,13.0,3.99,7.36,0.075,86.02,7,2760.16,0.435,8.05,103.26,Defect
698,2,2024-06-23 14:00:00,316.0,16917.73,85.99,5.0,4.6183,61.6,15.0,1.75,4.44,0.0303,85.98,8,4349.67,0.478,3.46,414.96,Defect
699,3,2024-06-23 20:00:00,966.0,15606.3,82.0,3.0,2.3607,99.42,12.0,2.37,5.64,0.0707,91.18,5,2983.37,0.1945,9.48,321.0,Defect
700,4,2024-06-24 02:00:00,972.0,5753.39,85.43,0.0,2.4061,73.62,10.0,3.93,2.75,0.0258,85.01,6,1427.25,0.3746,7.15,388.13,Defect
701,5,2024-06-24 08:00:00,897.0,6093.53,96.32,0.0,3.6618,72.48,2.0,1.13,4.26,0.0781,98.82,6,1591.42,0.3988,6.12,162.73,Defect
702,6,2024-06-24 14:00:00,372.0,11043.1,87.57,3.0,4.7425,96.24,7.0,1.09,7.06,0.0831,90.23,4,1186.7,0.2221,8.02,448.82,Defect
703,1,2024-06-24 20:00:00,980.0,9429.36,81.77,3.0,1.7018,83.4,2.0,2.95,3.75,0.0798,82.58,6,1781.26,0.29,8.32,409.33,Defect
704,2,2024-06-25 02:00:00,161.0,8485.76,86.84,4.0,2.4806,68.59,1.0,2.18,7.18,0.0215,85.59,8,4574.46,0.139,9.03,456.34,Defect
705,3,2024-06-25 08:00:00,695.0,9215.07,99.63,3.0,4.0819,95.56,20.0,4.74,9.38,0.0694,94.6,3,3600.79,0.1692,9.11,236.44,Defect
706,4,2024-06-25 14:00:00,979.0,17052.24,92.59,2.0,3.2436,99.73,13.0,1.79,2.04,0.0539,80.27,1,3955.43,0.1246,1.47,210.28,Defect
707,5,2024-06-25 20:00:00,828.0,18938.42,88.32,4.0,0.9976,63.47,19.0,3.8,8.29,0.0986,98.76,7,3486.65,0.3241,2.11,160.69,Defect
708,6,2024-06-26 02:00:00,441.0,11076.54,83.33,5.0,3.3248,94.49,20.0,2.92,7.13,0.0362,88.9,6,2546.16,0.3501,8.43,472.04,Defect
709,1,2024-06-26 08:00:00,496.0,18591.67,99.72,5.0,1.3404,75.62,21.0,0.27,2.37,0.0771,90.42,5,1867.44,0.4664,9.51,170.73,Defect
710,2,2024-06-26 14:00:00,798.0,9822.44,96.42,5.0,2.796,80.96,14.0,0.42,8.32,0.037,99.77,6,4702.46,0.3169,3.77,147.73,Defect
711,3,2024-06-26 20:00:00,118.0,12146.55,85.63,5.0,2.881,96.59,2.0,1.02,3.8,0.0397,90.07,2,3059.32,0.2042,1.08,177.07,No Defect
712,4,2024-06-27 02:00:00,276.0,8390.43,81.4,1.0,4.4429,98.94,0.0,0.72,4.13,0.0111,98.95,5,2924.4,0.1238,3.9,408.55,Defect
713,5,2024-06-27 08:00:00,711.0,14607.14,81.13,2.0,2.5812,70.49,14.0,1.65,2.75,0.024,98.3,9,4984.42,0.454,4.45,455.81,Defect
714,6,2024-06-27 14:00:00,495.0,19684.72,82.41,4.0,1.7575,68.51,19.0,2.89,6.28,0.0164,98.83,6,2535.72,0.2915,7.85,424.37,Defect
715,1,2024-06-27 20:00:00,544.0,14052.4,91.62,4.0,1.5393,63.22,21.0,3.01,5.99,0.0159,96.25,6,4416.5,0.3949,1.43,325.3,Defect
716,2,2024-06-28 02:00:00,332.0,10367.21,98.58,5.0,4.4341,82.47,1.0,2.94,4.78,0.0009,85.93,4,4449.38,0.1059,2.91,497.55,Defect
717,3,2024-06-28 08:00:00,175.0,14717.26,89.93,0.0,1.2695,60.54,17.0,0.59,3.35,0.0794,86.93,2,1930.68,0.2953,9.05,127.54,Defect
718,4,2024-06-28 14:00:00,364.0,6843.81,96.86,4.0,2.4164,76.48,0.0,3.0,8.7,0.0468,87.3,1,1379.36,0.2303,2.39,446.88,No Defect
719,5,2024-06-28 20:00:00,554.0,18329.89,88.92,2.0,1.3423,62.94,8.0,2.05,9.01,0.0804,99.58,6,4902.48,0.1121,7.83,271.09,Defect
720,6,2024-06-29 02:00:00,895.0,12546.26,94.17,3.0,3.9799,76.21,2.0,4.52,6.32,0.0613,87.22,3,2703.59,0.4103,4.25,282.05,Defect
721,1,2024-06-29 08:00:00,817.0,11740.25,94.64,2.0,2.6347,61.6,1.0,4.56,3.95,0.0831,82.17,1,1008.88,0.3052,6.96,151.04,Defect
722,2,2024-06-29 14:00:00,834.0,13787.97,83.48,5.0,2.0801,93.41,3.0,3.84,2.77,0.0504,95.57,7,2996.07,0.2333,1.66,113.37,Defect
723,3,2024-06-29 20:00:00,483.0,14371.76,87.22,5.0,2.1249,68.39,15.0,3.52,8.95,0.0094,87.32,1,3477.2,0.4223,3.58,226.65,Defect
724,4,2024-06-30 02:00:00,663.0,6076.64,92.75,1.0,4.335,73.13,21.0,0.57,2.77,0.0617,92.42,5,4104.35,0.2788,4.82,169.94,Defect
725,5,2024-06-30 08:00:00,950.0,15239.26,81.41,4.0,2.992,94.8,0.0,0.42,2.11,0.0678,98.49,3,4771.77,0.1014,8.71,293.34,Defect
726,6,2024-06-30 14:00:00,605.0,8628.98,87.23,4.0,3.7304,89.85,8.0,4.2,5.76,0.0627,91.51,8,4660.68,0.4778,6.07,158.93,Defect
727,1,2024-06-30 20:00:00,466.0,15709.29,90.7,4.0,4.5367,68.76,7.0,2.14,7.85,0.0801,92.75,4,4760.54,0.2023,1.41,155.17,Defect
728,2,2024-07-01 02:00:00,243.0,17338.02,99.92,5.0,4.5578,62.88,5.0,2.26,5.66,0.0731,92.86,3,1128.5,0.4322,8.22,450.79,Defect
729,3,2024-07-01 08:00:00,984.0,17059.38,89.49,4.0,1.9783,88.63,19.0,4.24,2.41,0.0433,92.25,7,3847.1,0.4266,1.49,468.52,Defect
730,4,2024-07-01 14:00:00,168.0,13287.51,96.32,0.0,4.786,75.63,17.0,3.11,7.52,0.0819,83.2,2,1903.43,0.1649,9.41,485.69,Defect
731,5,2024-07-01 20:00:00,198.0,12802.55,88.64,0.0,0.6119,90.64,15.0,0.9,7.14,0.0692,89.13,8,1750.21,0.2896,2.91,372.2,Defect
732,6,2024-07-02 02:00:00,495.0,7143.14,95.93,3.0,2.1958,77.81,7.0,1.06,7.45,0.012,80.15,7,4201.27,0.1161,5.39,408.41,No Defect
733,1,2024-07-02 08:00:00,124.0,16630.19,91.91,4.0,4.5311,73.84,22.0,0.03,3.69,0.054,92.53,7,2668.52,0.2418,1.65,434.31,Defect
734,2,2024-07-02 14:00:00,990.0,9071.14,97.73,1.0,1.7359,78.05,3.0,3.55,8.37,0.0729,91.51,9,4666.4,0.3924,6.06,363.57,Defect
735,3,2024-07-02 20:00:00,568.0,12450.43,88.22,3.0,1.7289,89.94,2.0,2.43,5.83,0.0553,86.36,4,1169.74,0.1948,5.48,232.1,No Defect
736,4,2024-07-03 02:00:00,583.0,9264.11,92.09,5.0,1.8618,96.09,14.0,4.75,6.29,0.0949,90.48,0,4208.72,0.1469,4.69,162.55,Defect
737,5,2024-07-03 08:00:00,664.0,7007.43,92.6,4.0,3.2554,61.99,5.0,3.57,6.37,0.0101,89.86,9,1547.34,0.3028,1.32,194.91,Defect
738,6,2024-07-03 14:00:00,250.0,14443.37,88.35,0.0,2.4725,80.96,0.0,0.52,4.29,0.0722,85.02,8,1706.31,0.3148,8.91,436.17,No Defect
739,1,2024-07-03 20:00:00,243.0,5814.98,82.89,1.0,3.7703,61.31,17.0,0.81,4.0,0.0824,85.87,1,2909.41,0.3703,8.22,378.44,Defect
740,2,2024-07-04 02:00:00,668.0,16229.68,81.87,3.0,4.5271,78.74,22.0,2.51,2.04,0.0703,95.25,0,2582.36,0.4037,6.7,282.32,Defect
741,3,2024-07-04 08:00:00,138.0,9763.8,80.33,1.0,3.5339,95.41,10.0,4.62,5.17,0.0386,95.11,5,2944.69,0.3783,6.15,111.76,Defect
742,4,2024-07-04 14:00:00,208.0,5002.02,97.47,4.0,1.4201,74.46,2.0,1.24,5.88,0.0385,89.4,0,4760.11,0.4382,7.25,206.48,Defect
743,5,2024-07-04 20:00:00,792.0,12666.94,84.73,2.0,4.6971,97.3,12.0,4.13,7.94,0.0587,94.35,9,3629.56,0.1892,2.3,391.56,Defect
744,6,2024-07-05 02:00:00,141.0,5702.78,84.23,1.0,1.6902,85.22,16.0,1.56,2.53,0.0397,89.02,9,2161.24,0.3279,9.39,304.95,Defect
745,1,2024-07-05 08:00:00,285.0,9142.54,94.72,1.0,1.1745,97.37,17.0,1.35,9.39,0.0883,97.03,9,1691.63,0.244,3.56,274.21,Defect
746,2,2024-07-05 14:00:00,497.0,15604.65,86.4,5.0,0.9049,90.29,13.0,4.51,4.11,0.011,86.66,6,2680.19,0.4848,6.91,225.47,Defect
747,3,2024-07-05 20:00:00,322.0,5940.34,90.12,0.0,3.0352,64.14,6.0,0.24,4.93,0.0639,98.55,6,2806.56,0.2761,6.46,342.77,Defect
748,4,2024-07-06 02:00:00,733.0,17590.08,83.25,4.0,1.0119,69.25,6.0,3.3,2.39,0.0134,90.85,0,3405.18,0.4839,6.73,486.55,Defect
749,5,2024-07-06 08:00:00,232.0,5057.3,99.19,1.0,1.1245,75.77,13.0,0.22,7.23,0.054,90.71,9,2064.01,0.4076,8.91,460.45,Defect
750,6,2024-07-06 14:00:00,262.0,8702.36,97.03,4.0,1.8501,66.8,23.0,4.0,7.67,0.0716,93.42,4,4070.04,0.3874,3.66,112.2,Defect
751,1,2024-07-06 20:00:00,314.0,16113.56,97.28,0.0,1.7674,79.8,14.0,4.15,9.43,0.0166,86.82,2,1393.84,0.2966,7.74,292.38,Defect
752,2,2024-07-07 02:00:00,832.0,9744.05,88.14,5.0,3.2191,78.85,11.0,4.47,4.69,0.0704,94.49,1,3241.81,0.2774,6.39,231.79,Defect
753,3,2024-07-07 08:00:00,334.0,6528.39,95.25,4.0,4.1754,98.25,11.0,0.93,4.06,0.014,86.41,4,3494.13,0.3106,1.68,304.24,Defect
754,4,2024-07-07 14:00:00,942.0,10403.51,82.88,0.0,3.9261,77.35,7.0,0.62,7.81,0.0621,87.95,4,1827.33,0.2175,4.73,342.49,Defect
755,5,2024-07-07 20:00:00,757.0,9055.9,80.17,0.0,1.6812,91.43,15.0,2.52,7.65,0.0506,93.49,1,4304.05,0.4618,8.54,180.01,Defect
756,6,2024-07-08 02:00:00,850.0,17640.68,80.4,3.0,1.6039,97.68,8.0,1.36,9.5,0.0298,87.57,5,3461.73,0.4177,3.84,412.63,Defect
757,1,2024-07-08 08:00:00,687.0,9700.22,91.73,5.0,4.8461,95.08,1.0,3.03,3.64,0.0112,84.0,6,3582.89,0.4206,5.34,290.03,Defect
758,2,2024-07-08 14:00:00,108.0,16833.99,89.11,5.0,0.5371,68.35,13.0,2.57,7.64,0.0736,97.44,0,2990.97,0.2733,5.4,496.8,Defect
759,3,2024-07-08 20:00:00,173.0,18378.08,90.36,4.0,4.4587,79.84,23.0,0.72,2.53,0.0382,98.44,2,4638.38,0.1284,6.56,110.05,Defect
760,4,2024-07-09 02:00:00,591.0,11507.26,80.15,2.0,1.3988,73.91,23.0,3.7,5.84,0.0087,92.53,3,3775.71,0.3732,8.96,175.89,Defect
761,5,2024-07-09 08:00:00,352.0,18649.15,88.45,3.0,4.7628,75.99,15.0,4.02,2.96,0.0773,96.22,1,2527.34,0.2498,2.56,375.85,Defect
762,6,2024-07-09 14:00:00,329.0,10659.77,94.36,5.0,2.0404,74.43,4.0,4.82,7.23,0.0233,99.73,9,1954.42,0.4482,5.54,378.07,Defect
763,1,2024-07-09 20:00:00,618.0,19461.18,88.85,0.0,2.4816,93.05,4.0,1.98,6.81,0.0736,92.3,4,1284.25,0.4121,4.82,332.88,No Defect
764,2,2024-07-10 02:00:00,273.0,6339.34,94.64,5.0,3.682,78.09,19.0,1.69,2.39,0.0565,98.18,3,1661.44,0.1581,3.66,488.78,Defect
765,3,2024-07-10 08:00:00,752.0,15305.29,84.66,2.0,3.1445,80.95,20.0,0.96,4.56,0.0195,87.19,1,4970.73,0.3407,9.28,266.13,Defect
766,4,2024-07-10 14:00:00,267.0,12407.21,96.26,1.0,1.9307,99.3,17.0,0.9,5.16,0.0076,94.01,0,2627.07,0.3769,1.07,266.81,Defect
767,5,2024-07-10 20:00:00,269.0,10814.73,91.77,1.0,2.9922,62.4,17.0,1.61,3.98,0.0593,81.12,7,4594.75,0.3273,2.1,464.19,Defect
768,6,2024-07-11 02:00:00,492.0,14490.68,84.22,5.0,3.7882,79.52,4.0,4.91,2.31,0.0025,95.78,1,1682.28,0.3056,7.6,315.38,Defect
769,1,2024-07-11 08:00:00,894.0,15557.86,84.73,5.0,0.6905,90.96,10.0,0.46,4.55,0.0065,96.6,3,2701.44,0.1911,3.37,241.49,Defect
770,2,2024-07-11 14:00:00,733.0,5065.45,92.56,3.0,0.5504,66.05,12.0,1.3,8.34,0.0702,88.02,9,4842.07,0.1944,7.51,387.58,Defect
771,3,2024-07-11 20:00:00,293.0,7504.3,96.6,5.0,2.5613,84.46,2.0,0.43,4.88,0.0539,92.78,4,1364.53,0.4072,8.49,347.87,No Defect
772,4,2024-07-12 02:00:00,616.0,15695.69,88.31,2.0,1.0933,69.58,16.0,1.37,4.59,0.0326,97.17,1,3375.94,0.1075,3.29,222.56,Defect
773,5,2024-07-12 08:00:00,128.0,14995.78,85.17,5.0,3.4895,94.7,17.0,0.46,9.53,0.0539,97.67,9,4676.69,0.4116,2.73,219.17,Defect
774,6,2024-07-12 14:00:00,264.0,19490.71,97.34,4.0,1.4632,73.08,13.0,2.54,2.33,0.0592,82.13,8,4798.73,0.3107,2.31,258.25,Defect
775,1,2024-07-12 20:00:00,521.0,16415.57,93.39,2.0,2.4478,73.16,11.0,2.19,8.14,0.0565,96.55,1,4384.03,0.4745,2.8,128.65,Defect
776,2,2024-07-13 02:00:00,438.0,19261.59,88.96,3.0,1.3895,83.93,13.0,0.87,5.86,0.0643,85.48,5,4423.74,0.4989,3.4,477.05,Defect
777,3,2024-07-13 08:00:00,747.0,15538.11,89.76,4.0,2.9682,67.34,17.0,0.87,9.56,0.094,94.55,6,3608.73,0.3654,8.82,173.21,Defect
778,4,2024-07-13 14:00:00,595.0,9470.78,84.09,4.0,1.0222,71.4,19.0,3.13,5.15,0.0389,86.5,5,1881.69,0.2649,7.93,177.53,Defect
779,5,2024-07-13 20:00:00,464.0,6580.47,92.54,1.0,0.604,76.67,1.0,1.94,7.66,0.0301,81.13,3,3922.71,0.29,1.02,358.82,No Defect
780,6,2024-07-14 02:00:00,932.0,16727.36,87.17,2.0,0.7301,74.15,6.0,0.28,2.56,0.0038,84.2,0,4913.54,0.1817,8.87,389.7,Defect
781,1,2024-07-14 08:00:00,441.0,14662.24,99.91,4.0,4.7942,81.0,14.0,4.6,9.43,0.0147,88.17,1,3103.73,0.1397,1.71,394.73,Defect
782,2,2024-07-14 14:00:00,599.0,5722.79,89.6,3.0,1.1403,83.99,9.0,2.02,4.76,0.0106,94.82,9,2042.79,0.3315,6.9,250.03,No Defect
783,3,2024-07-14 20:00:00,756.0,10400.76,89.72,1.0,3.6882,82.67,14.0,2.96,6.19,0.0335,82.01,9,3293.88,0.4222,2.36,449.33,Defect
784,4,2024-07-15 02:00:00,610.0,19352.0,91.32,4.0,0.8057,86.17,16.0,4.43,3.11,0.061,96.26,5,3762.44,0.2047,1.56,317.6,Defect
785,5,2024-07-15 08:00:00,426.0,12506.02,98.34,2.0,0.9867,72.31,10.0,2.01,9.56,0.0046,99.94,7,1833.12,0.2679,7.84,275.44,Defect
786,6,2024-07-15 14:00:00,316.0,11490.94,96.02,1.0,2.7899,65.06,1.0,4.1,7.38,0.0728,95.77,2,3876.76,0.3219,5.2,424.15,Defect
787,1,2024-07-15 20:00:00,400.0,11865.49,89.02,2.0,2.5919,90.43,20.0,4.57,2.43,0.0397,89.47,6,3349.73,0.4632,6.39,197.42,Defect
788,2,2024-07-16 02:00:00,231.0,8133.24,94.37,2.0,4.7821,94.03,17.0,0.87,3.24,0.0964,91.36,8,3449.4,0.1555,4.83,444.07,Defect
789,3,2024-07-16 08:00:00,903.0,10530.61,91.72,2.0,4.7518,70.28,3.0,4.46,5.2,0.0568,80.12,3,2223.95,0.1948,1.6,315.53,Defect
790,4,2024-07-16 14:00:00,169.0,10547.2,89.85,1.0,4.0082,76.28,8.0,0.6,3.73,0.0771,84.19,6,1621.07,0.4674,7.66,460.02,Defect
791,5,2024-07-16 20:00:00,351.0,5785.33,83.85,4.0,3.2095,79.94,16.0,1.38,4.44,0.0861,97.98,6,3493.8,0.1158,8.38,180.65,Defect
792,6,2024-07-17 02:00:00,514.0,16513.51,89.28,5.0,2.5473,81.33,16.0,4.04,9.98,0.0889,80.43,9,3344.93,0.3624,1.37,474.43,Defect
793,1,2024-07-17 08:00:00,886.0,11247.57,84.92,0.0,2.1028,86.38,16.0,4.5,7.27,0.0518,98.1,8,2352.05,0.3558,4.38,375.15,Defect
794,2,2024-07-17 14:00:00,544.0,17332.7,98.3,4.0,4.7619,61.66,15.0,3.42,9.38,0.0397,82.27,2,2183.57,0.2533,6.02,347.33,Defect
795,3,2024-07-17 20:00:00,975.0,17755.22,86.71,1.0,3.2131,88.86,19.0,0.52,5.49,0.0561,82.66,0,2388.98,0.2873,6.45,268.83,Defect
796,4,2024-07-18 02:00:00,281.0,8179.91,99.05,0.0,3.1058,62.48,7.0,2.61,7.68,0.0402,83.51,7,2959.53,0.442,6.2,482.53,Defect
797,5,2024-07-18 08:00:00,266.0,14860.3,90.66,0.0,1.5436,78.73,22.0,2.86,5.68,0.0241,95.99,3,4899.28,0.166,7.24,277.57,Defect
798,6,2024-07-18 14:00:00,190.0,12084.23,92.63,0.0,0.7101,93.11,14.0,1.41,4.63,0.0324,89.56,1,4054.26,0.1926,9.7,299.42,Defect
799,1,2024-07-18 20:00:00,813.0,18202.35,90.86,5.0,4.7533,78.05,0.0,4.96,6.15,0.0233,82.9,4,4406.96,0.3049,4.52,412.6,Defect
800,2,2024-07-19 02:00:00,957.0,8236.11,82.59,3.0,1.9118,65.96,18.0,1.68,5.42,0.0269,93.74,3,3022.6,0.2639,6.01,213.94,Defect
801,3,2024-07-19 08:00:00,630.0,15167.2,87.52,1.0,2.4917,99.4,14.0,1.05,9.84,0.0094,98.81,0,3104.49,0.3297,7.29,216.6,Defect
802,4,2024-07-19 14:00:00,138.0,14116.28,81.98,5.0,1.0159,95.57,8.0,0.55,5.97,0.0426,91.45,6,1817.3,0.4683,6.33,410.12,No Defect
803,5,2024-07-19 20:00:00,225.0,9429.52,92.46,5.0,4.2662,90.85,4.0,1.89,8.49,0.0235,81.97,3,3884.18,0.4668,4.48,151.43,Defect
804,6,2024-07-20 02:00:00,550.0,7049.01,88.94,3.0,0.6243,76.46,15.0,3.46,7.33,0.0448,81.1,7,2686.34,0.192,6.62,429.19,Defect
805,1,2024-07-20 08:00:00,272.0,14774.6,95.56,0.0,4.253,67.35,12.0,1.16,5.84,0.0792,95.92,8,3969.79,0.2209,6.85,350.07,Defect
806,2,2024-07-20 14:00:00,752.0,16078.96,84.41,3.0,1.1313,97.66,15.0,3.85,5.79,0.0448,92.52,7,2636.22,0.1648,6.26,315.63,Defect
807,3,2024-07-20 20:00:00,853.0,9734.41,83.29,3.0,4.4895,81.29,21.0,0.68,4.74,0.0955,98.45,0,1434.07,0.4711,2.85,191.64,Defect
808,4,2024-07-21 02:00:00,319.0,14672.49,88.13,5.0,3.784,94.09,10.0,2.2,2.86,0.0148,90.95,7,1692.21,0.2591,5.55,414.55,Defect
809,5,2024-07-21 08:00:00,737.0,10926.96,98.53,1.0,1.241,73.68,12.0,3.51,8.09,0.085,81.25,4,4246.28,0.2799,8.96,421.98,Defect
810,6,2024-07-21 14:00:00,157.0,15698.1,94.21,2.0,3.0462,73.41,5.0,0.68,9.34,0.0248,88.07,0,2034.47,0.4211,8.82,293.18,Defect
811,1,2024-07-21 20:00:00,759.0,7988.23,88.38,3.0,1.907,99.42,19.0,2.99,3.74,0.0934,93.16,8,2057.42,0.3052,7.76,255.67,Defect
812,2,2024-07-22 02:00:00,575.0,18353.23,90.35,3.0,1.302,80.87,16.0,3.99,9.41,0.0227,87.7,8,4717.47,0.1479,7.27,198.46,Defect
813,3,2024-07-22 08:00:00,555.0,9311.14,81.68,0.0,4.3663,65.63,4.0,2.98,3.86,0.0747,99.99,6,3630.54,0.2751,2.38,401.69,Defect
814,4,2024-07-22 14:00:00,928.0,10516.79,99.69,0.0,2.3159,68.79,16.0,2.56,6.24,0.0062,88.11,6,1457.23,0.3522,5.14,355.78,Defect
815,5,2024-07-22 20:00:00,994.0,5871.38,93.33,5.0,2.2934,79.28,0.0,4.19,4.75,0.063,90.92,0,1574.34,0.3877,2.0,182.65,Defect
816,6,2024-07-23 02:00:00,460.0,6672.68,85.71,0.0,1.2645,61.7,4.0,4.93,2.92,0.0219,84.51,8,2089.47,0.3581,8.36,417.79,Defect
817,1,2024-07-23 08:00:00,100.0,12737.93,91.72,4.0,2.2238,78.5,4.0,0.91,2.42,0.067,83.04,0,3375.98,0.1477,3.62,452.88,No Defect
818,2,2024-07-23 14:00:00,486.0,9013.89,82.19,3.0,4.4223,76.76,6.0,3.46,4.92,0.0636,92.91,6,4011.3,0.2217,7.9,123.7,Defect
819,3,2024-07-23 20:00:00,447.0,17532.2,99.32,0.0,2.1341,91.17,15.0,0.4,2.38,0.0924,91.77,8,2097.99,0.3934,8.33,408.97,Defect
820,4,2024-07-24 02:00:00,289.0,5220.4,83.5,1.0,4.7822,74.2,17.0,0.21,2.83,0.0627,80.09,8,4482.57,0.4521,9.03,441.12,Defect
821,5,2024-07-24 08:00:00,604.0,10686.41,92.96,4.0,4.7584,99.3,5.0,1.4,3.14,0.0408,85.7,4,1436.72,0.1189,7.78,496.6,Defect
822,6,2024-07-24 14:00:00,290.0,10060.18,84.91,5.0,1.152,67.23,1.0,4.85,2.02,0.0194,92.87,5,1830.4,0.1169,6.08,195.04,Defect
823,1,2024-07-24 20:00:00,607.0,5289.91,94.35,2.0,1.2979,83.64,12.0,2.76,3.23,0.0657,96.24,1,4881.86,0.3574,6.38,248.4,Defect
824,2,2024-07-25 02:00:00,468.0,6865.53,95.54,3.0,4.382,63.59,9.0,1.34,6.62,0.0116,86.25,1,1538.98,0.3192,3.89,486.48,Defect
825,3,2024-07-25 08:00:00,508.0,11204.64,93.47,3.0,2.2674,89.35,20.0,0.66,8.56,0.0829,92.95,9,4552.45,0.1621,2.59,137.61,Defect
826,4,2024-07-25 14:00:00,923.0,12392.97,92.29,1.0,0.5197,99.79,19.0,4.6,3.55,0.0247,85.31,8,3815.74,0.3193,2.18,309.48,Defect
827,5,2024-07-25 20:00:00,216.0,11064.35,97.85,2.0,1.7324,92.77,10.0,1.81,2.65,0.0524,93.81,0,1292.35,0.4898,2.64,302.7,No Defect
828,6,2024-07-26 02:00:00,233.0,12964.07,81.57,2.0,3.1893,82.23,20.0,1.53,7.84,0.0596,93.96,9,2934.83,0.3524,9.41,342.62,Defect
829,1,2024-07-26 08:00:00,157.0,13926.98,86.62,5.0,4.0967,79.39,1.0,4.29,2.07,0.0362,82.6,4,3075.92,0.2797,2.48,232.32,Defect
830,2,2024-07-26 14:00:00,655.0,5148.86,84.97,5.0,1.1002,93.4,7.0,3.02,7.87,0.0664,93.3,6,4728.56,0.431,7.51,470.37,No Defect
831,3,2024-07-26 20:00:00,784.0,11961.43,99.76,4.0,0.9974,97.44,23.0,0.84,3.05,0.025,86.67,9,2684.42,0.1851,2.66,208.02,Defect
832,4,2024-07-27 02:00:00,771.0,19452.49,87.79,3.0,4.6494,99.57,21.0,2.11,3.83,0.0035,83.45,5,2787.05,0.2657,9.78,359.88,Defect
833,5,2024-07-27 08:00:00,272.0,12785.48,94.65,0.0,3.8802,75.86,18.0,4.64,2.96,0.0959,90.01,5,1449.94,0.3111,4.3,298.37,Defect
834,6,2024-07-27 14:00:00,928.0,15163.13,93.69,5.0,3.154,99.64,19.0,4.51,3.98,0.032,89.05,5,3556.69,0.3018,4.71,206.67,Defect
835,1,2024-07-27 20:00:00,914.0,9677.96,84.24,1.0,3.9613,66.24,16.0,0.35,8.39,0.0713,95.48,7,1843.59,0.4684,4.64,175.54,Defect
836,2,2024-07-28 02:00:00,248.0,16609.87,84.78,1.0,2.4298,70.14,15.0,1.34,3.06,0.0508,81.69,6,1310.13,0.2171,8.35,482.62,Defect
837,3,2024-07-28 08:00:00,179.0,16593.82,85.63,1.0,3.9131,63.56,9.0,0.77,9.95,0.0669,95.8,4,4987.68,0.1226,2.96,324.52,Defect
838,4,2024-07-28 14:00:00,985.0,12819.44,88.22,5.0,2.1731,70.87,4.0,2.67,4.62,0.0111,82.12,9,2078.52,0.4666,8.48,341.68,Defect
839,5,2024-07-28 20:00:00,312.0,19640.21,84.69,5.0,1.5984,90.72,13.0,3.75,9.38,0.0519,84.15,1,1564.21,0.1868,6.91,413.16,Defect
840,6,2024-07-29 02:00:00,302.0,6883.25,80.39,1.0,3.7806,94.12,23.0,1.48,3.52,0.0392,90.32,9,3797.96,0.2516,2.98,132.49,Defect
841,1,2024-07-29 08:00:00,863.0,5254.21,97.59,5.0,2.3885,91.16,18.0,3.79,3.5,0.0452,89.26,5,4286.73,0.3124,1.59,385.51,Defect
842,2,2024-07-29 14:00:00,328.0,16552.37,99.31,0.0,4.9162,85.24,3.0,3.34,6.52,0.0966,99.78,9,1256.31,0.4904,7.97,166.06,Defect
843,3,2024-07-29 20:00:00,775.0,17107.33,86.83,0.0,2.0727,80.56,19.0,3.64,2.4,0.0136,91.79,4,1421.57,0.3141,2.97,396.19,Defect
844,4,2024-07-30 02:00:00,326.0,6803.11,86.77,4.0,4.6478,88.35,15.0,4.74,8.41,0.0755,86.55,3,1360.7,0.2791,9.0,156.53,Defect
845,5,2024-07-30 08:00:00,758.0,8983.74,80.14,3.0,4.6983,75.63,23.0,2.12,5.52,0.033,98.0,9,1187.84,0.3335,2.17,433.0,Defect
846,6,2024-07-30 14:00:00,631.0,5263.29,93.61,0.0,1.5883,93.65,14.0,1.71,7.59,0.029,86.24,4,3637.83,0.4883,6.55,372.41,Defect
847,1,2024-07-30 20:00:00,540.0,9399.63,96.51,4.0,4.092,87.09,8.0,3.42,3.4,0.0271,85.48,8,3353.25,0.4272,7.23,254.36,Defect
848,2,2024-07-31 02:00:00,501.0,16597.13,82.93,2.0,2.4488,87.91,2.0,4.04,7.14,0.0349,89.89,1,3651.23,0.1676,6.92,243.53,No Defect
849,3,2024-07-31 08:00:00,146.0,12769.41,83.19,3.0,4.6289,81.44,22.0,0.96,6.75,0.0357,98.26,5,3022.67,0.4213,3.84,159.58,Defect
850,4,2024-07-31 14:00:00,332.0,10221.43,95.8,0.0,2.5256,95.41,8.0,4.23,8.05,0.0271,94.17,8,4270.03,0.4364,8.88,461.62,No Defect
851,5,2024-07-31 20:00:00,404.0,10576.09,92.33,2.0,3.8494,70.08,17.0,0.29,4.38,0.0667,93.55,9,3186.67,0.3763,7.93,147.41,Defect
852,6,2024-08-01 02:00:00,625.0,5020.3,80.9,4.0,2.6014,75.25,3.0,0.03,9.47,0.0048,94.52,4,4674.99,0.3629,5.59,288.83,No Defect
853,1,2024-08-01 08:00:00,242.0,9497.01,92.45,0.0,1.5251,91.11,18.0,0.79,9.69,0.0332,93.19,5,2942.59,0.2764,6.43,194.61,Defect
854,2,2024-08-01 14:00:00,514.0,14696.88,86.18,0.0,1.3971,79.71,23.0,4.89,8.94,0.028,95.2,9,4162.63,0.3567,6.1,498.53,Defect
855,3,2024-08-01 20:00:00,612.0,19612.92,87.37,5.0,2.4144,95.57,3.0,2.62,6.58,0.0751,83.86,3,2629.44,0.395,9.52,334.34,No Defect
856,4,2024-08-02 02:00:00,472.0,17705.91,95.39,2.0,3.8997,73.86,8.0,0.23,5.36,0.0146,83.55,4,2740.9,0.1491,9.07,159.83,Defect
857,5,2024-08-02 08:00:00,665.0,5353.92,96.22,0.0,3.2228,74.77,0.0,4.99,2.46,0.0941,87.24,7,4395.97,0.2029,3.12,367.03,Defect
858,6,2024-08-02 14:00:00,985.0,18478.41,88.01,1.0,3.5988,95.55,0.0,3.72,9.58,0.0171,97.02,0,1430.64,0.1776,3.36,496.64,Defect
859,1,2024-08-02 20:00:00,358.0,16747.98,98.94,5.0,1.7705,78.57,19.0,4.19,9.61,0.037,94.29,0,3259.67,0.4365,9.83,342.02,Defect
860,2,2024-08-03 02:00:00,755.0,16705.64,88.13,5.0,2.6665,80.64,18.0,1.06,2.15,0.02,91.33,9,3905.35,0.372,3.13,282.95,Defect
861,3,2024-08-03 08:00:00,570.0,11869.94,95.44,0.0,0.6998,73.31,2.0,0.53,4.86,0.0287,80.39,3,4001.68,0.2803,9.58,217.31,Defect
862,4,2024-08-03 14:00:00,111.0,10970.08,89.68,5.0,4.1789,71.07,9.0,2.58,9.04,0.0761,84.72,9,3365.97,0.4304,6.85,136.85,Defect
863,5,2024-08-03 20:00:00,429.0,9543.74,97.95,3.0,4.9545,86.24,11.0,3.86,2.65,0.0476,96.07,2,2792.26,0.3867,1.45,191.3,Defect
864,6,2024-08-04 02:00:00,835.0,5985.42,98.16,2.0,2.331,64.79,17.0,3.19,3.57,0.0163,84.85,4,2043.13,0.4654,4.02,321.45,Defect
865,1,2024-08-04 08:00:00,883.0,8423.53,81.75,3.0,0.5493,95.17,13.0,3.16,9.83,0.0047,94.61,9,4637.7,0.1307,5.29,401.51,Defect
866,2,2024-08-04 14:00:00,457.0,8699.05,98.73,4.0,1.2641,91.17,9.0,3.79,8.78,0.023,83.69,7,2479.15,0.3037,8.5,451.17,No Defect
867,3,2024-08-04 20:00:00,507.0,12261.16,96.51,3.0,3.4364,67.63,9.0,1.14,9.3,0.0946,92.13,0,4195.97,0.3827,3.96,417.48,Defect
868,4,2024-08-05 02:00:00,767.0,16211.67,95.83,1.0,3.2544,87.76,17.0,3.31,3.14,0.0845,92.56,4,1126.66,0.183,3.8,150.19,Defect
869,5,2024-08-05 08:00:00,472.0,12107.15,84.02,5.0,4.0454,84.11,23.0,1.96,3.69,0.044,95.04,4,1928.68,0.2309,9.28,409.38,Defect
870,6,2024-08-05 14:00:00,107.0,5867.67,96.1,5.0,1.6425,67.38,0.0,0.35,6.84,0.0482,88.77,1,2382.34,0.2676,1.71,332.64,Defect
871,1,2024-08-05 20:00:00,221.0,19366.85,97.0,1.0,3.9363,70.93,14.0,1.01,6.01,0.0899,92.65,4,3686.3,0.4177,5.96,287.64,Defect
872,2,2024-08-06 02:00:00,447.0,19140.86,85.78,5.0,3.5959,76.36,7.0,3.97,4.39,0.0591,89.74,7,2277.32,0.2974,5.54,329.11,Defect
873,3,2024-08-06 08:00:00,775.0,16777.84,99.05,3.0,1.9527,87.97,2.0,4.48,9.07,0.0881,98.95,9,1165.46,0.2971,1.52,103.23,No Defect
874,4,2024-08-06 14:00:00,189.0,19869.92,81.0,4.0,2.9547,85.55,17.0,1.41,9.21,0.0492,90.44,6,1695.47,0.2724,1.79,127.09,Defect
875,5,2024-08-06 20:00:00,747.0,13167.23,83.0,0.0,1.1627,81.29,8.0,0.95,4.33,0.02,84.19,1,2036.66,0.1914,4.44,310.34,No Defect
876,6,2024-08-07 02:00:00,797.0,19441.53,90.75,1.0,2.5365,90.74,15.0,0.13,3.25,0.0726,93.36,5,1704.19,0.4692,2.21,169.45,Defect
877,1,2024-08-07 08:00:00,415.0,6134.08,91.52,3.0,4.4654,90.32,20.0,4.74,3.19,0.0526,90.97,9,1814.9,0.2271,5.3,318.22,Defect
878,2,2024-08-07 14:00:00,277.0,10485.21,92.9,3.0,2.3954,84.71,14.0,3.42,5.88,0.0668,96.08,0,4075.83,0.327,6.48,241.69,Defect
879,3,2024-08-07 20:00:00,639.0,8380.72,80.34,3.0,4.2781,91.48,4.0,4.79,3.06,0.0157,83.54,9,2648.13,0.1595,7.22,462.96,Defect
880,4,2024-08-08 02:00:00,831.0,7937.5,99.21,0.0,3.1561,73.37,12.0,4.32,5.79,0.0648,85.22,9,2620.72,0.2737,5.92,479.87,Defect
881,5,2024-08-08 08:00:00,968.0,7112.04,80.89,2.0,1.3634,95.25,21.0,1.7,5.7,0.0382,98.43,2,4866.43,0.4615,4.42,491.91,Defect
882,6,2024-08-08 14:00:00,140.0,14336.2,82.86,5.0,3.115,84.6,19.0,0.56,9.07,0.0332,98.6,5,2786.81,0.4982,2.17,459.58,Defect
883,1,2024-08-08 20:00:00,839.0,16719.83,80.28,5.0,2.7769,92.89,6.0,2.5,4.37,0.0671,88.85,8,4710.63,0.2447,3.23,494.36,Defect
884,2,2024-08-09 02:00:00,803.0,13674.48,91.34,4.0,2.2939,81.85,15.0,0.13,6.49,0.0592,80.96,0,2196.25,0.1616,4.77,382.46,Defect
885,3,2024-08-09 08:00:00,601.0,7204.44,98.65,2.0,1.0383,68.74,6.0,0.75,7.95,0.0649,86.13,5,2602.51,0.2258,9.32,484.22,Defect
886,4,2024-08-09 14:00:00,244.0,17166.86,93.32,5.0,2.3752,81.7,21.0,1.17,6.77,0.0965,84.94,1,2585.13,0.2309,2.82,356.72,Defect
887,5,2024-08-09 20:00:00,300.0,14539.32,96.45,4.0,0.8274,74.84,15.0,3.33,9.63,0.0701,88.29,8,3184.32,0.3578,4.72,423.69,Defect
888,6,2024-08-10 02:00:00,823.0,10822.49,80.27,4.0,0.9445,87.9,12.0,2.55,6.82,0.0641,86.36,1,3336.99,0.2985,7.59,152.76,Defect
889,1,2024-08-10 08:00:00,560.0,15111.95,90.84,3.0,2.3716,79.03,16.0,1.51,9.21,0.0614,96.58,2,1992.5,0.4074,7.35,373.04,Defect
890,2,2024-08-10 14:00:00,831.0,8898.57,89.19,1.0,1.8742,93.44,8.0,2.82,3.96,0.0399,80.06,1,4174.34,0.3805,9.69,472.44,Defect
891,3,2024-08-10 20:00:00,851.0,10177.88,89.98,3.0,4.6649,87.12,11.0,0.63,6.49,0.0839,92.89,3,2986.1,0.2005,2.72,316.02,Defect
892,4,2024-08-11 02:00:00,657.0,18762.29,81.44,0.0,2.1907,87.38,12.0,3.78,6.35,0.0381,93.29,3,1028.17,0.4137,1.15,174.73,Defect
893,5,2024-08-11 08:00:00,646.0,9357.57,93.69,5.0,3.9104,68.69,8.0,3.56,9.92,0.07,93.21,9,3365.36,0.439,3.9,310.76,Defect
894,6,2024-08-11 14:00:00,352.0,12049.82,90.06,4.0,2.8861,99.37,4.0,1.08,3.64,0.0293,90.41,0,4192.24,0.3394,2.35,382.78,No Defect
895,1,2024-08-11 20:00:00,489.0,18352.12,95.3,1.0,3.6684,93.67,6.0,3.03,3.13,0.0148,92.22,7,2001.87,0.4711,5.94,407.92,Defect
896,2,2024-08-12 02:00:00,693.0,15615.82,89.71,5.0,1.6705,91.56,0.0,2.52,6.89,0.013,96.21,4,1151.48,0.4132,9.09,309.48,No Defect
897,3,2024-08-12 08:00:00,982.0,5933.05,82.99,4.0,4.7386,73.21,3.0,0.3,3.79,0.0635,95.68,7,4228.71,0.3382,7.19,186.95,Defect
898,4,2024-08-12 14:00:00,355.0,7209.55,92.97,4.0,2.8854,81.43,3.0,1.39,7.11,0.0328,80.69,5,4905.11,0.4625,2.22,470.68,No Defect
899,5,2024-08-12 20:00:00,808.0,5117.62,83.45,3.0,4.241,65.48,15.0,5.0,9.78,0.0275,80.61,1,1306.25,0.3401,2.04,409.45,Defect
900,6,2024-08-13 02:00:00,914.0,14463.83,97.45,1.0,2.1427,81.54,4.0,0.5,9.57,0.0592,96.78,6,4752.15,0.3085,9.2,208.28,Defect
901,1,2024-08-13 08:00:00,549.0,11715.1,92.26,1.0,0.951,65.84,21.0,2.53,3.85,0.0026,91.49,9,2437.1,0.2425,5.39,424.73,Defect
902,2,2024-08-13 14:00:00,109.0,7014.12,83.14,5.0,3.5317,82.12,3.0,4.25,3.37,0.0246,99.15,8,4765.76,0.4531,9.31,239.15,Defect
903,3,2024-08-13 20:00:00,923.0,19369.01,99.25,4.0,0.5349,85.95,5.0,1.5,6.49,0.0341,88.63,6,3595.36,0.1491,7.63,224.97,Defect
904,4,2024-08-14 02:00:00,897.0,12944.9,90.37,1.0,2.6388,75.61,22.0,1.3,6.69,0.0708,83.53,4,4560.98,0.2894,9.94,445.23,Defect
905,5,2024-08-14 08:00:00,341.0,8628.4,81.46,1.0,1.3676,79.94,2.0,4.45,7.3,0.0545,89.46,3,4143.33,0.315,8.84,449.29,No Defect
906,6,2024-08-14 14:00:00,350.0,12509.05,92.54,5.0,3.3232,95.03,7.0,1.52,7.93,0.0856,88.73,7,1111.99,0.3219,4.73,259.39,Defect
907,1,2024-08-14 20:00:00,976.0,15194.3,85.06,3.0,4.9074,64.34,16.0,3.26,6.81,0.0335,90.34,5,1261.77,0.3608,7.82,103.57,Defect
908,2,2024-08-15 02:00:00,104.0,6143.59,96.07,2.0,2.5898,91.67,17.0,3.7,2.89,0.0296,96.16,4,3102.98,0.3023,5.24,174.63,Defect
909,3,2024-08-15 08:00:00,218.0,9120.56,96.36,0.0,4.1787,66.83,17.0,3.94,8.32,0.0033,93.11,6,1518.48,0.2027,3.1,463.72,Defect
910,4,2024-08-15 14:00:00,900.0,17104.48,99.58,2.0,2.785,61.47,11.0,4.97,2.64,0.0952,83.71,2,2844.14,0.4428,3.17,459.5,Defect
911,5,2024-08-15 20:00:00,473.0,11894.97,90.04,1.0,2.7313,67.42,0.0,4.02,2.16,0.0501,94.69,8,4818.52,0.363,4.58,281.34,Defect
912,6,2024-08-16 02:00:00,164.0,13198.66,89.1,4.0,4.6869,90.6,22.0,3.29,8.16,0.0503,91.84,3,2179.03,0.4433,2.0,221.65,Defect
913,1,2024-08-16 08:00:00,245.0,11492.24,95.07,0.0,4.5048,76.21,11.0,4.48,6.39,0.0923,91.57,3,2955.65,0.2104,2.6,221.1,Defect
914,2,2024-08-16 14:00:00,323.0,5658.5,82.65,0.0,4.0361,94.9,10.0,4.53,7.59,0.029,93.57,7,2537.04,0.3548,5.51,458.88,Defect
915,3,2024-08-16 20:00:00,338.0,7486.25,90.94,4.0,1.8332,80.99,12.0,4.87,5.06,0.0332,91.28,5,3519.31,0.3857,9.59,229.89,Defect
916,4,2024-08-17 02:00:00,276.0,11683.12,90.92,0.0,2.9525,60.89,2.0,3.88,2.09,0.0656,89.15,0,1775.38,0.2534,6.2,304.63,Defect
917,5,2024-08-17 08:00:00,878.0,8137.78,81.79,4.0,1.5075,88.67,7.0,0.97,4.65,0.0785,92.81,1,2039.76,0.4249,4.68,392.4,Defect
918,6,2024-08-17 14:00:00,952.0,5749.69,88.36,0.0,2.4976,64.41,2.0,3.55,6.87,0.0699,94.47,8,4435.07,0.101,3.18,183.79,Defect
919,1,2024-08-17 20:00:00,381.0,17654.74,97.07,5.0,2.679,91.58,16.0,0.38,3.81,0.0789,84.52,5,4245.34,0.338,2.76,201.54,Defect
920,2,2024-08-18 02:00:00,162.0,19717.89,97.12,5.0,4.2424,66.72,12.0,1.59,7.5,0.0575,89.94,6,4156.76,0.3454,6.93,243.22,Defect
921,3,2024-08-18 08:00:00,316.0,16897.14,81.98,2.0,4.5321,73.82,9.0,0.58,8.36,0.0863,89.16,8,4083.68,0.3135,8.63,361.69,Defect
922,4,2024-08-18 14:00:00,953.0,17806.77,81.81,0.0,2.3658,90.45,16.0,4.75,5.63,0.055,80.8,2,2837.75,0.352,4.59,427.0,Defect
923,5,2024-08-18 20:00:00,926.0,8629.66,85.25,3.0,0.5797,98.17,2.0,1.69,9.01,0.0229,96.69,4,3915.56,0.1669,5.96,318.68,Defect
924,6,2024-08-19 02:00:00,894.0,19409.4,97.5,4.0,4.378,74.86,12.0,3.57,8.84,0.0542,87.55,4,2548.82,0.3739,7.36,153.17,Defect
925,1,2024-08-19 08:00:00,788.0,7953.89,82.58,0.0,1.2843,93.18,21.0,2.86,9.02,0.0713,81.45,9,1402.84,0.2343,1.52,278.5,Defect
926,2,2024-08-19 14:00:00,560.0,19271.45,94.4,5.0,3.2985,67.63,5.0,0.54,7.29,0.0654,89.16,6,2573.5,0.2808,4.16,151.08,Defect
927,3,2024-08-19 20:00:00,709.0,19922.29,82.02,5.0,0.6124,92.29,13.0,2.81,4.44,0.0243,83.23,1,1634.65,0.2332,7.57,135.32,Defect
928,4,2024-08-20 02:00:00,204.0,15675.84,92.46,4.0,2.2978,86.3,9.0,3.31,5.85,0.0041,94.09,3,2563.41,0.2896,7.16,335.85,No Defect
929,5,2024-08-20 08:00:00,198.0,19717.16,87.12,3.0,4.9368,67.71,19.0,4.41,7.68,0.0252,91.44,3,2189.7,0.3486,1.48,482.48,Defect
930,6,2024-08-20 14:00:00,610.0,13543.1,95.78,0.0,0.9531,72.1,15.0,0.35,3.68,0.0984,85.4,7,3396.64,0.4353,3.14,435.04,Defect
931,1,2024-08-20 20:00:00,484.0,8893.13,84.67,0.0,2.4066,65.27,17.0,1.48,7.91,0.0184,99.01,9,2446.16,0.2934,7.12,409.79,Defect
932,2,2024-08-21 02:00:00,504.0,11554.94,92.78,3.0,1.8822,75.32,12.0,3.46,6.38,0.0464,85.83,2,3822.36,0.2293,3.44,390.82,Defect
933,3,2024-08-21 08:00:00,922.0,13903.41,84.71,3.0,4.5729,68.15,9.0,0.17,2.77,0.0638,91.1,1,3048.59,0.2952,8.33,458.85,Defect
934,4,2024-08-21 14:00:00,617.0,6096.22,94.27,3.0,4.412,85.76,5.0,1.02,6.46,0.0879,96.03,8,4677.97,0.3755,1.27,401.13,Defect
935,5,2024-08-21 20:00:00,575.0,14335.15,97.47,5.0,1.5696,99.78,9.0,1.09,2.53,0.076,90.28,3,1364.1,0.2387,2.71,350.75,No Defect
936,6,2024-08-22 02:00:00,808.0,19717.67,82.54,4.0,0.8653,60.48,4.0,3.35,2.11,0.0909,99.22,8,3750.84,0.2657,3.53,245.87,Defect
937,1,2024-08-22 08:00:00,962.0,7851.61,97.33,3.0,3.3221,81.64,5.0,1.43,9.12,0.0604,96.88,5,3689.59,0.3251,9.33,140.38,Defect
938,2,2024-08-22 14:00:00,744.0,16888.93,91.87,4.0,2.0137,82.95,6.0,3.0,5.92,0.0865,98.42,0,4802.51,0.2176,8.17,284.41,No Defect
939,3,2024-08-22 20:00:00,969.0,18618.48,82.54,2.0,3.5244,96.57,10.0,4.83,6.35,0.0264,87.45,2,2486.21,0.1836,8.96,469.91,Defect
940,4,2024-08-23 02:00:00,870.0,19155.52,88.55,0.0,0.6445,80.24,15.0,3.97,4.24,0.0431,90.97,6,2221.75,0.1562,4.96,333.24,Defect
941,5,2024-08-23 08:00:00,536.0,19402.03,83.22,0.0,1.1003,81.75,11.0,1.66,6.34,0.0844,96.8,8,1689.57,0.241,8.4,173.8,Defect
942,6,2024-08-23 14:00:00,122.0,12821.89,94.01,1.0,3.5887,78.87,11.0,2.36,3.35,0.0326,98.07,7,2061.15,0.1193,8.68,359.61,Defect
943,1,2024-08-23 20:00:00,664.0,19659.62,95.18,2.0,1.4557,70.76,22.0,1.0,7.97,0.0871,98.89,4,3007.56,0.3334,4.6,286.18,Defect
944,2,2024-08-24 02:00:00,776.0,16359.65,82.12,3.0,4.3591,62.24,19.0,0.08,8.59,0.0363,97.58,7,4350.85,0.1704,9.95,472.55,Defect
945,3,2024-08-24 08:00:00,813.0,7425.07,90.12,3.0,0.7637,76.35,4.0,1.45,8.85,0.0363,94.62,1,2137.15,0.251,8.66,164.38,Defect
946,4,2024-08-24 14:00:00,557.0,12153.5,96.29,5.0,1.4697,62.1,15.0,1.85,2.85,0.0309,80.48,2,1630.97,0.2077,9.77,384.8,Defect
947,5,2024-08-24 20:00:00,182.0,15774.97,98.72,2.0,4.9935,82.02,5.0,2.82,6.46,0.0547,86.3,7,2088.51,0.3522,8.8,372.64,Defect
948,6,2024-08-25 02:00:00,244.0,8710.1,90.27,3.0,2.4488,72.29,8.0,4.72,8.47,0.0129,82.58,8,1403.71,0.4401,7.99,493.42,Defect
949,1,2024-08-25 08:00:00,184.0,14609.23,99.01,1.0,3.6633,81.34,4.0,4.74,3.03,0.0037,83.1,9,4706.78,0.3533,9.49,325.96,Defect
950,2,2024-08-25 14:00:00,177.0,14999.01,90.71,4.0,1.322,65.37,20.0,0.35,2.8,0.0897,85.82,7,4490.5,0.317,4.78,448.63,Defect
951,3,2024-08-25 20:00:00,556.0,7440.5,87.88,0.0,3.2444,97.31,22.0,3.07,8.54,0.0929,81.49,3,2233.97,0.3676,8.05,109.89,Defect
952,4,2024-08-26 02:00:00,977.0,13476.28,96.96,2.0,3.7675,95.78,15.0,0.21,8.37,0.0076,84.86,5,1987.95,0.112,2.92,149.16,Defect
953,5,2024-08-26 08:00:00,100.0,16574.4,89.86,0.0,1.9151,67.6,17.0,3.24,5.59,0.055,99.14,4,4621.59,0.1491,7.6,238.38,Defect
954,6,2024-08-26 14:00:00,150.0,12483.43,89.44,4.0,4.23,73.74,18.0,0.59,2.88,0.054,86.24,3,1007.09,0.138,8.07,347.73,Defect
955,1,2024-08-26 20:00:00,784.0,5181.55,89.81,2.0,3.2154,84.54,11.0,4.73,6.13,0.0372,83.19,8,3402.31,0.1393,7.45,279.63,Defect
956,2,2024-08-27 02:00:00,816.0,5135.58,96.94,4.0,2.2511,63.83,1.0,4.32,5.16,0.0569,94.37,9,4664.02,0.2042,8.65,181.08,Defect
957,3,2024-08-27 08:00:00,871.0,10355.44,96.64,3.0,3.0094,74.18,9.0,0.11,6.15,0.0458,96.57,2,3034.23,0.3128,4.72,335.68,Defect
958,4,2024-08-27 14:00:00,545.0,18892.91,88.07,3.0,3.0954,70.04,11.0,3.91,5.52,0.049,86.28,0,1011.87,0.1459,5.9,326.68,Defect
959,5,2024-08-27 20:00:00,548.0,8430.15,86.67,3.0,1.2449,96.62,13.0,3.18,6.55,0.0755,85.57,6,1875.49,0.474,1.1,309.78,Defect
960,6,2024-08-28 02:00:00,980.0,14515.46,89.84,4.0,2.3123,94.1,17.0,2.48,7.82,0.0526,84.84,9,4689.77,0.4417,2.31,136.22,Defect
961,1,2024-08-28 08:00:00,587.0,8331.14,91.46,4.0,2.0454,83.19,18.0,3.01,8.2,0.0324,87.87,7,1068.09,0.4887,6.8,470.81,Defect
962,2,2024-08-28 14:00:00,899.0,9825.05,84.77,4.0,2.3041,80.81,5.0,3.39,7.19,0.0581,81.74,2,2579.12,0.117,6.06,336.9,Defect
963,3,2024-08-28 20:00:00,133.0,17720.63,95.88,0.0,3.925,97.23,4.0,4.42,3.59,0.0641,93.38,2,4158.98,0.4406,2.78,205.6,Defect
964,4,2024-08-29 02:00:00,447.0,15932.92,89.73,4.0,2.6714,97.3,15.0,3.84,5.18,0.0662,96.44,5,4352.36,0.4215,3.19,374.97,Defect
965,5,2024-08-29 08:00:00,194.0,6430.99,86.68,3.0,4.7314,98.77,13.0,2.88,2.57,0.0618,93.27,1,2910.43,0.4608,4.1,227.16,Defect
966,6,2024-08-29 14:00:00,171.0,11430.53,82.14,1.0,1.8215,65.02,12.0,4.12,5.61,0.0665,88.42,5,1929.94,0.3112,7.45,302.34,Defect
967,1,2024-08-29 20:00:00,650.0,5437.55,84.78,4.0,2.3707,66.42,20.0,4.93,9.76,0.031,85.78,4,3398.82,0.4152,6.49,236.45,Defect
968,2,2024-08-30 02:00:00,253.0,12213.35,98.99,1.0,4.0413,87.07,1.0,1.5,7.13,0.0446,88.19,6,2055.11,0.1205,1.63,452.16,Defect
969,3,2024-08-30 08:00:00,349.0,14936.51,86.1,3.0,2.9571,81.66,1.0,0.59,3.24,0.0669,88.48,8,2021.06,0.1304,7.84,497.59,No Defect
970,4,2024-08-30 14:00:00,773.0,6777.54,83.38,4.0,2.9616,60.74,11.0,3.66,4.15,0.0754,93.32,8,4230.4,0.1474,3.36,164.47,Defect
971,5,2024-08-30 20:00:00,537.0,9333.27,89.21,0.0,0.74,62.48,0.0,4.89,2.52,0.0434,98.56,0,1617.06,0.4659,7.05,109.43,Defect
972,6,2024-08-31 02:00:00,217.0,10967.55,86.14,0.0,2.2937,95.52,18.0,0.58,3.46,0.0365,81.41,6,1022.09,0.1245,2.11,187.73,Defect
973,1,2024-08-31 08:00:00,870.0,18792.97,80.7,1.0,1.7183,94.75,15.0,2.16,5.9,0.0716,99.07,2,2347.1,0.1401,9.98,335.98,Defect
974,2,2024-08-31 14:00:00,990.0,19898.83,86.46,5.0,4.997,74.29,6.0,0.31,4.76,0.0222,98.2,3,2963.9,0.4722,1.72,169.58,Defect
975,3,2024-08-31 20:00:00,405.0,5673.67,90.88,0.0,1.8876,95.64,20.0,3.88,3.63,0.0009,82.35,1,3820.32,0.143,7.68,424.59,Defect
976,4,2024-09-01 02:00:00,367.0,16415.12,91.03,0.0,4.4802,83.75,6.0,4.74,3.17,0.0471,83.67,0,4124.46,0.4479,5.87,263.47,Defect
977,5,2024-09-01 08:00:00,153.0,10575.86,87.13,0.0,3.5431,92.24,15.0,2.49,7.25,0.0173,86.23,9,3654.08,0.4157,1.77,344.21,Defect
978,6,2024-09-01 14:00:00,335.0,10886.87,88.95,3.0,2.0341,77.1,5.0,2.05,6.46,0.0378,91.19,2,3506.04,0.1161,1.24,282.25,No Defect
979,1,2024-09-01 20:00:00,488.0,16313.97,99.31,0.0,2.9459,64.54,17.0,4.54,8.74,0.0291,82.69,9,3662.99,0.1087,4.26,461.33,Defect
980,2,2024-09-02 02:00:00,833.0,18776.4,87.55,2.0,4.2824,77.35,0.0,0.67,3.47,0.0777,84.01,8,2086.11,0.3138,8.22,114.05,Defect
981,3,2024-09-02 08:00:00,862.0,19263.93,85.16,4.0,4.4752,78.29,0.0,4.46,8.78,0.0331,98.05,0,2529.45,0.4989,1.37,391.72,Defect
982,4,2024-09-02 14:00:00,924.0,13656.84,84.87,0.0,1.2218,82.04,13.0,1.96,6.62,0.0641,82.19,2,3465.75,0.4515,7.34,360.87,Defect
983,5,2024-09-02 20:00:00,500.0,10356.82,89.16,5.0,2.0281,64.22,5.0,2.8,4.13,0.0674,87.98,4,1262.28,0.224,6.9,359.81,Defect
984,6,2024-09-03 02:00:00,723.0,16813.24,95.19,5.0,2.0085,99.66,5.0,2.64,4.19,0.0456,95.26,2,2181.3,0.2545,3.39,265.6,No Defect
985,1,2024-09-03 08:00:00,866.0,8765.02,84.12,0.0,0.6892,69.77,3.0,3.08,5.12,0.0081,97.77,3,2625.68,0.2552,1.7,106.27,Defect
986,2,2024-09-03 14:00:00,402.0,13461.11,94.19,0.0,3.1921,67.94,11.0,4.71,5.68,0.07,86.72,3,3133.76,0.3937,9.24,375.7,Defect
987,3,2024-09-03 20:00:00,306.0,10378.68,80.42,2.0,4.3467,81.07,17.0,4.76,2.66,0.0075,83.29,0,2945.93,0.2365,3.7,431.79,Defect
988,4,2024-09-04 02:00:00,328.0,14849.47,88.38,0.0,2.2171,81.49,9.0,4.16,8.74,0.0099,94.74,5,3872.53,0.1591,2.0,134.09,No Defect
989,5,2024-09-04 08:00:00,952.0,8605.98,95.52,0.0,3.8302,77.59,2.0,0.96,2.97,0.0196,95.45,6,2893.71,0.3988,7.13,276.65,Defect
990,6,2024-09-04 14:00:00,677.0,7873.89,86.77,4.0,3.3247,90.88,2.0,1.67,5.87,0.028,99.6,6,4616.52,0.2832,2.95,165.04,Defect
991,1,2024-09-04 20:00:00,174.0,18773.59,91.27,5.0,2.1904,80.67,7.0,2.44,5.06,0.0846,82.79,5,2521.27,0.1307,5.28,344.38,No Defect
992,2,2024-09-05 02:00:00,534.0,6527.06,84.1,2.0,1.1348,84.39,21.0,4.53,6.1,0.0675,94.19,6,3101.49,0.416,1.45,414.24,Defect
993,3,2024-09-05 08:00:00,202.0,12589.37,94.84,5.0,3.692,88.95,22.0,2.6,9.1,0.0387,88.35,2,1012.84,0.3341,9.94,366.68,Defect
994,4,2024-09-05 14:00:00,521.0,8312.79,81.05,2.0,4.3455,61.0,0.0,4.89,9.91,0.0979,98.29,4,2241.91,0.2957,5.03,227.22,Defect
995,5,2024-09-05 20:00:00,803.0,5583.95,97.05,5.0,3.5863,82.83,17.0,4.92,2.16,0.0244,88.16,6,4466.29,0.3693,9.99,155.89,Defect
996,6,2024-09-06 02:00:00,863.0,5540.28,83.96,0.0,0.5805,95.37,14.0,2.99,5.15,0.061,88.92,9,2334.31,0.3021,4.47,417.71,Defect
997,1,2024-09-06 08:00:00,837.0,7628.33,97.49,5.0,1.473,60.7,20.0,4.39,8.54,0.0847,82.54,4,2012.75,0.3594,4.13,229.57,Defect
998,2,2024-09-06 14:00:00,905.0,18001.56,87.05,5.0,0.8127,76.21,19.0,5.0,4.61,0.0802,86.42,9,3174.15,0.447,9.23,108.86,Defect
999,3,2024-09-06 20:00:00,405.0,9237.18,94.45,2.0,3.0667,97.05,16.0,4.25,7.19,0.009,88.02,1,1314.92,0.3454,3.97,328.57,Defect
1000,4,2024-09-07 02:00:00,197.0,19256.89,86.38,1.0,3.9041,74.13,10.0,3.28,9.94,0.0697,80.35,5,3126.42,0.3638,4.89,198.67,Defect
1001,5,2024-09-07 08:00:00,949.0,13724.33,98.12,2.0,0.9976,78.35,12.0,4.23,7.17,0.0258,88.75,6,2214.66,0.3455,1.7,436.48,Defect
1002,6,2024-09-07 14:00:00,897.0,11549.21,82.53,2.0,4.2725,99.26,19.0,0.41,2.89,0.0356,86.73,1,2532.41,0.3125,9.6,157.3,Defect
1003,1,2024-09-07 20:00:00,434.0,13701.33,83.57,2.0,2.9998,67.97,9.0,3.17,8.74,0.0489,96.08,9,4165.46,0.1688,1.77,273.92,Defect
1004,2,2024-09-08 02:00:00,958.0,12750.48,89.86,3.0,3.6049,62.61,12.0,1.08,9.73,0.0791,82.14,7,3647.86,0.2343,7.94,201.25,Defect
1005,3,2024-09-08 08:00:00,534.0,16381.64,81.64,3.0,4.8713,94.38,16.0,0.58,7.7,0.0166,95.2,4,2784.42,0.3772,5.85,375.84,Defect
1006,4,2024-09-08 14:00:00,546.0,9237.44,83.92,3.0,0.8766,94.74,20.0,4.46,5.35,0.0109,94.28,7,3310.07,0.2702,1.55,319.41,Defect
1007,5,2024-09-08 20:00:00,407.0,10295.76,98.88,2.0,4.5555,78.88,0.0,3.2,9.59,0.0153,84.84,2,4067.44,0.2625,1.02,416.4,Defect
1008,6,2024-09-09 02:00:00,348.0,18411.41,99.53,1.0,1.0675,80.57,19.0,1.22,9.75,0.0218,81.67,1,3983.13,0.4037,9.42,283.45,Defect
1009,1,2024-09-09 08:00:00,265.0,19196.85,87.53,2.0,2.2683,93.43,15.0,1.93,9.48,0.006,96.84,6,1741.29,0.1022,7.68,101.92,Defect
1010,2,2024-09-09 14:00:00,580.0,18388.37,98.47,0.0,4.3315,89.54,15.0,4.87,5.29,0.0926,84.99,4,2203.68,0.3716,7.18,186.08,Defect
1011,3,2024-09-09 20:00:00,434.0,11291.72,90.9,1.0,4.5781,70.61,20.0,4.31,8.32,0.0319,82.91,4,2392.95,0.2957,4.95,499.66,Defect
1012,4,2024-09-10 02:00:00,641.0,16705.48,85.39,3.0,2.7787,60.68,2.0,0.08,7.23,0.0177,87.18,7,1750.17,0.2507,3.15,262.14,Defect
1013,5,2024-09-10 08:00:00,858.0,12145.04,94.05,5.0,3.1735,79.19,1.0,4.9,3.44,0.0638,88.02,8,1048.65,0.2362,7.12,348.09,Defect
1014,6,2024-09-10 14:00:00,205.0,12463.1,93.18,5.0,3.6867,94.36,5.0,1.84,6.28,0.0787,86.52,7,1695.87,0.1692,6.47,461.97,Defect
1015,1,2024-09-10 20:00:00,662.0,8070.2,99.78,4.0,4.2474,95.83,10.0,3.48,7.98,0.0753,99.53,9,4232.98,0.2337,7.54,108.21,Defect
1016,2,2024-09-11 02:00:00,180.0,13866.95,85.3,1.0,1.0468,98.25,2.0,3.56,9.17,0.0719,97.62,1,3183.68,0.2566,4.29,363.84,No Defect
1017,3,2024-09-11 08:00:00,232.0,7792.04,93.44,3.0,4.1453,95.18,0.0,4.56,8.9,0.0051,97.46,9,2366.63,0.275,9.88,215.35,Defect
1018,4,2024-09-11 14:00:00,896.0,9973.47,81.04,1.0,2.6657,83.2,10.0,4.43,3.24,0.0782,87.98,6,3433.38,0.3689,1.6,211.7,Defect
1019,5,2024-09-11 20:00:00,999.0,17825.45,82.27,1.0,2.5278,77.78,12.0,1.41,5.9,0.0502,99.26,4,3959.34,0.2814,1.72,189.94,Defect
1020,6,2024-09-12 02:00:00,237.0,8106.14,80.08,5.0,2.4075,90.99,4.0,3.22,5.83,0.0649,93.68,6,2417.71,0.4185,9.25,429.09,No Defect
1021,1,2024-09-12 08:00:00,283.0,6067.37,99.99,2.0,2.7915,89.59,17.0,1.97,9.19,0.0956,96.64,2,2864.3,0.3559,6.83,249.18,Defect
1022,2,2024-09-12 14:00:00,500.0,6035.11,96.05,0.0,4.7527,81.53,14.0,2.63,2.02,0.0811,90.02,3,1256.85,0.1758,3.94,126.85,Defect
1023,3,2024-09-12 20:00:00,429.0,19111.77,95.73,4.0,2.9669,63.49,17.0,2.77,7.91,0.0825,83.21,6,3388.36,0.2109,7.86,138.74,Defect
1024,4,2024-09-13 02:00:00,884.0,12603.81,90.19,3.0,4.7893,97.04,14.0,1.98,6.95,0.0181,97.74,1,2425.63,0.1317,5.07,159.45,Defect
1025,5,2024-09-13 08:00:00,607.0,11141.18,86.0,1.0,1.3113,78.22,19.0,2.32,9.37,0.0476,89.73,1,2734.09,0.4783,1.19,459.57,Defect
1026,6,2024-09-13 14:00:00,951.0,17163.18,83.03,4.0,3.7586,74.53,19.0,1.04,5.66,0.0949,99.37,0,2690.4,0.4546,6.86,270.98,Defect
1027,1,2024-09-13 20:00:00,168.0,17537.39,85.69,1.0,4.1551,85.18,19.0,3.04,7.26,0.0583,85.1,0,3529.64,0.1339,3.19,466.42,Defect
1028,2,2024-09-14 02:00:00,645.0,9982.87,87.52,5.0,3.5561,86.95,6.0,3.79,9.78,0.0103,99.85,0,3289.86,0.3296,2.04,426.99,Defect
1029,3,2024-09-14 08:00:00,873.0,15404.27,95.13,0.0,3.2312,68.43,16.0,2.15,7.95,0.0732,84.45,5,2688.42,0.4842,3.03,435.15,Defect
1030,4,2024-09-14 14:00:00,152.0,16566.84,90.79,5.0,3.0417,93.48,7.0,4.89,2.54,0.0043,87.36,4,1067.82,0.3989,5.29,214.73,Defect
1031,5,2024-09-14 20:00:00,549.0,14819.76,81.55,4.0,4.3742,71.6,12.0,0.29,3.34,0.0742,91.88,9,3483.85,0.2967,1.45,208.53,Defect
1032,6,2024-09-15 02:00:00,304.0,7273.93,80.36,3.0,4.1974,67.47,15.0,2.95,8.57,0.088,93.87,7,4518.31,0.1964,8.95,324.03,Defect
1033,1,2024-09-15 08:00:00,225.0,18138.25,82.05,1.0,1.0503,76.26,9.0,2.92,4.68,0.0425,94.41,4,4078.21,0.2116,6.04,267.17,No Defect
1034,2,2024-09-15 14:00:00,846.0,13086.42,88.21,0.0,4.3186,89.22,13.0,0.18,7.65,0.0414,89.53,0,4926.46,0.3945,3.64,303.62,Defect
1035,3,2024-09-15 20:00:00,142.0,9237.09,98.66,5.0,2.3633,98.62,5.0,1.12,7.6,0.0304,81.54,7,1556.3,0.4122,7.18,121.28,No Defect
1036,4,2024-09-16 02:00:00,851.0,11378.42,92.75,4.0,1.6416,92.37,19.0,4.53,9.95,0.0877,89.92,5,1890.08,0.3115,8.24,488.64,Defect
1037,5,2024-09-16 08:00:00,982.0,5563.57,96.04,5.0,4.414,97.61,21.0,2.72,5.76,0.0548,86.69,7,3157.07,0.1484,6.53,123.27,Defect
1038,6,2024-09-16 14:00:00,210.0,6918.0,89.33,1.0,2.4441,65.62,6.0,2.18,7.9,0.0579,93.15,1,1943.53,0.4735,2.82,171.53,Defect
1039,1,2024-09-16 20:00:00,860.0,16483.2,87.23,1.0,4.1376,62.85,5.0,2.08,2.39,0.0662,83.65,9,1138.2,0.4379,1.99,371.28,Defect
1040,2,2024-09-17 02:00:00,762.0,5000.17,82.17,3.0,1.6853,82.31,16.0,4.44,5.7,0.03,87.88,7,2609.15,0.1562,8.74,162.2,Defect
1041,3,2024-09-17 08:00:00,282.0,11248.49,97.52,0.0,0.5177,71.61,20.0,1.84,3.49,0.0433,99.32,5,2150.58,0.1227,3.11,142.75,Defect
1042,4,2024-09-17 14:00:00,947.0,12837.65,95.66,2.0,2.7296,93.12,23.0,4.3,8.72,0.0742,81.78,0,2055.04,0.3143,1.18,161.45,Defect
1043,5,2024-09-17 20:00:00,194.0,5819.52,83.36,5.0,0.951,86.88,7.0,1.55,8.72,0.0985,92.05,0,4812.69,0.2137,6.79,124.77,No Defect
1044,6,2024-09-18 02:00:00,473.0,19596.17,90.25,1.0,3.8947,98.83,11.0,2.66,3.89,0.0034,81.81,9,1953.82,0.2133,2.38,200.53,Defect
1045,1,2024-09-18 08:00:00,619.0,8391.88,89.75,4.0,1.7423,70.19,3.0,0.72,4.55,0.0043,83.14,4,1517.73,0.1349,9.92,208.45,Defect
1046,2,2024-09-18 14:00:00,999.0,9562.98,92.5,5.0,2.4964,79.43,9.0,4.13,7.62,0.0428,92.1,6,1501.28,0.4814,8.83,299.45,Defect
1047,3,2024-09-18 20:00:00,459.0,9559.14,98.92,3.0,0.8917,80.05,5.0,3.68,7.91,0.066,88.88,3,4225.3,0.4321,6.48,275.49,No Defect
1048,4,2024-09-19 02:00:00,999.0,8456.25,91.6,3.0,1.79,69.57,6.0,2.65,7.26,0.0386,90.97,9,3859.39,0.1455,8.5,289.49,Defect
1049,5,2024-09-19 08:00:00,795.0,5022.11,90.8,1.0,4.0167,83.6,20.0,0.13,9.97,0.1,97.6,4,1517.94,0.4506,5.23,346.42,Defect
1050,6,2024-09-19 14:00:00,380.0,15940.17,81.01,1.0,1.1821,77.73,7.0,2.41,8.95,0.0195,96.34,9,1879.01,0.3732,8.1,192.38,No Defect
1051,1,2024-09-19 20:00:00,294.0,19502.68,81.26,1.0,3.4122,77.87,2.0,1.13,5.34,0.0008,97.76,2,3989.37,0.2302,6.82,153.88,Defect
1052,2,2024-09-20 02:00:00,963.0,8364.4,83.75,2.0,4.6284,74.51,7.0,2.07,4.62,0.019,92.33,1,2098.47,0.4485,1.26,451.55,Defect
1053,3,2024-09-20 08:00:00,294.0,14945.71,80.65,1.0,3.5593,60.68,14.0,4.28,6.77,0.0887,89.79,1,4926.17,0.3392,9.54,353.58,Defect
1054,4,2024-09-20 14:00:00,766.0,16128.44,94.87,5.0,4.1496,80.88,20.0,3.85,8.54,0.0145,89.18,4,3162.28,0.4395,8.75,124.27,Defect
1055,5,2024-09-20 20:00:00,192.0,17726.38,94.47,5.0,0.9904,73.41,0.0,1.21,5.8,0.0479,94.8,3,1768.03,0.2877,9.58,484.42,Defect
1056,6,2024-09-21 02:00:00,771.0,11339.44,82.72,0.0,1.6283,60.05,12.0,4.92,7.9,0.0419,90.43,1,4435.23,0.3003,7.58,377.23,Defect
1057,1,2024-09-21 08:00:00,160.0,9543.96,96.72,4.0,4.5254,72.32,21.0,4.52,2.15,0.0666,82.12,4,2277.9,0.2164,4.71,160.68,Defect
1058,2,2024-09-21 14:00:00,733.0,9879.43,83.1,1.0,3.718,71.15,17.0,2.64,9.41,0.0055,82.84,9,2155.23,0.2551,2.86,487.65,Defect
1059,3,2024-09-21 20:00:00,150.0,15689.32,86.02,5.0,3.378,75.74,14.0,2.65,8.19,0.0659,87.14,8,2309.76,0.3271,2.62,246.16,Defect
1060,4,2024-09-22 02:00:00,502.0,17251.69,84.98,5.0,3.487,65.27,6.0,4.51,5.15,0.0355,81.36,7,4072.79,0.4788,2.3,493.8,Defect
1061,5,2024-09-22 08:00:00,888.0,7724.21,87.45,5.0,2.3639,80.31,14.0,3.18,5.07,0.0926,84.78,8,1692.85,0.34,2.99,141.31,Defect
1062,6,2024-09-22 14:00:00,104.0,10564.12,85.09,2.0,0.7005,87.7,2.0,2.68,2.82,0.0849,93.13,8,2527.14,0.159,5.96,163.99,No Defect
1063,1,2024-09-22 20:00:00,565.0,18529.1,89.78,4.0,4.03,85.21,13.0,3.75,8.53,0.04,80.25,7,1123.33,0.1028,7.15,362.97,Defect
1064,2,2024-09-23 02:00:00,703.0,17100.4,88.15,3.0,3.5542,92.15,19.0,1.18,8.15,0.0993,92.08,8,4306.51,0.4404,3.83,108.86,Defect
1065,3,2024-09-23 08:00:00,781.0,19772.88,99.73,5.0,2.6276,78.08,3.0,4.39,7.04,0.0052,95.45,3,2362.88,0.2457,5.94,107.48,No Defect
1066,4,2024-09-23 14:00:00,928.0,16313.72,81.12,1.0,4.5489,80.76,3.0,2.66,2.81,0.0789,83.4,7,1992.69,0.226,4.07,416.79,Defect
1067,5,2024-09-23 20:00:00,633.0,10897.93,82.84,5.0,2.0127,92.42,2.0,3.02,4.1,0.0434,83.62,1,3319.57,0.4203,7.27,167.11,No Defect
1068,6,2024-09-24 02:00:00,504.0,13859.57,81.06,4.0,1.8244,77.11,4.0,0.45,5.67,0.0433,80.58,8,3819.97,0.4781,9.9,467.52,No Defect
1069,1,2024-09-24 08:00:00,937.0,14915.21,92.52,3.0,4.4276,88.06,10.0,1.55,4.13,0.017,90.25,8,4251.58,0.3992,7.2,270.36,Defect
1070,2,2024-09-24 14:00:00,612.0,6176.84,81.09,2.0,4.0864,77.38,7.0,2.13,5.47,0.0515,93.09,2,2391.14,0.1695,1.53,449.46,Defect
1071,3,2024-09-24 20:00:00,744.0,13167.45,96.73,0.0,2.8174,76.71,1.0,2.07,3.81,0.0085,89.14,5,4249.2,0.2566,5.3,267.11,No Defect
1072,4,2024-09-25 02:00:00,332.0,15639.81,90.24,1.0,1.0883,90.41,15.0,3.89,4.8,0.0617,87.79,6,2859.52,0.4038,7.93,312.09,Defect
1073,5,2024-09-25 08:00:00,623.0,7509.82,90.54,0.0,1.4678,66.99,9.0,1.41,7.22,0.0242,89.09,2,1404.57,0.4628,5.88,226.61,Defect
1074,6,2024-09-25 14:00:00,445.0,16709.48,91.23,2.0,3.453,73.54,17.0,0.91,9.14,0.0725,95.63,4,4385.23,0.4994,9.56,363.23,Defect
1075,1,2024-09-25 20:00:00,145.0,13756.59,83.42,4.0,2.2327,68.97,6.0,2.91,5.08,0.0607,80.67,0,3190.54,0.3046,1.49,227.28,Defect
1076,2,2024-09-26 02:00:00,645.0,19283.33,83.95,4.0,4.2641,74.36,4.0,3.08,7.54,0.0746,95.68,2,3409.88,0.429,3.62,189.27,Defect
1077,3,2024-09-26 08:00:00,177.0,5636.33,86.38,2.0,4.7748,69.21,6.0,0.61,3.08,0.075,93.33,7,4749.97,0.1187,2.99,132.42,Defect
1078,4,2024-09-26 14:00:00,829.0,8979.89,91.87,5.0,4.1254,83.18,20.0,0.01,6.33,0.0197,84.83,2,3236.61,0.2143,7.91,123.07,Defect
1079,5,2024-09-26 20:00:00,912.0,14023.31,84.2,2.0,2.199,91.93,5.0,4.59,9.37,0.0001,90.49,7,1022.33,0.2486,5.71,222.39,Defect
1080,6,2024-09-27 02:00:00,172.0,9448.4,82.33,1.0,4.0491,91.46,23.0,0.4,2.22,0.0366,80.99,8,4482.46,0.4902,2.25,394.59,Defect
1081,1,2024-09-27 08:00:00,893.0,15716.36,99.4,3.0,2.0815,74.58,0.0,4.49,4.14,0.0919,87.59,5,2139.0,0.1014,3.57,182.25,Defect
1082,2,2024-09-27 14:00:00,348.0,16385.08,80.44,0.0,1.252,99.55,10.0,2.0,3.06,0.0578,83.48,6,3007.07,0.2232,5.7,219.69,No Defect
1083,3,2024-09-27 20:00:00,146.0,6537.74,96.05,0.0,0.6503,83.75,12.0,3.27,6.26,0.0728,80.45,5,1819.55,0.4722,9.97,462.07,Defect
1084,4,2024-09-28 02:00:00,220.0,12707.82,95.76,4.0,2.2357,75.98,11.0,0.93,7.44,0.088,87.14,7,2187.93,0.2227,4.28,355.66,Defect
1085,5,2024-09-28 08:00:00,313.0,12633.36,85.94,5.0,4.566,93.42,0.0,4.12,2.46,0.0906,94.52,6,3746.6,0.19,2.41,467.89,Defect
1086,6,2024-09-28 14:00:00,338.0,10539.21,82.71,4.0,1.5754,89.19,20.0,0.9,2.56,0.0529,98.42,9,2718.29,0.392,5.47,464.49,Defect
1087,1,2024-09-28 20:00:00,155.0,18993.87,82.91,1.0,1.4293,89.97,14.0,1.93,8.96,0.0541,93.25,0,3508.52,0.3981,3.79,125.36,Defect
1088,2,2024-09-29 02:00:00,449.0,17412.59,93.95,2.0,4.8642,67.85,0.0,1.19,5.65,0.0851,88.04,2,4294.3,0.2889,6.09,482.0,Defect
1089,3,2024-09-29 08:00:00,206.0,15458.14,92.86,0.0,0.6125,78.73,2.0,4.19,5.7,0.0807,99.99,2,2363.29,0.4788,5.2,120.47,No Defect
1090,4,2024-09-29 14:00:00,930.0,15714.9,95.65,1.0,4.036,94.47,14.0,4.29,9.56,0.0699,85.66,2,3273.36,0.1811,7.21,470.25,Defect
1091,5,2024-09-29 20:00:00,147.0,11925.74,98.75,4.0,1.9462,80.16,8.0,1.86,4.56,0.0604,83.74,3,4110.35,0.4654,9.23,318.69,No Defect
1092,6,2024-09-30 02:00:00,672.0,18814.92,93.84,4.0,0.6687,87.34,13.0,1.54,9.18,0.0617,89.27,0,3860.49,0.4022,2.8,313.28,Defect
1093,1,2024-09-30 08:00:00,436.0,15418.93,83.12,0.0,4.6301,83.52,22.0,3.87,9.79,0.0363,90.1,1,3159.37,0.2473,8.39,385.31,Defect
1094,2,2024-09-30 14:00:00,125.0,15934.72,84.87,4.0,1.1284,93.69,21.0,4.39,3.93,0.0841,87.1,4,2533.53,0.4228,9.54,451.68,Defect
1095,3,2024-09-30 20:00:00,903.0,17925.36,96.84,5.0,2.983,71.38,23.0,3.12,6.11,0.0618,93.91,5,2630.01,0.1533,4.36,346.8,Defect
1096,4,2024-10-01 02:00:00,356.0,9111.07,84.19,4.0,1.7332,83.02,7.0,4.64,6.27,0.0224,83.68,8,2732.54,0.1524,2.02,270.16,No Defect
1097,5,2024-10-01 08:00:00,107.0,17106.06,81.45,3.0,0.7934,64.93,21.0,1.92,8.93,0.024,90.21,1,2395.38,0.472,8.4,144.76,Defect
1098,6,2024-10-01 14:00:00,724.0,7928.61,94.07,2.0,0.7247,87.61,3.0,0.76,4.43,0.0862,90.0,8,3796.3,0.1379,7.31,415.68,No Defect
1099,1,2024-10-01 20:00:00,966.0,10180.13,88.05,4.0,1.02,89.28,19.0,0.9,8.38,0.0626,96.48,6,1501.66,0.1016,2.91,151.32,Defect
1100,2,2024-10-02 02:00:00,352.0,10034.16,98.4,3.0,0.8212,61.71,19.0,3.35,9.77,0.0399,98.54,8,4869.82,0.2556,5.01,390.55,Defect
1101,3,2024-10-02 08:00:00,791.0,19677.88,93.01,1.0,3.9225,87.03,5.0,2.04,8.72,0.0187,93.27,3,4115.94,0.1415,6.2,311.17,Defect
1102,4,2024-10-02 14:00:00,818.0,17848.06,81.81,4.0,2.685,76.59,0.0,0.78,9.27,0.061,86.11,6,2192.65,0.4452,2.53,254.33,Defect
1103,5,2024-10-02 20:00:00,402.0,15517.55,98.96,5.0,2.043,64.96,17.0,1.46,7.67,0.0184,93.79,0,1170.19,0.4691,7.43,345.19,Defect
1104,6,2024-10-03 02:00:00,738.0,15905.85,85.17,1.0,2.3827,76.8,5.0,2.65,9.23,0.047,85.03,7,3845.21,0.293,7.21,408.94,No Defect
1105,1,2024-10-03 08:00:00,155.0,13431.09,86.74,4.0,4.6803,67.77,13.0,0.61,3.32,0.0678,99.33,6,3937.44,0.2702,8.98,476.46,Defect
1106,2,2024-10-03 14:00:00,825.0,19206.36,88.05,0.0,4.5984,76.62,10.0,0.02,7.7,0.0565,96.45,6,4854.49,0.3156,6.11,205.88,Defect
1107,3,2024-10-03 20:00:00,625.0,12443.88,81.02,3.0,3.7205,75.37,16.0,4.59,7.86,0.0922,88.62,1,2014.82,0.1905,6.17,478.85,Defect
1108,4,2024-10-04 02:00:00,573.0,10707.77,89.93,3.0,4.4811,89.54,8.0,1.52,5.51,0.004,95.69,9,1330.9,0.2192,6.57,484.38,Defect
1109,5,2024-10-04 08:00:00,127.0,7445.53,82.47,0.0,1.9384,90.97,21.0,1.11,2.64,0.028,88.17,8,4660.54,0.1404,3.46,425.45,Defect
1110,6,2024-10-04 14:00:00,177.0,16793.08,88.02,2.0,2.215,84.28,6.0,3.49,6.98,0.0057,81.49,7,2034.6,0.2786,7.83,452.57,No Defect
1111,1,2024-10-04 20:00:00,315.0,16016.66,87.01,5.0,3.2617,60.91,13.0,4.27,2.42,0.0195,94.14,0,3886.13,0.3447,6.96,376.97,Defect
1112,2,2024-10-05 02:00:00,485.0,10765.33,95.46,3.0,3.3063,97.24,16.0,3.16,5.06,0.0124,88.09,0,1242.64,0.4721,8.55,115.64,Defect
1113,3,2024-10-05 08:00:00,464.0,5377.9,96.06,1.0,2.6676,87.45,7.0,1.27,5.15,0.0733,98.61,4,4042.34,0.3956,7.92,330.03,No Defect
1114,4,2024-10-05 14:00:00,765.0,17584.96,83.07,5.0,2.303,61.37,15.0,4.31,9.99,0.0369,86.13,1,1508.1,0.3892,6.75,398.88,Defect
1115,5,2024-10-05 20:00:00,625.0,5171.27,87.33,3.0,4.9378,92.75,11.0,2.55,4.4,0.0925,96.87,0,3782.35,0.2232,2.45,476.68,Defect
1116,6,2024-10-06 02:00:00,798.0,15555.5,87.47,2.0,4.1951,68.01,11.0,1.91,8.56,0.0023,93.61,9,3129.37,0.4553,9.27,328.18,Defect
1117,1,2024-10-06 08:00:00,411.0,19553.86,83.03,1.0,2.4574,83.17,4.0,3.02,2.43,0.0653,97.07,7,4821.95,0.4788,4.3,417.68,No Defect
1118,2,2024-10-06 14:00:00,982.0,11564.92,95.97,5.0,3.7728,78.67,4.0,3.5,6.24,0.0971,85.84,3,1147.67,0.4729,9.68,382.02,Defect
1119,3,2024-10-06 20:00:00,106.0,8524.6,94.14,1.0,1.713,76.79,13.0,2.97,6.29,0.0176,89.23,1,2168.19,0.1155,4.62,212.32,Defect
1120,4,2024-10-07 02:00:00,102.0,15573.07,83.81,0.0,0.9508,95.59,5.0,4.6,7.03,0.0442,96.46,4,1278.04,0.3417,2.31,161.89,No Defect
1121,5,2024-10-07 08:00:00,722.0,17256.92,87.33,4.0,2.0859,77.49,6.0,3.14,8.48,0.0702,92.88,5,4516.79,0.3573,8.96,400.36,No Defect
1122,6,2024-10-07 14:00:00,849.0,13196.45,82.12,0.0,2.3134,63.01,22.0,4.39,8.1,0.0633,87.2,7,3375.6,0.218,8.16,193.51,Defect
1123,1,2024-10-07 20:00:00,462.0,19505.53,92.56,5.0,0.5744,97.87,20.0,2.93,8.09,0.0566,90.24,6,3139.88,0.497,8.08,197.88,Defect
1124,2,2024-10-08 02:00:00,850.0,5775.03,82.43,4.0,4.1666,96.82,16.0,1.65,5.46,0.0327,99.92,6,1525.83,0.2165,1.8,357.58,Defect
1125,3,2024-10-08 08:00:00,607.0,12571.93,99.72,0.0,2.1164,87.38,8.0,2.66,7.82,0.0728,94.84,0,2956.13,0.1866,8.91,415.63,No Defect
1126,4,2024-10-08 14:00:00,373.0,15776.81,95.61,4.0,3.1119,78.72,21.0,0.43,5.93,0.0653,92.29,2,2594.81,0.2937,6.37,332.93,Defect
1127,5,2024-10-08 20:00:00,605.0,17939.61,87.8,3.0,0.8328,63.71,12.0,1.15,2.54,0.0163,96.56,2,2263.01,0.2293,5.23,453.99,Defect
1128,6,2024-10-09 02:00:00,905.0,7688.83,91.57,1.0,1.2875,91.63,8.0,3.83,9.12,0.0964,88.84,6,4088.76,0.4696,9.22,184.58,Defect
1129,1,2024-10-09 08:00:00,838.0,17000.05,98.23,4.0,4.5036,63.02,15.0,3.31,9.12,0.0556,99.0,1,1245.1,0.276,6.99,200.97,Defect
1130,2,2024-10-09 14:00:00,982.0,13290.61,91.08,3.0,3.2391,62.74,3.0,0.83,4.58,0.0525,91.04,9,3586.74,0.2641,2.2,354.78,Defect
1131,3,2024-10-09 20:00:00,114.0,10948.31,83.49,2.0,4.7763,81.5,1.0,2.19,9.31,0.0848,86.54,6,4291.97,0.3503,5.68,431.75,Defect
1132,4,2024-10-10 02:00:00,291.0,6975.73,87.57,0.0,4.9944,66.41,12.0,0.71,8.06,0.064,81.72,8,4629.23,0.1324,6.73,315.74,Defect
1133,5,2024-10-10 08:00:00,730.0,17979.44,96.86,2.0,2.1734,60.31,12.0,4.28,5.21,0.0074,87.51,0,3983.67,0.4027,9.09,104.15,Defect
1134,6,2024-10-10 14:00:00,584.0,7359.1,92.88,5.0,1.8446,76.92,18.0,0.55,4.65,0.0507,91.37,1,2129.82,0.4074,3.52,370.78,Defect
1135,1,2024-10-10 20:00:00,127.0,9646.82,93.01,3.0,4.3626,65.49,11.0,3.27,9.8,0.0781,94.06,5,3402.03,0.2896,8.15,425.43,Defect
1136,2,2024-10-11 02:00:00,813.0,9350.68,97.34,2.0,4.9938,66.42,3.0,3.04,7.7,0.07,97.5,1,1565.61,0.4823,8.2,210.62,Defect
1137,3,2024-10-11 08:00:00,138.0,18071.21,97.88,2.0,3.3334,63.08,9.0,2.36,5.03,0.0971,98.88,1,1468.24,0.3317,2.15,121.68,Defect
1138,4,2024-10-11 14:00:00,372.0,15090.54,98.4,3.0,4.0781,68.2,15.0,1.39,7.14,0.0025,82.05,4,3554.5,0.3781,1.16,307.18,Defect
1139,5,2024-10-11 20:00:00,330.0,16950.22,81.9,1.0,4.0179,88.62,23.0,2.02,6.57,0.0261,92.02,6,4404.43,0.4697,6.23,116.86,Defect
1140,6,2024-10-12 02:00:00,185.0,8757.02,90.88,4.0,2.099,92.36,18.0,4.03,6.2,0.0549,93.33,3,1268.99,0.3665,8.11,266.41,Defect
1141,1,2024-10-12 08:00:00,573.0,14373.11,94.81,5.0,3.0842,78.1,7.0,3.81,7.16,0.0619,83.44,5,1424.01,0.2727,5.99,107.13,Defect
1142,2,2024-10-12 14:00:00,225.0,13576.19,95.14,5.0,4.2488,80.26,5.0,3.69,6.3,0.0274,90.91,2,3262.43,0.1099,8.32,189.99,Defect
1143,3,2024-10-12 20:00:00,911.0,17492.46,92.13,0.0,3.5965,61.31,3.0,3.75,7.24,0.0827,86.7,3,1872.85,0.3913,6.6,255.53,Defect
1144,4,2024-10-13 02:00:00,636.0,18591.31,83.34,4.0,0.5952,62.77,6.0,0.72,9.26,0.0164,81.55,3,3447.27,0.4859,6.88,144.68,Defect
1145,5,2024-10-13 08:00:00,244.0,5182.35,95.95,0.0,2.0152,70.3,13.0,0.5,9.95,0.0001,81.32,3,1858.18,0.2881,1.25,145.66,Defect
1146,6,2024-10-13 14:00:00,624.0,15110.3,94.4,5.0,1.1501,81.76,12.0,4.31,7.67,0.0952,95.18,0,1465.93,0.2359,1.8,430.82,Defect
1147,1,2024-10-13 20:00:00,311.0,5777.54,81.72,4.0,1.5484,89.58,20.0,4.19,9.42,0.0392,92.31,3,3182.3,0.3077,7.53,116.57,Defect
1148,2,2024-10-14 02:00:00,124.0,13232.88,89.28,2.0,4.5747,84.2,4.0,3.41,8.87,0.0957,94.3,3,4448.78,0.3914,7.87,375.59,Defect
1149,3,2024-10-14 08:00:00,679.0,9314.49,83.48,1.0,0.666,75.69,8.0,3.03,4.36,0.0278,93.71,5,3740.49,0.1003,5.88,425.79,No Defect
1150,4,2024-10-14 14:00:00,493.0,9601.65,86.75,2.0,1.4891,64.73,2.0,1.83,9.46,0.0063,82.69,8,4274.9,0.4549,6.31,152.29,Defect
1151,5,2024-10-14 20:00:00,166.0,10294.38,80.36,1.0,1.8931,91.23,9.0,1.12,2.57,0.0773,83.03,9,2065.34,0.4545,6.53,178.15,No Defect
1152,6,2024-10-15 02:00:00,332.0,14319.39,88.01,3.0,3.276,74.55,14.0,3.34,4.64,0.0836,85.05,5,4543.91,0.3165,1.94,356.6,Defect
1153,1,2024-10-15 08:00:00,208.0,10010.75,91.0,0.0,2.9035,89.44,19.0,4.57,7.12,0.0492,87.98,5,2508.16,0.149,7.01,226.26,Defect
1154,2,2024-10-15 14:00:00,245.0,15990.49,92.39,0.0,1.4822,80.52,20.0,2.18,6.22,0.0074,98.78,6,4409.79,0.3687,5.31,290.57,Defect
1155,3,2024-10-15 20:00:00,210.0,11067.91,93.27,3.0,1.2391,89.55,16.0,1.52,6.34,0.0654,93.48,6,2884.7,0.1551,6.42,434.4,Defect
1156,4,2024-10-16 02:00:00,327.0,6025.3,96.73,4.0,1.5656,96.29,22.0,1.35,8.36,0.0182,85.1,0,2071.43,0.303,6.07,155.19,Defect
1157,5,2024-10-16 08:00:00,210.0,16756.4,84.31,3.0,2.7614,96.84,23.0,0.12,3.56,0.0849,81.12,7,2041.04,0.1375,7.87,347.86,Defect
1158,6,2024-10-16 14:00:00,569.0,9286.37,82.41,5.0,1.7203,81.4,5.0,2.6,9.86,0.0274,93.68,0,3270.67,0.3356,3.87,476.96,No Defect
1159,1,2024-10-16 20:00:00,133.0,11491.5,97.03,3.0,4.7642,80.46,2.0,4.94,5.5,0.0848,92.51,8,1316.04,0.2272,4.36,122.99,Defect
1160,2,2024-10-17 02:00:00,722.0,15281.66,83.13,1.0,2.5874,70.63,17.0,4.08,9.6,0.0427,93.52,3,4720.22,0.4324,4.52,124.0,Defect
1161,3,2024-10-17 08:00:00,875.0,9986.84,99.5,5.0,0.7646,97.43,4.0,4.49,5.06,0.0596,85.22,8,2085.85,0.42,7.86,321.9,Defect
1162,4,2024-10-17 14:00:00,468.0,5848.78,96.85,3.0,3.7817,78.32,12.0,3.11,6.81,0.079,90.34,7,2342.5,0.4994,4.88,484.03,Defect
1163,5,2024-10-17 20:00:00,847.0,10608.82,90.02,0.0,1.9798,65.1,0.0,2.41,5.6,0.004,87.23,8,1933.21,0.203,2.59,188.19,Defect
1164,6,2024-10-18 02:00:00,694.0,19166.73,99.63,2.0,3.4407,77.31,16.0,4.95,7.41,0.0821,96.35,5,1012.03,0.1247,9.85,232.32,Defect
1165,1,2024-10-18 08:00:00,653.0,14626.02,81.95,1.0,1.7582,65.08,2.0,2.24,3.47,0.0139,81.39,8,3770.2,0.2772,5.44,139.46,Defect
1166,2,2024-10-18 14:00:00,524.0,15072.19,86.06,1.0,3.0683,80.1,18.0,4.58,5.21,0.0358,85.51,3,3362.21,0.1334,1.98,244.9,Defect
1167,3,2024-10-18 20:00:00,712.0,14484.23,92.76,4.0,3.9747,82.45,20.0,3.81,2.55,0.0473,92.06,2,4238.58,0.1714,7.03,117.73,Defect
1168,4,2024-10-19 02:00:00,617.0,7984.88,87.0,2.0,4.676,73.51,19.0,1.65,6.78,0.0895,84.1,2,1164.04,0.3389,7.65,255.64,Defect
1169,5,2024-10-19 08:00:00,791.0,11275.01,98.57,1.0,1.6751,62.87,21.0,2.52,9.7,0.0022,93.45,7,4714.62,0.3369,5.5,322.2,Defect
1170,6,2024-10-19 14:00:00,381.0,16264.1,81.31,3.0,2.0069,97.74,11.0,1.92,2.37,0.0559,82.74,1,2323.55,0.1173,6.82,490.0,Defect
1171,1,2024-10-19 20:00:00,419.0,6520.59,90.99,1.0,2.5892,90.93,7.0,0.68,7.28,0.0643,80.46,5,4652.28,0.2772,2.55,427.36,No Defect
1172,2,2024-10-20 02:00:00,837.0,9167.79,91.82,1.0,4.6723,93.56,7.0,1.78,8.2,0.0317,97.27,8,1428.53,0.3121,4.31,428.83,Defect
1173,3,2024-10-20 08:00:00,542.0,9144.79,93.05,1.0,4.5562,74.67,14.0,4.44,3.7,0.029,86.67,8,3975.68,0.2072,2.46,191.26,Defect
1174,4,2024-10-20 14:00:00,414.0,11480.28,85.11,4.0,0.9045,90.43,10.0,3.76,4.18,0.049,83.14,7,3317.43,0.4488,4.49,134.89,No Defect
1175,5,2024-10-20 20:00:00,976.0,19705.53,87.29,1.0,1.0937,79.41,19.0,1.39,3.61,0.0187,83.45,7,2432.76,0.1644,6.07,341.23,Defect
1176,6,2024-10-21 02:00:00,840.0,6012.54,96.87,1.0,2.7298,68.04,0.0,1.84,4.38,0.0468,97.72,0,1316.57,0.2016,4.98,308.46,Defect
1177,1,2024-10-21 08:00:00,476.0,12780.51,83.9,4.0,0.9798,64.98,15.0,3.08,2.88,0.0765,93.09,6,3418.95,0.1628,6.34,306.6,Defect
1178,2,2024-10-21 14:00:00,388.0,7690.47,96.54,5.0,2.0551,73.8,13.0,2.08,4.96,0.0845,99.13,0,1105.76,0.1466,5.52,143.6,Defect
1179,3,2024-10-21 20:00:00,536.0,19560.15,91.25,2.0,1.1677,65.5,6.0,2.52,4.95,0.0385,96.0,8,3005.13,0.4516,3.86,297.55,Defect
1180,4,2024-10-22 02:00:00,761.0,6699.55,95.24,5.0,3.3622,99.93,5.0,3.49,8.46,0.0617,95.35,2,3416.83,0.2111,2.29,160.14,Defect
1181,5,2024-10-22 08:00:00,376.0,11054.02,94.27,0.0,4.7727,61.97,20.0,2.34,8.41,0.0,90.0,0,3930.09,0.389,3.27,268.85,Defect
1182,6,2024-10-22 14:00:00,809.0,16068.27,84.15,4.0,4.9853,77.65,3.0,0.95,8.37,0.055,96.42,7,4965.34,0.2712,2.81,124.87,Defect
1183,1,2024-10-22 20:00:00,681.0,15568.32,91.38,4.0,2.1886,78.08,21.0,2.6,6.54,0.0975,88.25,6,2040.37,0.3543,7.37,442.76,Defect
1184,2,2024-10-23 02:00:00,602.0,11340.93,97.35,1.0,3.1956,72.03,7.0,1.78,4.61,0.0312,96.54,1,2289.56,0.4713,8.38,105.27,Defect
1185,3,2024-10-23 08:00:00,723.0,10197.86,88.64,1.0,4.3532,82.85,21.0,1.45,5.29,0.0595,95.15,6,2364.58,0.4378,7.48,475.73,Defect
1186,4,2024-10-23 14:00:00,615.0,10964.19,99.33,0.0,1.0286,66.0,18.0,1.64,4.54,0.0762,93.57,4,3926.33,0.1276,6.79,445.16,Defect
1187,5,2024-10-23 20:00:00,449.0,8964.14,89.04,1.0,3.603,91.36,2.0,2.2,6.66,0.0609,86.59,6,4727.28,0.4381,3.77,401.04,Defect
1188,6,2024-10-24 02:00:00,942.0,8079.99,82.86,3.0,2.3398,73.3,3.0,4.43,9.5,0.0418,92.61,9,4897.29,0.2807,7.4,493.02,Defect
1189,1,2024-10-24 08:00:00,545.0,12245.6,87.79,1.0,1.4277,83.65,12.0,3.67,4.28,0.0153,90.14,6,4783.25,0.2401,6.45,121.53,Defect
1190,2,2024-10-24 14:00:00,929.0,9028.01,99.03,1.0,2.3124,88.63,20.0,3.34,5.67,0.0464,89.23,1,4517.53,0.369,1.42,356.64,Defect
1191,3,2024-10-24 20:00:00,449.0,9311.92,86.39,3.0,0.8418,95.56,1.0,2.36,7.24,0.0295,99.8,1,4963.91,0.4801,9.17,439.72,No Defect
1192,4,2024-10-25 02:00:00,706.0,14851.34,97.36,0.0,3.6293,93.43,10.0,0.01,8.76,0.0696,90.09,6,2503.78,0.1377,1.72,150.65,Defect
1193,5,2024-10-25 08:00:00,763.0,19528.06,97.63,3.0,1.6373,84.33,15.0,1.7,4.03,0.0442,80.64,2,4793.29,0.4072,5.52,333.91,Defect
1194,6,2024-10-25 14:00:00,922.0,14054.56,87.0,4.0,1.9013,75.54,9.0,4.07,4.24,0.085,92.53,3,4044.08,0.1814,5.62,257.57,Defect
1195,1,2024-10-25 20:00:00,236.0,6154.69,81.67,3.0,1.0449,80.13,14.0,1.94,9.08,0.0193,94.56,6,1673.84,0.2521,8.53,274.33,Defect
1196,2,2024-10-26 02:00:00,858.0,6133.75,94.49,2.0,4.391,90.75,9.0,2.82,2.64,0.0418,97.7,1,1181.86,0.4495,9.22,465.01,Defect
1197,3,2024-10-26 08:00:00,998.0,19271.35,86.23,4.0,2.7205,95.1,1.0,1.02,6.84,0.0558,92.65,1,1857.94,0.3183,9.46,315.46,Defect
1198,4,2024-10-26 14:00:00,342.0,9459.36,95.66,1.0,3.0747,64.15,5.0,4.58,8.88,0.0126,80.39,8,4115.0,0.127,6.13,137.3,Defect
1199,5,2024-10-26 20:00:00,642.0,6381.0,88.85,4.0,3.0624,75.39,13.0,4.62,9.37,0.0588,82.39,0,3526.79,0.3032,7.11,474.89,Defect
1200,6,2024-10-27 02:00:00,139.0,13985.67,89.71,0.0,2.3472,91.04,1.0,0.73,2.1,0.0291,83.22,2,1897.43,0.4159,1.8,174.08,No Defect
1201,1,2024-10-27 08:00:00,328.0,14354.73,95.56,0.0,1.3664,77.27,9.0,3.62,4.96,0.023,84.23,9,3967.69,0.3116,5.39,457.05,No Defect
1202,2,2024-10-27 14:00:00,647.0,14727.57,87.65,3.0,3.8531,73.29,16.0,0.38,4.06,0.0142,96.0,3,1565.29,0.1668,9.08,488.37,Defect
1203,3,2024-10-27 20:00:00,322.0,9011.03,88.86,4.0,1.0718,76.45,7.0,2.99,6.54,0.035,86.2,4,4287.37,0.278,5.1,451.13,No Defect
1204,4,2024-10-28 02:00:00,105.0,5226.66,87.52,1.0,0.9674,84.11,15.0,0.89,7.06,0.0929,86.25,2,4176.64,0.4697,1.63,370.85,Defect
1205,5,2024-10-28 08:00:00,421.0,19475.23,87.35,0.0,3.6957,99.99,13.0,0.73,10.0,0.0031,95.11,8,4890.3,0.3633,2.81,397.42,Defect
1206,6,2024-10-28 14:00:00,567.0,8763.4,90.52,5.0,1.4398,79.72,9.0,0.02,6.1,0.0852,88.25,4,1601.12,0.392,4.87,379.95,No Defect
1207,1,2024-10-28 20:00:00,831.0,15140.39,96.18,1.0,1.8805,68.34,12.0,4.7,6.41,0.0397,81.29,6,4626.45,0.4144,3.14,284.21,Defect
1208,2,2024-10-29 02:00:00,174.0,15599.45,87.24,5.0,2.6385,66.51,0.0,4.15,5.31,0.0562,91.7,6,2364.41,0.1363,4.53,209.77,Defect
1209,3,2024-10-29 08:00:00,103.0,14150.11,90.49,2.0,2.5221,61.69,9.0,0.39,3.18,0.0513,82.6,8,2664.24,0.3326,4.0,214.0,Defect
1210,4,2024-10-29 14:00:00,946.0,9693.61,93.41,5.0,3.6886,82.35,21.0,3.0,4.43,0.0926,91.43,1,2873.78,0.2504,3.87,392.47,Defect
1211,5,2024-10-29 20:00:00,745.0,9066.44,85.39,0.0,3.3054,81.78,11.0,1.16,3.98,0.077,95.59,2,3507.62,0.1557,1.82,350.41,Defect
1212,6,2024-10-30 02:00:00,217.0,13965.02,85.55,3.0,3.3998,68.21,16.0,1.32,8.41,0.0985,98.59,3,4979.05,0.1811,8.94,333.95,Defect
1213,1,2024-10-30 08:00:00,980.0,17991.43,98.67,2.0,3.7132,87.81,23.0,4.37,6.37,0.0794,81.34,7,3399.84,0.4125,7.23,361.04,Defect
1214,2,2024-10-30 14:00:00,705.0,19201.01,94.47,4.0,1.8168,89.64,13.0,0.57,4.37,0.0296,86.08,0,4706.86,0.1646,6.61,409.91,Defect
1215,3,2024-10-30 20:00:00,603.0,6588.59,91.54,1.0,1.9505,70.36,4.0,3.01,5.91,0.0963,93.05,8,2020.11,0.225,6.46,399.34,Defect
1216,4,2024-10-31 02:00:00,673.0,7322.43,92.95,0.0,2.471,73.76,18.0,2.01,3.75,0.0984,86.31,4,2593.65,0.2139,4.57,142.16,Defect
1217,5,2024-10-31 08:00:00,540.0,19171.04,80.59,2.0,1.8836,99.62,4.0,0.95,3.48,0.0123,89.02,3,3018.0,0.1195,8.41,245.21,No Defect
1218,6,2024-10-31 14:00:00,293.0,16048.03,92.36,2.0,4.9322,74.97,14.0,2.26,8.88,0.0901,80.4,7,2291.61,0.2849,9.37,205.59,Defect
1219,1,2024-10-31 20:00:00,946.0,18244.91,90.19,0.0,4.1632,90.43,12.0,4.7,9.56,0.0664,93.87,8,4907.47,0.4064,1.05,315.3,Defect
1220,2,2024-11-01 02:00:00,814.0,8039.49,90.91,4.0,1.2409,78.11,16.0,3.91,2.64,0.0922,97.67,2,3902.73,0.1089,1.71,124.57,Defect
1221,3,2024-11-01 08:00:00,491.0,13813.79,87.19,4.0,0.5252,91.73,0.0,0.66,8.12,0.0916,99.54,3,2915.53,0.145,7.07,404.99,No Defect
1222,4,2024-11-01 14:00:00,125.0,15517.09,81.63,3.0,0.6925,90.76,13.0,4.25,5.63,0.0891,96.61,0,4005.22,0.3881,3.12,142.61,Defect
1223,5,2024-11-01 20:00:00,534.0,15201.68,83.87,5.0,1.5983,86.71,3.0,4.69,5.11,0.0885,80.64,2,2869.77,0.3374,9.21,208.56,No Defect
1224,6,2024-11-02 02:00:00,272.0,11122.28,99.01,4.0,1.0143,94.19,8.0,1.38,7.52,0.0118,93.04,9,1068.9,0.3861,7.01,413.1,No Defect
1225,1,2024-11-02 08:00:00,399.0,5230.92,88.17,3.0,2.9,97.57,16.0,1.67,4.13,0.0144,89.91,4,3172.77,0.192,4.31,120.62,Defect
1226,2,2024-11-02 14:00:00,744.0,13743.89,89.33,5.0,4.361,83.2,2.0,0.63,2.16,0.0118,98.76,7,3500.74,0.4215,4.74,364.08,Defect
1227,3,2024-11-02 20:00:00,425.0,8796.52,81.05,2.0,3.8154,69.5,12.0,1.72,3.71,0.0091,98.04,0,4924.83,0.2919,7.22,469.79,Defect
1228,4,2024-11-03 02:00:00,509.0,11753.81,80.75,0.0,1.4702,75.95,11.0,3.37,3.48,0.0353,99.76,0,1163.17,0.3441,2.27,347.06,Defect
1229,5,2024-11-03 08:00:00,217.0,19363.72,94.34,4.0,2.2968,90.33,15.0,1.36,2.27,0.0684,97.24,2,3048.39,0.1369,8.95,385.06,Defect
1230,6,2024-11-03 14:00:00,935.0,10985.53,90.76,3.0,2.7855,86.04,3.0,0.03,4.57,0.0355,90.94,8,1392.62,0.182,1.04,416.91,Defect
1231,1,2024-11-03 20:00:00,886.0,17597.02,90.17,2.0,4.1459,67.11,17.0,1.69,5.8,0.072,94.3,8,1595.98,0.4093,9.81,188.9,Defect
1232,2,2024-11-04 02:00:00,823.0,7828.11,84.86,4.0,4.276,62.05,22.0,2.27,7.89,0.082,99.29,0,3441.85,0.1896,2.51,332.39,Defect
1233,3,2024-11-04 08:00:00,324.0,15086.91,94.9,1.0,4.5937,87.32,2.0,2.83,4.61,0.0666,91.56,3,1926.27,0.137,7.68,223.62,Defect
1234,4,2024-11-04 14:00:00,631.0,19655.1,83.36,2.0,2.7916,70.04,16.0,3.42,3.56,0.0465,96.8,7,3996.7,0.3389,1.36,199.8,Defect
1235,5,2024-11-04 20:00:00,212.0,6528.4,83.8,4.0,3.6242,79.99,0.0,0.31,3.84,0.0296,98.84,1,3056.79,0.3192,4.88,176.98,Defect
1236,6,2024-11-05 02:00:00,239.0,5124.8,89.21,2.0,1.0031,89.87,18.0,2.35,9.13,0.0124,91.41,3,1872.85,0.3432,6.67,334.17,Defect
1237,1,2024-11-05 08:00:00,658.0,11503.74,85.73,0.0,3.0438,82.51,21.0,1.33,3.64,0.0494,83.18,6,2975.17,0.3473,1.63,417.81,Defect
1238,2,2024-11-05 14:00:00,100.0,6389.38,84.95,0.0,1.6191,63.33,3.0,4.74,9.03,0.072,83.11,6,1003.53,0.3001,4.99,450.36,Defect
1239,3,2024-11-05 20:00:00,189.0,16225.77,92.9,0.0,2.4427,67.42,16.0,1.8,5.58,0.0548,82.31,4,4450.96,0.2975,3.73,271.43,Defect
1240,4,2024-11-06 02:00:00,753.0,18718.23,93.02,5.0,3.3532,68.77,6.0,0.5,9.48,0.0721,89.53,6,1050.71,0.4697,5.48,249.16,Defect
1241,5,2024-11-06 08:00:00,419.0,11510.31,96.49,1.0,1.6564,70.31,1.0,0.21,5.26,0.0335,89.6,5,1028.04,0.3136,5.54,374.92,Defect
1242,6,2024-11-06 14:00:00,649.0,8880.67,88.35,0.0,0.7348,82.62,11.0,1.33,3.42,0.0067,92.35,1,3446.02,0.3469,8.07,412.14,Defect
1243,1,2024-11-06 20:00:00,904.0,11516.05,81.46,1.0,0.5461,80.16,4.0,0.89,6.39,0.0771,89.66,8,4894.08,0.2068,2.11,201.33,Defect
1244,2,2024-11-07 02:00:00,993.0,15851.72,85.47,0.0,0.5997,68.13,15.0,3.25,6.7,0.022,99.46,4,4423.73,0.4484,1.74,218.92,Defect
1245,3,2024-11-07 08:00:00,238.0,5135.81,99.6,5.0,0.5376,62.7,7.0,4.23,7.08,0.0616,85.83,1,2008.08,0.1097,4.62,313.36,Defect
1246,4,2024-11-07 14:00:00,610.0,13841.81,91.93,2.0,0.9966,66.86,22.0,1.56,5.29,0.0804,97.48,5,1786.67,0.3229,8.99,277.75,Defect
1247,5,2024-11-07 20:00:00,967.0,14199.38,94.19,4.0,1.5777,99.38,7.0,2.89,2.39,0.0139,82.01,9,3504.45,0.2535,8.7,382.32,Defect
1248,6,2024-11-08 02:00:00,944.0,14565.32,80.15,4.0,1.4955,78.74,12.0,3.65,7.01,0.0598,92.04,4,4290.55,0.3416,6.04,301.79,Defect
1249,1,2024-11-08 08:00:00,358.0,8630.33,90.36,0.0,4.9406,94.69,13.0,1.99,9.46,0.0689,92.97,1,2448.31,0.2441,9.0,144.64,Defect
1250,2,2024-11-08 14:00:00,772.0,15710.79,80.75,4.0,1.877,93.95,10.0,0.33,9.66,0.0747,95.44,9,2729.42,0.3871,8.25,166.38,No Defect
1251,3,2024-11-08 20:00:00,789.0,6370.87,91.38,0.0,1.0734,80.46,5.0,1.15,6.78,0.0148,90.06,9,1461.96,0.1081,3.5,460.76,No Defect
1252,4,2024-11-09 02:00:00,109.0,7989.06,98.42,0.0,2.955,88.27,15.0,4.42,2.16,0.0825,83.94,6,1611.31,0.2624,2.53,190.96,Defect
1253,5,2024-11-09 08:00:00,360.0,18162.05,99.37,3.0,4.3608,67.71,22.0,4.12,2.85,0.0094,87.38,9,3273.41,0.4325,3.71,120.03,Defect
1254,6,2024-11-09 14:00:00,749.0,16080.85,90.81,3.0,3.5513,87.54,21.0,0.43,8.67,0.052,85.44,1,1410.62,0.2001,3.04,392.58,Defect
1255,1,2024-11-09 20:00:00,271.0,5206.18,89.16,3.0,1.8324,70.9,14.0,1.12,8.64,0.0443,88.38,6,1808.18,0.1211,6.6,373.6,Defect
1256,2,2024-11-10 02:00:00,997.0,8725.64,98.9,1.0,3.0273,93.28,15.0,3.85,9.57,0.0222,90.6,5,1938.71,0.2986,6.26,340.03,Defect
1257,3,2024-11-10 08:00:00,112.0,8216.1,93.47,3.0,3.7169,63.35,12.0,2.43,6.51,0.0302,92.5,3,2775.7,0.4906,6.39,300.9,Defect
1258,4,2024-11-10 14:00:00,267.0,9062.09,81.3,0.0,3.7765,90.93,11.0,3.8,8.91,0.0164,96.9,3,1182.45,0.1257,2.7,487.83,Defect
1259,5,2024-11-10 20:00:00,741.0,8713.4,89.31,5.0,3.4994,64.0,17.0,1.06,8.6,0.0426,98.2,5,2999.08,0.128,8.13,147.93,Defect
1260,6,2024-11-11 02:00:00,695.0,5937.89,84.8,5.0,4.4186,95.25,17.0,4.76,6.72,0.0036,89.25,8,4714.7,0.338,4.9,304.07,Defect
1261,1,2024-11-11 08:00:00,420.0,11884.11,89.4,2.0,4.4155,72.17,13.0,3.92,8.27,0.0889,81.77,9,1097.85,0.2,5.25,325.62,Defect
1262,2,2024-11-11 14:00:00,418.0,15991.0,89.11,3.0,3.1052,86.18,1.0,0.99,3.01,0.0163,95.94,5,3523.94,0.2641,9.97,109.0,Defect
1263,3,2024-11-11 20:00:00,712.0,14100.98,91.64,5.0,2.4344,79.5,21.0,2.79,7.11,0.0886,89.54,5,4343.37,0.4322,3.54,264.8,Defect
1264,4,2024-11-12 02:00:00,428.0,15093.08,87.14,3.0,3.3871,74.65,1.0,0.57,9.63,0.0864,90.93,0,2249.84,0.1795,4.55,413.12,Defect
1265,5,2024-11-12 08:00:00,884.0,6217.24,83.29,2.0,4.182,85.82,2.0,1.81,3.3,0.0452,91.92,4,1526.07,0.3877,7.09,288.44,Defect
1266,6,2024-11-12 14:00:00,876.0,19272.36,90.07,5.0,0.5254,97.9,23.0,3.3,7.95,0.0498,93.36,0,1173.36,0.3018,8.92,450.11,Defect
1267,1,2024-11-12 20:00:00,649.0,17577.38,96.6,0.0,4.964,61.65,7.0,1.65,4.57,0.0302,97.8,8,3575.61,0.462,2.14,357.92,Defect
1268,2,2024-11-13 02:00:00,518.0,17076.35,93.28,1.0,1.323,96.75,10.0,3.28,8.54,0.0997,99.04,9,3208.94,0.4892,7.62,406.43,No Defect
1269,3,2024-11-13 08:00:00,705.0,17344.76,86.77,3.0,2.6161,84.36,11.0,1.22,7.58,0.0671,98.8,3,1917.18,0.294,9.26,421.79,Defect
1270,4,2024-11-13 14:00:00,194.0,18990.66,98.71,5.0,4.4241,92.29,3.0,3.61,9.41,0.0952,96.19,1,4326.47,0.3339,4.81,375.8,Defect
1271,5,2024-11-13 20:00:00,916.0,13163.81,98.24,5.0,1.5127,75.35,8.0,1.8,7.7,0.0415,97.78,8,3942.03,0.3983,3.58,399.75,Defect
1272,6,2024-11-14 02:00:00,680.0,8004.23,84.19,2.0,2.6456,78.87,23.0,3.95,5.28,0.0883,80.99,5,2105.72,0.2275,7.1,378.12,Defect
1273,1,2024-11-14 08:00:00,417.0,14251.75,80.79,0.0,1.0966,94.75,16.0,0.68,2.09,0.0448,96.98,9,4013.45,0.1907,3.21,320.19,Defect
1274,2,2024-11-14 14:00:00,335.0,16143.22,94.83,4.0,2.2778,76.59,23.0,1.81,8.34,0.0867,81.45,2,1979.98,0.4859,4.46,326.61,Defect
1275,3,2024-11-14 20:00:00,433.0,16068.76,96.55,5.0,1.2971,81.39,15.0,2.32,5.27,0.0131,94.92,1,3701.07,0.273,9.07,175.95,Defect
1276,4,2024-11-15 02:00:00,984.0,12821.74,99.36,1.0,2.1363,60.81,16.0,2.12,7.37,0.0637,83.39,5,1474.18,0.1006,6.31,430.98,Defect
1277,5,2024-11-15 08:00:00,475.0,6026.88,97.8,2.0,2.1806,66.34,14.0,2.17,2.84,0.0679,87.2,9,3768.96,0.4351,1.85,224.85,Defect
1278,6,2024-11-15 14:00:00,558.0,10566.69,92.01,5.0,4.9693,85.67,19.0,2.22,9.13,0.0656,83.68,5,1955.1,0.3399,3.97,314.29,Defect
1279,1,2024-11-15 20:00:00,236.0,18811.5,90.6,5.0,4.9767,88.68,21.0,4.94,5.49,0.0447,88.87,8,3289.88,0.1674,6.65,199.82,Defect
1280,2,2024-11-16 02:00:00,687.0,13766.73,80.56,2.0,1.0165,83.3,6.0,0.97,9.36,0.0684,88.23,4,1689.86,0.1121,5.33,378.35,No Defect
1281,3,2024-11-16 08:00:00,646.0,13074.98,84.93,2.0,3.7669,65.73,9.0,3.84,7.66,0.0239,80.96,8,3903.87,0.2166,6.94,490.07,Defect
1282,4,2024-11-16 14:00:00,612.0,9032.8,89.19,3.0,0.7329,77.82,3.0,2.76,2.97,0.0596,96.61,4,1243.52,0.4712,7.85,420.78,No Defect
1283,5,2024-11-16 20:00:00,395.0,10526.73,92.57,5.0,0.6359,74.2,23.0,2.07,6.63,0.0554,97.08,1,1661.67,0.4734,5.33,347.64,Defect
1284,6,2024-11-17 02:00:00,419.0,18430.19,91.15,4.0,0.974,79.83,23.0,3.17,9.28,0.0318,95.75,0,1736.55,0.2244,9.88,327.0,Defect
1285,1,2024-11-17 08:00:00,671.0,14996.95,94.85,1.0,4.8447,94.81,13.0,4.27,8.4,0.0779,96.95,8,1165.37,0.4344,9.23,295.91,Defect
1286,2,2024-11-17 14:00:00,931.0,16810.81,85.6,0.0,4.7339,91.03,13.0,2.33,5.34,0.0081,95.02,9,3980.05,0.2767,1.54,181.99,Defect
1287,3,2024-11-17 20:00:00,448.0,11815.18,91.3,0.0,1.3727,63.36,13.0,4.32,9.64,0.0171,98.75,6,4923.81,0.3617,3.4,239.2,Defect
1288,4,2024-11-18 02:00:00,939.0,14453.71,81.76,4.0,1.2275,95.61,13.0,0.47,4.15,0.0471,91.53,2,4113.59,0.2338,3.7,262.56,Defect
1289,5,2024-11-18 08:00:00,878.0,8725.75,88.27,2.0,1.5824,78.87,21.0,3.27,5.0,0.0892,91.65,5,4442.53,0.3064,2.66,477.83,Defect
1290,6,2024-11-18 14:00:00,972.0,15581.91,95.0,2.0,2.82,89.75,19.0,1.67,8.0,0.0575,97.2,9,1024.03,0.2175,3.81,270.23,Defect
1291,1,2024-11-18 20:00:00,328.0,11414.02,93.87,2.0,3.0637,65.6,17.0,1.93,3.86,0.0842,86.99,3,1471.48,0.1244,4.82,334.48,Defect
1292,2,2024-11-19 02:00:00,369.0,11638.18,99.81,5.0,1.4972,86.83,14.0,2.86,6.12,0.0518,81.0,8,3236.08,0.1558,1.46,468.97,Defect
1293,3,2024-11-19 08:00:00,927.0,14739.83,85.56,2.0,3.9048,69.45,22.0,2.4,7.83,0.0785,95.0,1,4911.48,0.2163,2.15,307.37,Defect
1294,4,2024-11-19 14:00:00,897.0,19044.21,89.96,2.0,1.893,77.54,18.0,1.91,7.15,0.0326,85.09,3,3642.85,0.4905,1.87,200.58,Defect
1295,5,2024-11-19 20:00:00,390.0,5960.1,86.59,5.0,4.6496,60.67,12.0,1.54,3.24,0.0815,89.48,0,2496.55,0.4863,1.42,252.4,Defect
1296,6,2024-11-20 02:00:00,824.0,17371.15,88.81,5.0,3.4553,66.06,11.0,3.09,7.04,0.0402,84.81,6,1584.6,0.4311,5.33,250.22,Defect
1297,1,2024-11-20 08:00:00,264.0,9385.75,97.14,4.0,2.4636,63.68,18.0,2.53,6.58,0.0559,96.54,3,1611.34,0.193,4.0,385.89,Defect
1298,2,2024-11-20 14:00:00,104.0,11658.79,93.68,3.0,4.0546,69.59,18.0,1.62,6.46,0.0176,99.17,4,2451.01,0.2766,9.42,218.45,Defect
1299,3,2024-11-20 20:00:00,950.0,5328.7,97.65,5.0,4.1806,64.0,19.0,1.02,8.61,0.092,81.1,0,3855.24,0.2759,1.92,392.12,Defect
1300,4,2024-11-21 02:00:00,478.0,9515.69,84.07,1.0,1.8072,87.68,1.0,3.87,3.47,0.0701,84.67,1,1127.28,0.2548,9.33,455.7,No Defect
1301,5,2024-11-21 08:00:00,177.0,12539.47,97.47,2.0,2.0287,61.16,20.0,4.0,8.01,0.0859,83.79,3,4408.71,0.118,1.78,234.43,Defect
1302,6,2024-11-21 14:00:00,509.0,5842.64,81.2,3.0,4.7118,84.71,2.0,1.07,8.09,0.0208,93.46,1,4766.21,0.3138,6.57,154.14,Defect
1303,1,2024-11-21 20:00:00,673.0,12366.44,97.77,0.0,1.2413,65.63,9.0,1.31,7.78,0.0068,88.57,0,4555.27,0.1291,3.23,355.42,Defect
1304,2,2024-11-22 02:00:00,231.0,18906.66,86.58,4.0,0.6897,97.81,4.0,1.2,6.05,0.0337,89.13,9,4652.11,0.4208,8.44,244.34,No Defect
1305,3,2024-11-22 08:00:00,700.0,6580.9,86.29,3.0,2.5432,97.32,11.0,4.42,5.16,0.0517,83.14,0,1061.36,0.3765,1.55,313.59,Defect
1306,4,2024-11-22 14:00:00,848.0,16466.61,90.24,5.0,4.1054,69.02,6.0,3.87,5.16,0.0802,88.29,5,4911.17,0.2411,9.57,353.67,Defect
1307,5,2024-11-22 20:00:00,141.0,11145.07,98.81,2.0,3.9725,84.58,8.0,0.37,7.87,0.0398,86.06,1,2465.43,0.3589,1.43,263.1,Defect
1308,6,2024-11-23 02:00:00,188.0,14827.61,80.96,2.0,4.6379,61.12,1.0,4.16,5.98,0.027,92.22,2,4477.12,0.1932,3.17,469.88,Defect
1309,1,2024-11-23 08:00:00,501.0,8903.55,87.04,2.0,2.8994,97.27,9.0,0.18,4.71,0.0373,84.34,4,1747.24,0.2061,5.18,259.85,No Defect
1310,2,2024-11-23 14:00:00,395.0,7392.38,97.13,3.0,0.9503,80.92,5.0,1.27,7.0,0.0704,92.3,2,2786.1,0.2257,7.8,222.95,No Defect
1311,3,2024-11-23 20:00:00,939.0,7406.94,87.92,2.0,3.1491,61.73,11.0,4.59,8.7,0.0336,87.55,5,1176.66,0.4188,9.56,454.27,Defect
1312,4,2024-11-24 02:00:00,394.0,6057.38,83.98,5.0,4.0028,73.7,5.0,4.32,2.49,0.0979,86.93,6,1160.3,0.1843,4.85,154.52,Defect
1313,5,2024-11-24 08:00:00,715.0,7784.7,88.5,3.0,0.92,63.07,2.0,3.91,9.78,0.0175,86.11,9,4773.1,0.3251,7.82,149.68,Defect
1314,6,2024-11-24 14:00:00,625.0,14963.29,87.71,2.0,1.277,75.72,9.0,2.29,2.77,0.0753,93.48,5,4242.43,0.1802,7.54,474.28,No Defect
1315,1,2024-11-24 20:00:00,899.0,18225.36,98.31,0.0,0.5553,86.8,8.0,1.61,6.09,0.0589,91.25,1,3119.3,0.214,6.14,183.59,Defect
1316,2,2024-11-25 02:00:00,790.0,17211.89,95.24,0.0,3.1714,78.8,19.0,4.41,6.48,0.0233,97.03,8,3101.83,0.1942,7.22,159.37,Defect
1317,3,2024-11-25 08:00:00,736.0,15277.01,90.1,1.0,4.4903,75.35,4.0,3.29,3.11,0.0754,84.83,1,3995.02,0.358,1.34,314.07,Defect
1318,4,2024-11-25 14:00:00,521.0,6656.48,99.77,2.0,3.518,64.77,2.0,1.48,9.32,0.0448,80.8,5,2366.68,0.3107,4.97,118.72,Defect
1319,5,2024-11-25 20:00:00,964.0,9337.81,89.31,2.0,4.9192,69.8,4.0,2.32,5.77,0.0682,83.64,8,4047.48,0.3885,8.07,348.01,Defect
1320,6,2024-11-26 02:00:00,122.0,9647.1,81.16,3.0,0.7837,64.01,7.0,4.41,3.14,0.0662,86.87,8,2940.03,0.188,5.27,281.17,Defect
1321,1,2024-11-26 08:00:00,674.0,8749.35,85.25,3.0,4.5635,92.3,7.0,4.52,7.69,0.0111,83.59,1,3551.67,0.1037,8.86,356.16,Defect
1322,2,2024-11-26 14:00:00,242.0,12725.08,88.72,2.0,4.1633,65.41,13.0,3.3,7.31,0.084,81.67,8,4859.32,0.3722,8.5,213.57,Defect
1323,3,2024-11-26 20:00:00,764.0,13033.31,83.14,1.0,1.9141,83.81,23.0,3.66,9.7,0.0681,88.91,7,2885.26,0.1459,8.77,462.19,Defect
1324,4,2024-11-27 02:00:00,244.0,10353.29,98.95,2.0,4.8809,73.71,21.0,0.2,5.53,0.0781,93.54,6,2673.62,0.1985,2.17,208.23,Defect
1325,5,2024-11-27 08:00:00,324.0,10306.84,95.34,5.0,1.7957,69.04,16.0,3.02,4.14,0.0448,95.03,7,4623.0,0.2223,3.2,355.03,Defect
1326,6,2024-11-27 14:00:00,602.0,17428.33,85.37,3.0,4.5019,85.58,10.0,3.44,2.48,0.0195,87.97,9,4610.32,0.3987,1.27,478.04,Defect
1327,1,2024-11-27 20:00:00,920.0,16839.39,91.82,2.0,4.4634,78.28,15.0,0.1,7.86,0.0326,89.56,7,4969.67,0.3504,9.85,260.32,Defect
1328,2,2024-11-28 02:00:00,715.0,9616.94,94.43,3.0,3.9095,76.01,5.0,4.22,6.94,0.0901,95.11,0,3203.45,0.1737,3.13,164.57,Defect
1329,3,2024-11-28 08:00:00,203.0,18706.83,98.83,2.0,3.0356,83.71,10.0,4.64,9.78,0.0938,87.05,8,2377.05,0.3392,4.3,127.35,Defect
1330,4,2024-11-28 14:00:00,138.0,19292.23,97.63,4.0,1.04,79.65,9.0,1.19,7.7,0.0482,95.7,5,1961.56,0.3833,3.47,485.21,No Defect
1331,5,2024-11-28 20:00:00,297.0,9901.14,90.3,3.0,2.8939,72.14,22.0,4.23,9.47,0.0299,99.35,0,1136.39,0.2556,1.36,405.48,Defect
1332,6,2024-11-29 02:00:00,745.0,10316.37,95.49,1.0,2.1056,82.36,8.0,3.33,9.93,0.073,97.61,0,3906.91,0.1984,3.35,467.58,No Defect
1333,1,2024-11-29 08:00:00,678.0,12584.51,91.24,4.0,4.065,86.78,23.0,2.9,5.43,0.0766,89.07,6,1933.9,0.3716,1.88,379.53,Defect
1334,2,2024-11-29 14:00:00,490.0,19116.81,91.05,5.0,3.9116,61.07,23.0,4.22,3.2,0.0815,91.59,9,3426.56,0.3444,4.55,236.98,Defect
1335,3,2024-11-29 20:00:00,278.0,18144.79,82.29,2.0,4.5978,78.63,14.0,1.43,3.57,0.0031,94.33,1,4666.37,0.1312,9.7,149.21,Defect
1336,4,2024-11-30 02:00:00,653.0,6538.52,82.52,5.0,0.5667,62.31,6.0,3.95,4.55,0.001,86.99,5,4800.85,0.3667,7.28,471.72,Defect
1337,5,2024-11-30 08:00:00,547.0,10890.96,90.59,3.0,4.141,67.46,17.0,1.57,6.07,0.0357,95.98,4,1017.64,0.2954,7.36,295.85,Defect
1338,6,2024-11-30 14:00:00,599.0,13300.57,85.38,4.0,4.7231,82.42,0.0,3.94,2.98,0.0152,88.74,4,2268.3,0.4013,5.08,258.6,Defect
1339,1,2024-11-30 20:00:00,114.0,12546.99,80.42,5.0,4.0519,94.65,14.0,2.26,4.41,0.0805,96.94,9,4349.51,0.1763,8.3,331.12,Defect
1340,2,2024-12-01 02:00:00,722.0,7907.95,94.46,1.0,1.0859,95.31,1.0,0.58,4.46,0.0533,85.09,5,3145.78,0.2033,9.17,142.62,No Defect
1341,3,2024-12-01 08:00:00,768.0,17882.25,80.65,3.0,0.8658,62.8,21.0,1.91,2.03,0.0825,80.23,7,4230.03,0.3173,9.65,223.68,Defect
1342,4,2024-12-01 14:00:00,388.0,15154.11,91.91,4.0,0.5938,76.76,1.0,1.17,4.83,0.0177,92.65,4,4413.29,0.2927,1.89,355.15,No Defect
1343,5,2024-12-01 20:00:00,577.0,17568.63,90.78,5.0,3.3294,83.32,9.0,0.5,2.93,0.0627,89.04,7,2770.5,0.2545,8.92,140.05,Defect
1344,6,2024-12-02 02:00:00,330.0,17881.46,99.38,4.0,3.3335,65.88,19.0,0.55,5.44,0.058,81.2,4,2435.93,0.3984,3.03,154.1,Defect
1345,1,2024-12-02 08:00:00,519.0,16225.34,89.68,4.0,4.9411,90.62,14.0,3.9,3.57,0.034,89.75,9,2821.73,0.3259,4.58,304.24,Defect
1346,2,2024-12-02 14:00:00,256.0,11588.16,81.27,5.0,2.2912,89.77,9.0,4.41,8.58,0.0517,83.37,5,3611.18,0.3841,4.11,349.38,No Defect
1347,3,2024-12-02 20:00:00,649.0,14158.2,91.03,0.0,1.9936,96.13,18.0,4.64,2.64,0.0589,92.59,7,2468.64,0.1613,7.08,174.8,Defect
1348,4,2024-12-03 02:00:00,540.0,7405.48,96.82,2.0,3.3099,60.34,21.0,4.27,8.93,0.0889,88.9,1,4099.95,0.3916,6.38,113.23,Defect
1349,5,2024-12-03 08:00:00,196.0,15104.68,99.94,3.0,4.2152,68.67,12.0,4.15,6.64,0.0056,83.42,6,4615.97,0.2846,1.98,483.35,Defect
1350,6,2024-12-03 14:00:00,510.0,7688.8,88.61,3.0,4.7155,93.09,23.0,0.34,5.67,0.0823,88.24,2,2129.24,0.1135,8.05,111.0,Defect
1351,1,2024-12-03 20:00:00,388.0,15409.24,86.41,3.0,4.1141,86.82,10.0,3.95,6.4,0.098,84.65,8,4859.96,0.1938,4.96,100.82,Defect
1352,2,2024-12-04 02:00:00,353.0,8443.97,98.13,4.0,2.42,95.78,21.0,3.92,5.01,0.0732,93.06,9,3490.9,0.1103,1.02,229.34,Defect
1353,3,2024-12-04 08:00:00,295.0,6763.27,83.82,5.0,3.3571,62.29,1.0,0.66,3.02,0.0737,85.9,6,4512.68,0.2827,4.73,188.98,Defect
1354,4,2024-12-04 14:00:00,697.0,7479.27,92.31,2.0,4.3533,83.88,20.0,3.31,8.13,0.0218,96.44,2,1415.67,0.2304,5.65,329.43,Defect
1355,5,2024-12-04 20:00:00,933.0,5029.88,88.11,1.0,2.7077,82.76,12.0,2.26,9.42,0.0523,80.28,7,2006.0,0.495,1.62,457.68,Defect
1356,6,2024-12-05 02:00:00,621.0,15781.09,80.82,3.0,1.4751,61.43,21.0,4.5,9.6,0.0706,88.07,9,2284.08,0.4474,2.36,292.44,Defect
1357,1,2024-12-05 08:00:00,616.0,15986.02,86.95,5.0,1.2638,80.54,21.0,3.48,7.37,0.0602,92.34,1,2211.29,0.4303,9.94,409.32,Defect
1358,2,2024-12-05 14:00:00,734.0,12724.0,85.3,2.0,0.5007,84.38,20.0,4.75,5.28,0.0385,80.45,9,1687.44,0.3004,8.84,463.69,Defect
1359,3,2024-12-05 20:00:00,941.0,7420.44,93.72,2.0,3.7321,67.65,0.0,0.52,5.83,0.094,84.32,7,4472.8,0.4228,2.2,175.76,Defect
1360,4,2024-12-06 02:00:00,964.0,6253.32,98.98,0.0,0.9999,70.93,4.0,0.2,7.26,0.0514,86.55,6,2674.45,0.2067,6.22,295.32,Defect
1361,5,2024-12-06 08:00:00,217.0,5286.93,85.36,5.0,1.5973,85.61,20.0,4.87,8.58,0.097,80.44,4,4852.52,0.3243,4.41,356.83,Defect
1362,6,2024-12-06 14:00:00,905.0,7486.22,96.23,3.0,1.8404,78.73,21.0,0.4,5.0,0.0564,90.93,3,3333.89,0.2572,5.89,232.75,Defect
1363,1,2024-12-06 20:00:00,258.0,18362.83,81.11,4.0,3.0217,94.32,6.0,1.93,9.33,0.0793,92.62,9,1553.58,0.1685,5.23,395.9,Defect
1364,2,2024-12-07 02:00:00,914.0,8623.05,90.76,2.0,2.2908,73.7,12.0,3.25,4.59,0.0742,84.55,9,3183.62,0.129,1.43,382.13,Defect
1365,3,2024-12-07 08:00:00,327.0,10314.07,81.41,2.0,3.536,70.67,12.0,4.4,6.25,0.0661,90.87,0,4974.18,0.3233,3.84,268.44,Defect
1366,4,2024-12-07 14:00:00,976.0,6580.18,98.68,1.0,0.7504,99.39,19.0,1.27,9.69,0.0014,99.98,3,3260.69,0.1391,2.13,135.18,Defect
1367,5,2024-12-07 20:00:00,315.0,8335.42,95.33,0.0,1.0577,96.45,22.0,0.15,9.51,0.0077,97.74,5,1007.48,0.3872,5.4,104.63,Defect
1368,6,2024-12-08 02:00:00,795.0,12788.37,93.16,2.0,2.7465,61.16,20.0,2.61,7.57,0.0581,81.17,5,4732.32,0.4686,9.17,247.74,Defect
1369,1,2024-12-08 08:00:00,114.0,14116.29,96.48,2.0,2.0163,90.83,5.0,2.36,4.6,0.0912,82.56,1,1939.58,0.1648,9.96,132.83,No Defect
1370,2,2024-12-08 14:00:00,256.0,8680.28,92.95,4.0,1.8312,64.41,19.0,1.53,3.75,0.0601,89.89,8,3754.12,0.2884,9.5,412.65,Defect
1371,3,2024-12-08 20:00:00,747.0,5865.98,99.38,4.0,0.8016,61.1,11.0,4.37,2.64,0.0236,84.9,0,3060.32,0.3955,9.87,233.73,Defect
1372,4,2024-12-09 02:00:00,360.0,10865.49,94.28,1.0,4.5307,70.95,7.0,3.75,7.67,0.032,81.62,3,2301.74,0.2147,1.14,366.44,Defect
1373,5,2024-12-09 08:00:00,256.0,8513.05,98.49,5.0,3.6132,70.77,8.0,4.29,6.03,0.0623,85.09,3,2130.56,0.4683,7.57,238.55,Defect
1374,6,2024-12-09 14:00:00,146.0,8293.31,90.34,1.0,1.0473,92.77,17.0,0.81,6.58,0.0597,81.22,1,4715.04,0.4554,3.46,418.38,Defect
1375,1,2024-12-09 20:00:00,423.0,19397.94,82.34,1.0,0.7927,88.43,10.0,3.46,5.78,0.0956,90.6,7,4647.7,0.1415,8.79,455.36,No Defect
1376,2,2024-12-10 02:00:00,943.0,14244.51,90.56,4.0,4.8869,99.26,19.0,4.88,5.86,0.0529,89.81,1,3052.54,0.111,8.32,435.01,Defect
1377,3,2024-12-10 08:00:00,784.0,13353.18,82.54,5.0,3.5653,88.46,10.0,3.06,6.57,0.0355,80.13,1,2033.98,0.4906,4.81,293.79,Defect
1378,4,2024-12-10 14:00:00,229.0,11236.63,91.85,4.0,2.3786,76.73,23.0,0.86,9.31,0.0525,89.65,1,1409.37,0.4826,5.26,133.58,Defect
1379,5,2024-12-10 20:00:00,510.0,11434.17,89.65,0.0,3.6578,87.96,23.0,4.98,2.23,0.0786,90.4,0,1626.31,0.2689,3.39,248.68,Defect
1380,6,2024-12-11 02:00:00,194.0,13113.58,92.45,3.0,3.9035,99.98,14.0,2.64,8.41,0.054,92.11,4,3089.01,0.1202,3.6,269.78,Defect
1381,1,2024-12-11 08:00:00,726.0,15446.45,80.2,3.0,4.0098,88.41,8.0,4.2,5.12,0.0326,99.4,3,2231.32,0.3476,9.83,484.1,Defect
1382,2,2024-12-11 14:00:00,854.0,15532.19,83.9,0.0,2.6504,90.47,2.0,0.75,7.96,0.0339,99.65,1,1168.27,0.2174,9.0,326.2,Defect
1383,3,2024-12-11 20:00:00,391.0,7575.41,89.83,3.0,2.4345,97.53,16.0,3.33,9.59,0.0757,90.54,0,2820.67,0.4747,2.73,356.34,Defect
1384,4,2024-12-12 02:00:00,893.0,12501.69,99.01,5.0,0.5496,64.55,16.0,4.56,4.45,0.0066,96.9,0,3984.76,0.4179,3.48,412.8,Defect
1385,5,2024-12-12 08:00:00,910.0,11179.37,87.67,4.0,4.6695,88.19,2.0,2.66,2.72,0.0275,81.7,1,4566.78,0.3598,1.98,327.28,Defect
1386,6,2024-12-12 14:00:00,382.0,18057.9,88.49,3.0,3.2149,94.03,18.0,1.44,3.86,0.0153,90.62,0,3341.14,0.2138,9.9,339.39,Defect
1387,1,2024-12-12 20:00:00,168.0,14471.28,94.29,5.0,1.4142,98.18,8.0,0.64,3.78,0.0945,93.58,8,3893.17,0.3805,9.16,198.13,No Defect
1388,2,2024-12-13 02:00:00,759.0,12987.56,92.08,4.0,4.6382,68.44,16.0,1.48,7.93,0.009,91.29,1,2456.28,0.2157,5.97,123.55,Defect
1389,3,2024-12-13 08:00:00,110.0,6730.92,85.98,5.0,4.6172,80.16,22.0,1.77,2.49,0.0758,84.61,2,2984.95,0.1151,7.24,388.55,Defect
1390,4,2024-12-13 14:00:00,353.0,14084.57,88.22,0.0,4.9513,87.22,17.0,3.55,2.41,0.063,81.25,8,3918.51,0.3034,7.73,439.47,Defect
1391,5,2024-12-13 20:00:00,941.0,6758.06,84.35,1.0,4.4333,69.9,22.0,0.89,7.55,0.0633,87.73,4,3910.63,0.2955,2.83,264.8,Defect
1392,6,2024-12-14 02:00:00,971.0,10058.1,99.32,0.0,4.99,84.02,14.0,0.53,6.45,0.0763,92.95,7,2698.11,0.4052,9.41,319.57,Defect
1393,1,2024-12-14 08:00:00,649.0,7142.63,82.61,3.0,1.6011,70.3,0.0,1.93,5.34,0.04,99.83,6,3174.67,0.4463,5.74,222.91,Defect
1394,2,2024-12-14 14:00:00,233.0,15381.1,87.44,4.0,4.2901,73.34,9.0,2.29,6.6,0.0401,84.73,5,4695.42,0.2418,1.83,280.09,Defect
1395,3,2024-12-14 20:00:00,811.0,8093.78,80.52,5.0,4.2036,77.66,7.0,3.14,7.88,0.0289,98.36,1,3527.99,0.2798,4.57,183.56,Defect
1396,4,2024-12-15 02:00:00,122.0,10877.89,84.44,3.0,1.5392,81.17,9.0,3.54,2.83,0.0598,81.37,3,3570.3,0.2882,6.41,403.95,No Defect
1397,5,2024-12-15 08:00:00,914.0,18435.12,95.61,3.0,0.943,77.97,1.0,4.45,6.43,0.093,98.62,8,4138.48,0.2297,4.18,296.76,Defect
1398,6,2024-12-15 14:00:00,445.0,8064.75,84.02,1.0,4.9074,79.73,18.0,1.44,8.6,0.0924,96.65,6,1460.89,0.3974,7.29,318.86,Defect
1399,1,2024-12-15 20:00:00,401.0,12617.08,81.6,3.0,1.8321,71.94,13.0,2.64,4.9,0.0703,80.42,2,3091.54,0.3088,8.94,114.84,Defect
1400,2,2024-12-16 02:00:00,462.0,11289.07,89.49,1.0,4.419,66.36,7.0,1.83,8.1,0.0906,85.96,5,4837.73,0.4656,7.95,348.96,Defect
1401,3,2024-12-16 08:00:00,495.0,5271.86,80.2,4.0,0.5186,61.89,18.0,0.01,8.76,0.0964,81.02,7,2446.64,0.3601,6.78,181.06,Defect
1402,4,2024-12-16 14:00:00,317.0,16891.37,81.7,4.0,0.5946,67.84,0.0,2.9,8.57,0.0795,99.91,7,2179.7,0.1848,5.61,253.36,Defect
1403,5,2024-12-16 20:00:00,240.0,6035.69,96.15,5.0,2.5964,83.28,15.0,4.08,7.2,0.0408,88.56,7,3404.83,0.1659,3.29,265.09,Defect
1404,6,2024-12-17 02:00:00,715.0,12113.83,95.43,1.0,1.5742,91.44,23.0,0.18,7.74,0.0483,93.24,7,1884.48,0.249,5.09,279.49,Defect
1405,1,2024-12-17 08:00:00,309.0,13410.17,98.3,0.0,3.6043,66.77,14.0,0.02,8.3,0.0931,84.68,9,3223.78,0.2388,3.64,190.97,Defect
1406,2,2024-12-17 14:00:00,722.0,14426.4,97.09,4.0,3.045,64.34,19.0,3.64,7.87,0.067,98.67,5,1622.61,0.2629,9.41,440.04,Defect
1407,3,2024-12-17 20:00:00,715.0,15329.47,93.66,5.0,0.8487,89.97,23.0,3.42,5.61,0.0821,85.48,9,3319.17,0.1734,9.17,271.14,Defect
1408,4,2024-12-18 02:00:00,927.0,8799.09,81.05,0.0,1.2318,72.21,4.0,2.03,3.27,0.0116,85.2,2,3409.52,0.4913,2.4,344.85,Defect
1409,5,2024-12-18 08:00:00,782.0,5149.68,95.66,4.0,2.2462,98.06,2.0,3.31,4.48,0.0194,86.29,8,2673.6,0.1583,8.4,345.58,No Defect
1410,6,2024-12-18 14:00:00,559.0,15851.65,96.91,4.0,1.3352,88.57,16.0,4.77,3.66,0.0344,89.25,2,2530.99,0.3611,7.33,342.79,Defect
1411,1,2024-12-18 20:00:00,455.0,13034.85,95.98,5.0,4.065,73.07,9.0,1.24,4.89,0.0188,80.37,3,1981.83,0.1052,9.78,323.73,Defect
1412,2,2024-12-19 02:00:00,423.0,17541.77,90.17,5.0,2.3723,71.58,4.0,1.23,5.91,0.0906,91.96,9,2323.69,0.2628,5.17,429.05,Defect
1413,3,2024-12-19 08:00:00,232.0,17320.83,84.66,2.0,0.9204,80.95,10.0,0.93,9.67,0.0217,80.63,0,2993.38,0.2237,7.5,425.05,No Defect
1414,4,2024-12-19 14:00:00,987.0,17649.89,96.91,3.0,2.6795,63.17,5.0,3.62,9.68,0.0557,90.78,1,1990.64,0.2528,5.66,266.86,Defect
1415,5,2024-12-19 20:00:00,904.0,12276.42,94.54,3.0,0.9088,64.71,3.0,1.77,8.16,0.0085,89.16,5,4131.34,0.2992,1.62,354.34,Defect
1416,6,2024-12-20 02:00:00,939.0,10004.43,99.62,0.0,1.0802,67.03,6.0,4.94,9.84,0.0155,84.85,0,3836.14,0.3402,1.42,141.13,Defect
1417,1,2024-12-20 08:00:00,226.0,16873.37,83.11,3.0,1.5782,90.99,18.0,3.57,9.98,0.0247,86.6,8,2077.22,0.3334,2.1,136.31,Defect
1418,2,2024-12-20 14:00:00,205.0,11769.41,84.51,0.0,4.3679,80.55,6.0,1.84,9.08,0.0983,94.11,7,1389.74,0.3523,3.67,291.97,Defect
1419,3,2024-12-20 20:00:00,703.0,7751.63,84.24,4.0,4.6608,60.42,13.0,0.75,2.64,0.0797,80.19,1,1000.72,0.4378,3.33,460.08,Defect
1420,4,2024-12-21 02:00:00,898.0,17824.61,95.85,2.0,4.2182,86.94,16.0,2.96,5.41,0.0674,86.33,1,3386.88,0.4547,7.55,360.0,Defect
1421,5,2024-12-21 08:00:00,477.0,18238.4,83.74,2.0,2.0033,76.95,22.0,1.47,6.27,0.0916,93.61,7,1845.45,0.3949,7.44,367.69,Defect
1422,6,2024-12-21 14:00:00,150.0,11994.65,81.33,4.0,1.726,80.43,16.0,4.53,2.99,0.0956,83.05,7,1050.33,0.1316,9.74,163.07,Defect
1423,1,2024-12-21 20:00:00,128.0,6135.5,99.97,5.0,2.9712,68.56,12.0,2.21,8.47,0.0454,91.21,0,2436.34,0.4845,3.79,281.32,Defect
1424,2,2024-12-22 02:00:00,561.0,10817.39,80.5,1.0,3.7483,82.07,0.0,1.46,3.19,0.0328,83.38,4,4847.99,0.479,9.45,260.32,Defect
1425,3,2024-12-22 08:00:00,395.0,17053.06,96.7,1.0,4.9702,99.17,1.0,2.94,5.07,0.0315,83.1,1,3759.77,0.3847,6.52,413.19,Defect
1426,4,2024-12-22 14:00:00,396.0,18526.61,87.31,3.0,1.0921,62.94,17.0,0.68,2.55,0.0036,95.45,0,4431.05,0.307,5.46,155.13,Defect
1427,5,2024-12-22 20:00:00,825.0,8052.09,96.83,5.0,0.7218,71.36,3.0,2.81,6.2,0.028,85.33,2,1578.96,0.2002,7.01,315.68,Defect
1428,6,2024-12-23 02:00:00,878.0,6004.6,91.09,0.0,3.6246,69.72,12.0,0.28,6.78,0.0355,87.52,2,1293.15,0.4025,7.32,464.54,Defect
1429,1,2024-12-23 08:00:00,506.0,18160.26,98.03,2.0,4.245,69.94,0.0,3.03,7.88,0.0037,94.6,9,1046.12,0.4511,2.55,456.98,Defect
1430,2,2024-12-23 14:00:00,868.0,10841.07,98.52,3.0,4.3086,75.15,3.0,2.65,4.72,0.0883,83.59,8,4822.65,0.3661,7.77,440.93,Defect
1431,3,2024-12-23 20:00:00,913.0,13126.41,80.18,4.0,3.5531,92.72,1.0,2.6,6.72,0.0848,90.63,9,2200.81,0.3516,7.53,249.99,Defect
1432,4,2024-12-24 02:00:00,712.0,19520.99,81.51,5.0,4.7931,96.51,3.0,3.42,7.87,0.0252,98.36,0,2838.02,0.1772,9.98,476.44,Defect
1433,5,2024-12-24 08:00:00,504.0,5998.47,85.01,2.0,2.7995,68.09,15.0,0.22,8.1,0.0803,91.08,1,2578.09,0.2431,9.21,422.12,Defect
1434,6,2024-12-24 14:00:00,445.0,14724.77,93.39,0.0,4.6122,81.72,3.0,2.3,4.41,0.0796,80.98,8,3921.83,0.3893,7.16,440.46,Defect
1435,1,2024-12-24 20:00:00,721.0,6111.58,97.77,0.0,4.8552,85.48,8.0,2.22,2.54,0.0335,91.79,4,2239.86,0.1068,7.41,472.94,Defect
1436,2,2024-12-25 02:00:00,519.0,10632.03,89.2,1.0,4.3122,80.87,16.0,2.3,2.3,0.0697,81.8,8,3141.81,0.3565,9.51,474.8,Defect
1437,3,2024-12-25 08:00:00,281.0,17057.22,92.14,3.0,1.8939,77.36,20.0,4.9,8.14,0.029,85.64,5,4982.33,0.4067,9.7,196.03,Defect
1438,4,2024-12-25 14:00:00,924.0,11502.08,83.77,4.0,1.383,67.68,22.0,0.7,5.08,0.007,96.99,9,2776.25,0.2339,8.44,151.08,Defect
1439,5,2024-12-25 20:00:00,100.0,19957.74,96.1,2.0,2.9665,79.53,19.0,3.45,3.07,0.0505,80.22,9,3205.09,0.1305,7.91,376.35,Defect
1440,6,2024-12-26 02:00:00,930.0,13385.89,99.35,0.0,2.5386,76.05,20.0,2.01,3.48,0.0438,81.54,2,3010.11,0.4276,2.0,325.29,Defect
1441,1,2024-12-26 08:00:00,666.0,9817.43,85.37,2.0,4.4499,91.82,1.0,2.56,8.13,0.0138,87.27,7,4212.74,0.1567,8.47,230.97,Defect
1442,2,2024-12-26 14:00:00,470.0,8301.67,89.9,4.0,0.9501,90.54,2.0,3.81,6.79,0.0491,99.99,8,2067.36,0.2483,3.28,373.78,No Defect
1443,3,2024-12-26 20:00:00,760.0,10257.81,81.72,2.0,1.6598,65.36,22.0,0.79,6.01,0.0949,85.84,1,1681.75,0.3829,6.07,124.8,Defect
1444,4,2024-12-27 02:00:00,530.0,10588.0,91.18,3.0,3.8831,63.54,14.0,3.82,6.98,0.0731,83.15,8,4016.37,0.4268,4.65,118.88,Defect
1445,5,2024-12-27 08:00:00,408.0,6030.71,90.06,1.0,0.9274,96.33,6.0,0.35,3.1,0.0739,90.99,3,2662.47,0.445,4.11,241.72,No Defect
1446,6,2024-12-27 14:00:00,236.0,10543.61,82.89,2.0,1.9434,81.42,3.0,2.42,4.55,0.0758,90.39,7,4654.9,0.3122,3.79,177.54,No Defect
1447,1,2024-12-27 20:00:00,301.0,11963.58,88.84,5.0,2.2422,94.31,11.0,3.71,4.99,0.0745,88.99,4,3576.64,0.2903,8.7,387.42,Defect
1448,2,2024-12-28 02:00:00,535.0,15841.07,86.68,1.0,3.3017,62.33,0.0,0.96,4.52,0.002,98.93,5,3257.37,0.4393,7.92,479.21,Defect
1449,3,2024-12-28 08:00:00,412.0,14850.94,90.44,4.0,1.2116,81.06,16.0,3.85,8.92,0.0925,85.6,3,1281.83,0.3252,5.71,364.65,Defect
1450,4,2024-12-28 14:00:00,216.0,15631.48,91.71,1.0,4.3727,81.58,3.0,0.83,6.65,0.083,85.87,4,3921.65,0.3315,6.98,361.91,Defect
1451,5,2024-12-28 20:00:00,765.0,5125.46,80.17,2.0,2.5139,94.43,3.0,4.0,7.83,0.0275,82.81,0,3744.16,0.2736,9.86,102.64,No Defect
1452,6,2024-12-29 02:00:00,902.0,8265.01,95.22,2.0,4.6266,63.9,21.0,2.34,3.89,0.0553,93.95,2,3560.29,0.2491,4.58,304.91,Defect
1453,1,2024-12-29 08:00:00,674.0,14925.26,94.26,5.0,2.6054,69.62,22.0,3.42,4.11,0.0615,86.43,3,2071.64,0.2922,5.96,426.84,Defect
1454,2,2024-12-29 14:00:00,343.0,12259.84,87.33,0.0,1.7377,76.26,8.0,4.59,3.8,0.0132,96.05,0,4786.96,0.2459,5.8,361.65,No Defect
1455,3,2024-12-29 20:00:00,636.0,5079.7,81.06,5.0,1.1382,94.63,20.0,2.04,7.5,0.0254,99.44,2,2286.62,0.2374,9.42,191.11,Defect
1456,4,2024-12-30 02:00:00,701.0,17067.42,95.1,2.0,0.5169,97.56,9.0,1.16,4.79,0.0023,80.87,3,1608.92,0.4975,4.16,439.39,No Defect
1457,5,2024-12-30 08:00:00,174.0,16592.14,99.1,1.0,2.8947,99.71,18.0,4.34,5.24,0.0864,99.86,8,4948.8,0.2345,9.88,485.75,Defect
1458,6,2024-12-30 14:00:00,905.0,13226.29,84.8,5.0,0.9822,98.37,18.0,0.81,7.67,0.0025,85.08,2,3984.99,0.2026,3.74,211.6,Defect
1459,1,2024-12-30 20:00:00,485.0,5996.95,86.47,5.0,2.2628,60.24,14.0,3.16,9.77,0.0319,88.4,2,2659.15,0.2416,1.98,182.84,Defect
1460,2,2024-12-31 02:00:00,309.0,16497.73,83.68,0.0,3.1517,61.91,21.0,4.62,3.3,0.0078,95.55,3,4743.67,0.3363,2.72,235.41,Defect
1461,3,2024-12-31 08:00:00,574.0,13755.7,91.54,2.0,1.7406,65.9,16.0,3.37,2.5,0.0781,93.31,8,1364.47,0.4644,4.84,125.26,Defect
1462,4,2024-12-31 14:00:00,517.0,16729.4,83.1,2.0,1.2885,73.95,6.0,0.98,3.56,0.0925,95.57,8,1350.64,0.4151,6.85,449.37,Defect
1463,5,2024-12-31 20:00:00,446.0,16276.2,87.12,4.0,3.9862,93.2,2.0,0.76,7.88,0.0563,89.33,0,3729.8,0.4369,5.65,471.72,Defect
1464,6,2025-01-01 02:00:00,628.0,17045.03,93.94,0.0,4.7606,95.71,4.0,1.26,3.56,0.014,98.32,7,1711.89,0.4436,4.39,353.32,Defect
1465,1,2025-01-01 08:00:00,739.0,12770.12,91.2,4.0,0.952,67.47,15.0,1.96,6.67,0.0558,95.8,9,4668.56,0.4682,6.06,405.73,Defect
1466,2,2025-01-01 14:00:00,975.0,7104.87,87.73,4.0,1.2002,84.79,22.0,0.8,6.72,0.077,86.18,0,4361.44,0.194,8.55,367.46,Defect
1467,3,2025-01-01 20:00:00,862.0,15067.36,88.4,4.0,4.8201,96.69,6.0,3.99,4.36,0.0718,98.97,1,2225.47,0.2833,8.55,250.94,Defect
1468,4,2025-01-02 02:00:00,278.0,14307.11,91.24,3.0,0.67,78.55,15.0,1.79,2.55,0.0742,99.22,9,4555.36,0.2541,7.54,352.82,Defect
1469,5,2025-01-02 08:00:00,281.0,16133.8,80.12,4.0,4.8993,64.14,8.0,4.68,5.19,0.0279,88.3,4,1171.55,0.2528,9.57,434.53,Defect
1470,6,2025-01-02 14:00:00,763.0,7548.22,81.57,5.0,0.5209,78.31,0.0,4.21,3.49,0.0074,93.04,5,3194.55,0.3609,6.31,423.96,No Defect
1471,1,2025-01-02 20:00:00,124.0,7924.63,97.63,1.0,4.4315,75.03,2.0,4.54,3.48,0.0149,96.3,1,4742.25,0.2607,1.07,132.42,Defect
1472,2,2025-01-03 02:00:00,279.0,18356.14,81.56,5.0,1.883,83.11,7.0,1.47,6.18,0.0956,96.35,9,4421.53,0.3465,3.62,285.04,No Defect
1473,3,2025-01-03 08:00:00,809.0,16249.67,94.14,5.0,4.7236,77.55,17.0,2.87,7.38,0.0614,80.28,4,2424.29,0.2529,3.95,258.93,Defect
1474,4,2025-01-03 14:00:00,600.0,18623.43,98.4,2.0,1.9263,60.69,23.0,1.61,2.6,0.0728,92.58,2,1731.48,0.2245,5.93,400.8,Defect
1475,5,2025-01-03 20:00:00,955.0,16380.73,85.41,3.0,3.4444,99.76,23.0,1.28,6.63,0.0899,99.47,6,1842.16,0.2412,9.14,300.55,Defect
1476,6,2025-01-04 02:00:00,260.0,13957.33,87.41,4.0,0.8601,81.74,17.0,3.04,3.97,0.0853,84.63,0,3058.03,0.4215,8.54,239.88,Defect
1477,1,2025-01-04 08:00:00,276.0,14811.99,91.38,2.0,1.5905,78.95,23.0,4.09,7.39,0.0218,95.91,4,3387.09,0.3404,3.09,382.54,Defect
1478,2,2025-01-04 14:00:00,384.0,18336.92,97.63,0.0,3.9816,98.18,18.0,0.47,8.48,0.0058,90.68,2,1131.26,0.4896,5.67,289.43,Defect
1479,3,2025-01-04 20:00:00,162.0,13682.1,98.84,0.0,2.8791,66.23,6.0,1.38,8.46,0.0925,84.43,1,2654.21,0.4331,6.93,202.65,Defect
1480,4,2025-01-05 02:00:00,761.0,14485.87,94.79,2.0,4.6759,67.57,19.0,1.03,4.96,0.0982,81.02,2,4321.55,0.2943,9.89,456.17,Defect
1481,5,2025-01-05 08:00:00,765.0,7347.15,81.73,1.0,2.4294,92.32,5.0,3.99,6.54,0.0567,95.2,9,2777.32,0.197,1.28,145.22,No Defect
1482,6,2025-01-05 14:00:00,255.0,12108.82,93.38,2.0,4.4142,70.43,10.0,4.67,8.35,0.0888,86.33,3,1676.7,0.3696,5.17,107.24,Defect
1483,1,2025-01-05 20:00:00,981.0,15745.96,88.21,2.0,2.5203,91.97,4.0,0.4,2.49,0.0232,87.51,1,4819.44,0.3907,9.89,157.56,Defect
1484,2,2025-01-06 02:00:00,568.0,9064.14,89.41,3.0,4.9066,70.86,11.0,1.9,6.84,0.0111,89.7,1,2065.1,0.2857,9.79,165.46,Defect
1485,3,2025-01-06 08:00:00,148.0,8033.81,80.98,0.0,4.8193,61.33,0.0,4.57,8.69,0.05,90.14,2,4193.71,0.192,3.98,315.22,Defect
1486,4,2025-01-06 14:00:00,948.0,9707.4,83.82,0.0,1.9811,80.68,18.0,1.72,4.98,0.0811,84.12,1,1775.18,0.3229,1.0,349.95,Defect
1487,5,2025-01-06 20:00:00,183.0,8622.51,95.81,4.0,4.4867,67.87,10.0,3.56,5.64,0.0655,93.41,5,2692.69,0.2015,6.28,279.44,Defect
1488,6,2025-01-07 02:00:00,460.0,8223.69,89.08,5.0,4.3143,90.31,14.0,0.5,7.59,0.0637,93.85,1,2961.69,0.476,8.8,181.67,Defect
1489,1,2025-01-07 08:00:00,788.0,11372.76,86.03,2.0,1.4481,85.65,15.0,2.22,2.54,0.0017,82.85,0,3002.54,0.3516,3.92,152.88,Defect
1490,2,2025-01-07 14:00:00,247.0,18617.58,87.68,2.0,3.3093,96.94,2.0,2.52,5.09,0.0317,90.66,7,3065.9,0.2168,9.41,296.86,Defect
1491,3,2025-01-07 20:00:00,729.0,12605.89,97.09,1.0,0.8271,91.32,10.0,3.79,4.37,0.0939,92.19,9,1899.79,0.1863,3.99,326.19,No Defect
1492,4,2025-01-08 02:00:00,441.0,7818.81,94.98,0.0,4.2652,67.23,10.0,1.44,2.14,0.0134,83.73,3,3063.66,0.3867,6.49,221.58,Defect
1493,5,2025-01-08 08:00:00,575.0,6154.58,85.45,1.0,1.2855,92.01,9.0,1.32,3.57,0.0726,97.89,1,2926.85,0.3831,7.5,188.18,No Defect
1494,6,2025-01-08 14:00:00,162.0,15442.34,82.35,3.0,0.8187,85.67,1.0,1.51,5.17,0.0759,89.66,3,1834.88,0.3389,4.11,132.24,No Defect
1495,1,2025-01-08 20:00:00,800.0,10741.98,85.04,4.0,2.301,86.76,19.0,2.78,3.58,0.0733,82.3,1,4952.77,0.3457,4.17,110.5,Defect
1496,2,2025-01-09 02:00:00,459.0,17327.46,98.42,1.0,3.0961,93.29,4.0,4.38,6.82,0.0989,86.69,4,4462.25,0.3415,5.23,142.29,Defect
1497,3,2025-01-09 08:00:00,660.0,14892.66,91.63,0.0,4.3471,82.95,22.0,4.15,5.59,0.0409,89.54,6,4550.31,0.244,8.52,396.83,Defect
1498,4,2025-01-09 14:00:00,426.0,16943.62,90.67,3.0,4.8841,78.64,22.0,0.29,2.32,0.0682,80.2,5,3742.28,0.475,1.91,237.61,Defect
1499,5,2025-01-09 20:00:00,868.0,9079.19,91.93,2.0,2.4777,85.47,7.0,4.39,4.2,0.0194,80.64,1,1639.59,0.2917,6.68,110.97,Defect
1500,6,2025-01-10 02:00:00,835.0,15385.38,87.32,3.0,0.772,71.92,12.0,0.48,2.16,0.04,81.11,3,3272.37,0.1081,7.1,303.27,Defect
1501,1,2025-01-10 08:00:00,240.0,8960.93,96.14,5.0,3.871,67.3,14.0,2.08,4.87,0.0492,90.76,7,4285.76,0.2393,6.02,314.43,Defect
1502,2,2025-01-10 14:00:00,314.0,19086.03,90.47,1.0,3.0433,84.66,1.0,3.83,4.07,0.0215,86.72,6,1154.95,0.1521,9.42,271.48,Defect
1503,3,2025-01-10 20:00:00,534.0,14545.61,82.33,0.0,2.5155,69.35,11.0,0.41,7.51,0.0907,97.86,6,2983.37,0.2454,6.42,144.27,Defect
1504,4,2025-01-11 02:00:00,990.0,9867.68,82.58,1.0,1.8917,63.2,23.0,0.2,4.46,0.0716,91.18,3,2584.49,0.3433,6.71,401.99,Defect
1505,5,2025-01-11 08:00:00,822.0,9042.68,90.74,2.0,2.7608,60.02,7.0,1.65,5.0,0.0284,95.2,0,1848.5,0.1091,6.4,375.63,Defect
1506,6,2025-01-11 14:00:00,417.0,7863.9,98.73,2.0,2.0241,84.33,20.0,3.65,7.8,0.0135,93.74,6,2513.0,0.4481,7.5,257.89,Defect
1507,1,2025-01-11 20:00:00,131.0,15419.61,86.17,0.0,3.9066,74.49,18.0,2.61,5.85,0.0288,90.41,5,4933.99,0.3441,2.22,252.33,Defect
1508,2,2025-01-12 02:00:00,769.0,8280.73,97.39,5.0,2.9475,90.09,22.0,2.09,6.45,0.0623,94.89,7,3892.97,0.2181,9.05,162.37,Defect
1509,3,2025-01-12 08:00:00,384.0,13929.55,95.28,4.0,4.4458,75.01,0.0,4.07,8.73,0.0826,90.89,4,2198.15,0.2245,1.38,401.42,Defect
1510,4,2025-01-12 14:00:00,404.0,8969.53,84.96,3.0,2.9459,79.44,7.0,3.83,3.66,0.0503,87.71,7,3421.42,0.2863,6.77,339.83,No Defect
1511,5,2025-01-12 20:00:00,528.0,14929.53,80.73,3.0,1.5722,76.28,9.0,3.93,9.91,0.0102,88.72,9,1986.62,0.1992,6.54,134.32,No Defect
1512,6,2025-01-13 02:00:00,576.0,17224.1,82.04,2.0,4.3299,86.02,12.0,2.3,9.2,0.0249,96.77,7,3443.38,0.1017,2.87,251.23,Defect
1513,1,2025-01-13 08:00:00,385.0,16670.38,94.57,1.0,3.0075,74.25,4.0,0.1,4.29,0.0345,91.27,8,4584.67,0.1106,1.37,461.42,Defect
1514,2,2025-01-13 14:00:00,243.0,16412.77,83.99,1.0,1.4308,98.55,21.0,0.86,9.14,0.0636,87.55,0,3227.51,0.2431,2.25,280.95,Defect
1515,3,2025-01-13 20:00:00,523.0,7815.84,87.43,5.0,3.3058,97.45,8.0,3.71,8.03,0.0247,83.59,2,3933.36,0.1497,3.45,229.97,Defect
1516,4,2025-01-14 02:00:00,118.0,6325.77,90.03,4.0,2.1097,93.92,9.0,3.77,9.45,0.0234,89.91,5,2813.36,0.1089,8.94,357.51,No Defect
1517,5,2025-01-14 08:00:00,117.0,15484.23,94.51,1.0,4.2998,96.81,13.0,4.86,7.53,0.0286,85.05,3,3096.5,0.4437,8.7,181.19,Defect
1518,6,2025-01-14 14:00:00,868.0,10525.21,82.26,3.0,2.5398,77.97,23.0,0.95,7.4,0.0593,99.11,7,3780.3,0.2097,1.57,309.52,Defect
1519,1,2025-01-14 20:00:00,689.0,11485.19,88.13,1.0,3.769,81.46,10.0,0.61,2.03,0.0493,89.82,9,4249.62,0.3012,3.6,367.81,Defect
1520,2,2025-01-15 02:00:00,470.0,5467.24,89.7,4.0,0.9299,89.68,13.0,0.69,5.8,0.0842,80.18,0,3637.81,0.1718,9.0,441.95,Defect
1521,3,2025-01-15 08:00:00,274.0,8893.65,90.82,3.0,2.2821,87.85,2.0,0.92,3.6,0.0698,81.86,4,4909.97,0.1187,3.13,377.0,No Defect
1522,4,2025-01-15 14:00:00,293.0,5505.15,96.37,1.0,4.9246,95.63,20.0,2.64,4.59,0.0667,85.69,3,4279.29,0.3979,9.96,253.76,Defect
1523,5,2025-01-15 20:00:00,601.0,18187.79,83.43,3.0,4.1381,88.65,15.0,4.88,9.83,0.0155,81.84,0,4108.64,0.15,3.31,407.12,Defect
1524,6,2025-01-16 02:00:00,212.0,8650.95,96.16,2.0,1.2197,99.92,19.0,2.95,2.68,0.0055,97.88,9,4380.41,0.1103,7.65,459.36,Defect
1525,1,2025-01-16 08:00:00,213.0,13360.06,93.86,2.0,1.7499,73.94,16.0,2.61,7.78,0.051,97.09,5,2124.84,0.3349,4.75,291.11,Defect
1526,2,2025-01-16 14:00:00,321.0,5584.69,91.12,5.0,1.9842,93.32,4.0,3.37,3.38,0.0072,99.42,9,2728.19,0.1054,2.23,101.8,No Defect
1527,3,2025-01-16 20:00:00,777.0,15002.71,93.99,2.0,3.4266,87.91,6.0,0.37,2.06,0.0364,94.13,2,3257.85,0.2745,3.3,452.37,Defect
1528,4,2025-01-17 02:00:00,930.0,9845.41,88.24,1.0,3.9065,87.66,16.0,4.08,6.01,0.0026,92.91,4,2849.55,0.2155,7.08,166.18,Defect
1529,5,2025-01-17 08:00:00,743.0,18468.79,82.77,4.0,3.8729,73.03,19.0,3.23,3.29,0.0177,98.47,5,4389.83,0.2278,4.03,150.53,Defect
1530,6,2025-01-17 14:00:00,996.0,18321.77,93.32,3.0,2.7944,91.42,21.0,0.86,9.72,0.011,98.93,3,1108.27,0.1016,6.44,223.07,Defect
1531,1,2025-01-17 20:00:00,363.0,9879.36,90.49,0.0,4.1487,96.02,10.0,3.15,3.63,0.0801,97.55,9,1836.7,0.4857,2.85,251.99,Defect
1532,2,2025-01-18 02:00:00,154.0,18514.41,92.79,2.0,2.4669,68.74,11.0,2.98,3.54,0.0346,97.23,9,4526.83,0.3068,5.04,419.75,Defect
1533,3,2025-01-18 08:00:00,970.0,19942.37,86.76,2.0,1.0575,85.02,23.0,0.32,2.26,0.0079,93.43,5,1236.4,0.329,5.61,255.67,Defect
1534,4,2025-01-18 14:00:00,742.0,17381.23,98.14,0.0,3.04,75.69,1.0,1.33,4.64,0.0265,80.03,6,1907.95,0.3664,4.72,119.53,Defect
1535,5,2025-01-18 20:00:00,899.0,17673.07,91.75,0.0,4.7854,99.58,18.0,1.95,2.19,0.0683,88.59,1,2405.0,0.419,2.78,354.38,Defect
1536,6,2025-01-19 02:00:00,877.0,8735.13,81.71,1.0,4.0685,79.15,4.0,1.22,5.99,0.0746,92.71,6,4002.96,0.3432,5.15,368.49,Defect
1537,1,2025-01-19 08:00:00,557.0,13650.54,89.0,3.0,3.1042,69.13,10.0,1.22,6.04,0.012,90.94,6,3240.72,0.4049,7.24,425.69,Defect
1538,2,2025-01-19 14:00:00,977.0,6008.84,95.13,2.0,3.4106,75.27,22.0,2.86,2.43,0.0779,96.42,1,4818.42,0.2795,9.68,259.55,Defect
1539,3,2025-01-19 20:00:00,261.0,6423.77,95.88,4.0,4.6875,86.15,18.0,2.35,3.92,0.0371,96.38,2,1911.5,0.2485,8.11,134.43,Defect
1540,4,2025-01-20 02:00:00,479.0,19983.39,89.89,1.0,2.4275,63.04,6.0,3.34,8.66,0.0679,91.97,2,4488.48,0.4293,2.45,321.22,Defect
1541,5,2025-01-20 08:00:00,186.0,9899.59,97.89,1.0,1.9913,84.14,20.0,4.78,5.7,0.0672,80.44,0,2131.65,0.4461,3.45,148.4,Defect
1542,6,2025-01-20 14:00:00,154.0,16222.76,85.35,4.0,4.8976,97.25,21.0,3.3,5.48,0.0794,87.39,0,1981.99,0.1551,1.71,106.83,Defect
1543,1,2025-01-20 20:00:00,575.0,17099.98,88.21,4.0,4.3855,94.01,5.0,2.91,7.59,0.0697,84.58,9,2993.5,0.3171,2.22,411.43,Defect
1544,2,2025-01-21 02:00:00,899.0,17870.35,97.97,5.0,1.9537,62.71,10.0,4.24,7.72,0.0039,86.78,5,1284.82,0.3735,3.26,261.36,Defect
1545,3,2025-01-21 08:00:00,277.0,19964.42,97.93,4.0,2.587,99.74,13.0,3.16,8.1,0.0519,92.35,8,2537.23,0.1334,2.8,310.0,Defect
1546,4,2025-01-21 14:00:00,490.0,8622.45,93.71,0.0,2.3679,87.95,3.0,0.83,8.64,0.0166,81.33,8,2422.7,0.4718,2.92,365.14,No Defect
1547,5,2025-01-21 20:00:00,448.0,5605.26,97.18,2.0,1.1709,66.49,7.0,1.57,3.86,0.097,80.44,0,1640.41,0.308,3.08,260.41,Defect
1548,6,2025-01-22 02:00:00,107.0,11167.87,81.78,5.0,4.8102,60.5,8.0,3.67,2.53,0.0256,88.74,6,4443.18,0.3582,3.71,120.45,Defect
1549,1,2025-01-22 08:00:00,932.0,6951.21,97.3,0.0,2.3194,66.85,1.0,3.69,5.04,0.042,95.87,5,2543.56,0.1713,2.13,201.1,Defect
1550,2,2025-01-22 14:00:00,412.0,5336.39,86.41,5.0,4.439,93.53,10.0,4.94,8.84,0.0197,80.61,3,4927.68,0.2058,3.5,177.74,Defect
1551,3,2025-01-22 20:00:00,858.0,10406.4,83.57,2.0,1.3521,60.87,19.0,3.13,2.62,0.0135,96.98,2,4598.83,0.1484,7.2,490.96,Defect
1552,4,2025-01-23 02:00:00,934.0,16756.07,84.79,5.0,2.9654,69.33,21.0,4.5,6.61,0.0601,87.68,8,1779.24,0.2056,3.13,395.8,Defect
1553,5,2025-01-23 08:00:00,542.0,13492.71,88.36,0.0,0.6078,90.29,6.0,0.27,7.61,0.0493,82.36,9,3020.49,0.297,2.55,280.62,No Defect
1554,6,2025-01-23 14:00:00,866.0,9691.67,85.02,3.0,3.939,83.44,3.0,2.83,5.85,0.0375,91.35,4,3407.22,0.4335,1.61,125.35,Defect
1555,1,2025-01-23 20:00:00,427.0,14815.13,86.41,2.0,3.1141,91.31,23.0,4.6,4.04,0.0085,99.05,7,4275.84,0.3135,5.5,146.34,Defect
1556,2,2025-01-24 02:00:00,153.0,8480.27,82.7,1.0,3.3152,89.85,13.0,1.44,4.61,0.0736,90.85,3,4542.57,0.1978,8.58,425.16,Defect
1557,3,2025-01-24 08:00:00,860.0,5215.72,85.92,2.0,0.7327,62.02,23.0,0.77,2.57,0.0006,93.73,3,3496.07,0.1178,1.53,478.18,Defect
1558,4,2025-01-24 14:00:00,338.0,16465.3,91.45,2.0,1.4497,95.7,0.0,1.75,4.34,0.0458,96.33,5,1140.54,0.3488,5.88,112.54,No Defect
1559,5,2025-01-24 20:00:00,328.0,14356.15,88.84,2.0,0.8345,69.08,23.0,3.96,2.36,0.0633,95.99,5,2925.11,0.2681,6.86,464.16,Defect
1560,6,2025-01-25 02:00:00,678.0,16434.54,86.93,3.0,1.8001,82.14,11.0,0.42,7.81,0.0431,81.46,2,4539.21,0.4937,6.33,252.23,Defect
1561,1,2025-01-25 08:00:00,150.0,5584.07,94.93,0.0,3.3235,85.77,18.0,3.0,9.18,0.0126,94.82,1,3856.36,0.4119,8.9,185.45,Defect
1562,2,2025-01-25 14:00:00,708.0,17556.79,97.87,1.0,3.0478,66.75,4.0,0.68,7.07,0.0778,98.99,8,4480.57,0.4233,8.8,140.89,Defect
1563,3,2025-01-25 20:00:00,703.0,14292.89,95.14,0.0,3.2547,99.05,7.0,2.18,7.25,0.0324,94.01,1,3696.32,0.1049,1.52,408.7,Defect
1564,4,2025-01-26 02:00:00,363.0,13450.93,86.64,5.0,2.9716,79.53,10.0,4.83,5.78,0.0135,96.73,8,1176.14,0.4111,4.25,287.56,No Defect
1565,5,2025-01-26 08:00:00,517.0,14369.21,94.89,5.0,1.7286,62.31,21.0,0.98,3.25,0.055,89.71,7,4872.03,0.1778,7.04,432.97,Defect
1566,6,2025-01-26 14:00:00,902.0,17966.5,83.04,5.0,1.6003,97.49,3.0,0.17,2.06,0.0019,86.38,9,4672.07,0.3343,9.57,190.46,Defect
1567,1,2025-01-26 20:00:00,195.0,13804.05,82.61,0.0,1.1168,83.45,14.0,2.14,4.75,0.0324,93.52,6,1506.32,0.279,8.24,371.43,Defect
1568,2,2025-01-27 02:00:00,187.0,13714.26,86.91,4.0,4.3208,87.97,19.0,2.89,8.01,0.0751,89.84,4,1450.76,0.3286,2.59,147.25,Defect
1569,3,2025-01-27 08:00:00,177.0,19860.19,96.15,3.0,3.2742,81.01,11.0,1.49,9.68,0.0913,97.91,2,3156.31,0.1534,3.51,135.9,Defect
1570,4,2025-01-27 14:00:00,387.0,16350.95,84.93,4.0,1.3393,93.39,19.0,2.71,5.45,0.0592,99.49,1,4028.2,0.2828,7.87,153.36,Defect
1571,5,2025-01-27 20:00:00,219.0,11634.41,81.27,5.0,1.2974,61.33,21.0,4.77,4.92,0.0218,96.4,7,2528.69,0.1148,5.24,423.56,Defect
1572,6,2025-01-28 02:00:00,913.0,15610.96,82.63,3.0,4.4287,70.74,22.0,1.56,5.57,0.022,99.85,1,1545.53,0.1164,5.93,362.25,Defect
1573,1,2025-01-28 08:00:00,590.0,10838.46,97.17,0.0,3.8423,78.79,20.0,1.55,5.42,0.0604,86.97,7,3042.22,0.3631,6.48,166.39,Defect
1574,2,2025-01-28 14:00:00,551.0,8433.13,92.68,5.0,3.4673,63.06,9.0,2.41,7.01,0.0407,97.92,4,2350.26,0.4807,1.93,253.91,Defect
1575,3,2025-01-28 20:00:00,599.0,13952.78,85.06,0.0,2.3309,88.24,23.0,2.58,7.87,0.0177,86.6,8,2407.09,0.411,8.7,405.47,Defect
1576,4,2025-01-29 02:00:00,264.0,18922.73,91.11,3.0,1.6789,75.75,15.0,0.01,8.28,0.0787,82.36,3,3579.94,0.2877,8.77,214.27,Defect
1577,5,2025-01-29 08:00:00,281.0,18937.09,90.55,0.0,4.9075,70.91,22.0,3.08,7.2,0.02,92.43,7,4542.43,0.1223,5.21,468.51,Defect
1578,6,2025-01-29 14:00:00,568.0,10128.58,93.11,0.0,4.0876,60.14,7.0,4.99,5.5,0.0322,89.1,6,3234.37,0.118,6.64,465.84,Defect
1579,1,2025-01-29 20:00:00,834.0,12915.16,84.66,1.0,1.858,88.79,19.0,1.46,9.6,0.0061,98.43,7,3750.41,0.1632,6.94,321.16,Defect
1580,2,2025-01-30 02:00:00,922.0,8174.54,97.29,4.0,4.314,93.35,7.0,3.15,7.69,0.0701,89.84,4,3639.79,0.4903,2.71,352.79,Defect
1581,3,2025-01-30 08:00:00,106.0,19934.47,86.19,4.0,3.9152,75.8,5.0,0.02,5.41,0.0275,98.55,1,3204.58,0.2595,2.01,361.29,Defect
1582,4,2025-01-30 14:00:00,429.0,19716.77,93.88,4.0,1.8369,82.57,2.0,3.02,5.57,0.0233,81.57,6,2243.03,0.4374,1.19,203.39,No Defect
1583,5,2025-01-30 20:00:00,874.0,14742.63,80.32,2.0,2.4195,69.11,7.0,2.24,8.54,0.0303,96.61,2,2511.18,0.3821,9.22,246.13,Defect
1584,6,2025-01-31 02:00:00,772.0,17066.21,87.45,1.0,1.3368,84.89,22.0,2.65,5.52,0.0874,95.18,9,2262.82,0.3422,4.11,154.38,Defect
1585,1,2025-01-31 08:00:00,250.0,15726.5,87.03,5.0,0.9997,60.49,9.0,2.72,6.13,0.0518,94.4,9,4669.99,0.4791,1.77,469.95,Defect
1586,2,2025-01-31 14:00:00,184.0,13897.37,90.87,5.0,3.7524,79.55,4.0,0.88,4.33,0.0158,87.1,9,4306.47,0.1922,5.19,389.54,Defect
1587,3,2025-01-31 20:00:00,246.0,5800.22,81.45,5.0,1.7038,85.77,10.0,3.85,8.71,0.0774,95.68,9,3317.39,0.282,1.68,118.54,No Defect
1588,4,2025-02-01 02:00:00,723.0,11821.47,95.8,4.0,4.1903,96.73,3.0,2.78,6.18,0.0208,89.67,1,4648.97,0.4459,1.77,319.75,Defect
1589,5,2025-02-01 08:00:00,480.0,15121.79,84.36,4.0,4.9802,75.25,16.0,1.35,6.42,0.0412,94.3,2,4545.63,0.3207,5.4,237.23,Defect
1590,6,2025-02-01 14:00:00,647.0,15162.97,93.54,1.0,0.8448,90.61,2.0,4.69,9.05,0.0568,91.04,3,4710.78,0.1986,5.58,426.12,No Defect
1591,1,2025-02-01 20:00:00,384.0,10596.84,96.06,0.0,2.6287,83.91,17.0,0.06,9.36,0.0584,83.15,9,1887.1,0.1836,6.22,237.52,Defect
1592,2,2025-02-02 02:00:00,799.0,19125.38,91.24,4.0,4.1093,97.08,7.0,3.63,8.59,0.0069,81.29,6,3870.01,0.4012,6.91,357.66,Defect
1593,3,2025-02-02 08:00:00,181.0,7510.36,94.82,5.0,4.0503,75.94,23.0,1.91,2.52,0.0837,87.32,9,3436.9,0.1051,7.01,166.3,Defect
1594,4,2025-02-02 14:00:00,613.0,12505.39,93.24,0.0,3.92,72.76,11.0,2.61,5.55,0.0479,98.66,0,3935.32,0.4657,4.9,323.5,Defect
1595,5,2025-02-02 20:00:00,996.0,15363.26,87.11,4.0,2.0705,95.49,20.0,1.46,4.75,0.0989,90.59,5,2053.52,0.1074,6.79,217.55,Defect
1596,6,2025-02-03 02:00:00,914.0,15457.04,96.18,3.0,2.5423,61.97,15.0,1.61,3.71,0.0717,96.04,5,3779.24,0.3524,3.74,165.96,Defect
1597,1,2025-02-03 08:00:00,808.0,14729.58,85.89,2.0,3.1774,65.46,13.0,0.08,9.27,0.0993,91.52,7,2639.31,0.3419,4.97,347.7,Defect
1598,2,2025-02-03 14:00:00,622.0,9129.32,91.42,4.0,4.8827,63.3,20.0,3.65,9.12,0.0453,99.16,1,4336.37,0.3314,4.54,355.46,Defect
1599,3,2025-02-03 20:00:00,845.0,7343.1,94.91,3.0,1.974,93.72,15.0,3.55,5.72,0.0141,87.39,1,4181.46,0.2897,3.96,493.34,Defect
1600,4,2025-02-04 02:00:00,485.0,14539.1,87.58,1.0,4.6541,60.42,3.0,3.27,3.08,0.0727,81.14,0,1845.43,0.441,3.15,367.64,Defect
1601,5,2025-02-04 08:00:00,806.0,13989.53,86.06,3.0,1.7121,94.47,0.0,4.39,2.11,0.0778,95.61,2,1735.42,0.3637,1.71,306.28,Defect
1602,6,2025-02-04 14:00:00,570.0,7690.34,89.19,1.0,4.9508,78.05,0.0,4.51,5.51,0.0853,94.11,6,3870.93,0.4127,5.55,465.05,Defect
1603,1,2025-02-04 20:00:00,218.0,15577.09,96.36,4.0,3.5162,60.16,21.0,2.78,2.32,0.0301,90.55,7,3201.9,0.1462,5.84,431.31,Defect
1604,2,2025-02-05 02:00:00,495.0,11827.58,98.6,1.0,2.5858,76.07,14.0,3.42,6.88,0.0511,86.53,6,3228.82,0.12,4.03,319.5,Defect
1605,3,2025-02-05 08:00:00,631.0,15016.41,90.9,3.0,3.2603,67.47,19.0,0.05,6.87,0.0858,83.77,8,4010.06,0.1114,9.78,304.54,Defect
1606,4,2025-02-05 14:00:00,360.0,17560.51,93.23,2.0,1.7264,84.98,19.0,4.23,9.19,0.0865,89.65,7,4419.88,0.1589,6.01,476.79,Defect
1607,5,2025-02-05 20:00:00,904.0,7545.93,98.07,0.0,1.7338,87.17,2.0,4.08,3.52,0.0026,93.32,7,1955.86,0.3668,9.0,346.85,Defect
1608,6,2025-02-06 02:00:00,355.0,5287.17,81.97,0.0,1.011,79.5,13.0,0.1,4.97,0.0671,91.58,1,3222.16,0.2976,6.13,385.51,Defect
1609,1,2025-02-06 08:00:00,833.0,16686.54,84.64,2.0,1.0132,61.62,8.0,2.71,8.88,0.0602,88.75,0,4315.82,0.4009,2.71,134.67,Defect
1610,2,2025-02-06 14:00:00,325.0,14145.46,94.18,5.0,2.0645,86.25,18.0,4.53,5.79,0.0083,90.79,5,4491.18,0.1767,9.77,387.32,Defect
1611,3,2025-02-06 20:00:00,152.0,15494.59,96.47,0.0,3.9328,93.68,7.0,0.91,2.48,0.093,82.16,6,2149.64,0.2468,8.97,205.87,Defect
1612,4,2025-02-07 02:00:00,966.0,17572.32,97.14,4.0,3.2359,88.81,1.0,1.76,2.89,0.0445,93.92,5,1416.62,0.4554,5.24,146.22,Defect
1613,5,2025-02-07 08:00:00,599.0,17042.16,88.3,5.0,0.9616,93.2,3.0,1.66,8.51,0.0674,94.69,6,1931.29,0.4743,3.19,439.87,No Defect
1614,6,2025-02-07 14:00:00,605.0,19413.8,81.79,4.0,4.3351,68.02,0.0,1.78,7.95,0.0883,80.23,7,4782.0,0.4687,3.0,376.48,Defect
1615,1,2025-02-07 20:00:00,953.0,13039.03,88.76,3.0,3.2062,95.56,10.0,0.21,9.01,0.013,85.41,1,2849.92,0.4273,8.25,263.03,Defect
1616,2,2025-02-08 02:00:00,463.0,12327.43,84.61,3.0,4.8239,72.89,4.0,1.4,2.95,0.0856,81.84,0,2674.3,0.3753,1.62,272.57,Defect
1617,3,2025-02-08 08:00:00,379.0,11028.31,85.82,5.0,3.5158,60.54,1.0,1.47,8.08,0.0724,99.96,9,1052.34,0.4655,6.74,178.85,Defect
1618,4,2025-02-08 14:00:00,692.0,7305.37,95.45,5.0,1.2883,93.74,12.0,4.33,7.24,0.084,91.87,7,1204.06,0.3857,6.76,103.82,Defect
1619,5,2025-02-08 20:00:00,813.0,13589.11,81.51,5.0,2.632,97.67,16.0,1.76,3.86,0.0495,89.31,7,3674.78,0.4816,2.64,239.74,Defect
1620,6,2025-02-09 02:00:00,257.0,9155.19,96.55,5.0,3.4182,86.22,16.0,2.24,9.79,0.0033,89.26,7,3359.31,0.1099,7.34,159.37,Defect
1621,1,2025-02-09 08:00:00,731.0,18819.61,88.55,1.0,0.6272,69.26,17.0,1.9,6.56,0.0671,99.3,9,3302.11,0.4687,7.35,268.69,Defect
1622,2,2025-02-09 14:00:00,158.0,13747.86,91.92,5.0,0.5671,70.07,20.0,0.6,9.26,0.0375,93.2,6,1441.29,0.3223,4.15,433.53,Defect
1623,3,2025-02-09 20:00:00,826.0,13892.6,81.79,5.0,1.0823,78.66,8.0,4.95,8.87,0.0402,83.37,1,2408.24,0.1447,5.35,145.9,Defect
1624,4,2025-02-10 02:00:00,227.0,10323.87,86.75,3.0,1.6325,95.91,5.0,4.13,4.67,0.0441,88.96,3,4249.43,0.186,8.49,136.7,No Defect
1625,5,2025-02-10 08:00:00,835.0,5779.84,81.79,4.0,2.433,65.98,19.0,2.7,6.29,0.0493,95.48,8,1699.64,0.4409,5.71,460.84,Defect
1626,6,2025-02-10 14:00:00,820.0,5476.16,99.23,3.0,2.6935,93.04,2.0,2.38,5.45,0.0662,88.47,7,4530.75,0.3024,6.56,398.06,Defect
1627,1,2025-02-10 20:00:00,981.0,11350.03,96.15,0.0,1.1211,71.65,7.0,3.25,7.67,0.0727,86.19,3,1485.91,0.4931,4.71,121.23,Defect
1628,2,2025-02-11 02:00:00,214.0,6268.48,89.19,1.0,3.5303,92.34,2.0,1.63,6.7,0.0777,99.82,7,1676.6,0.147,2.35,131.83,Defect
1629,3,2025-02-11 08:00:00,308.0,14102.7,84.47,1.0,3.1826,96.81,0.0,0.25,8.28,0.0672,98.71,9,2911.0,0.265,9.98,373.97,Defect
1630,4,2025-02-11 14:00:00,625.0,18214.6,98.67,4.0,1.8251,77.1,19.0,2.02,2.09,0.0803,98.83,5,4781.2,0.2327,5.78,248.14,Defect
1631,5,2025-02-11 20:00:00,620.0,18243.72,86.89,5.0,0.5615,74.6,12.0,4.92,7.5,0.0122,82.63,8,2318.19,0.3065,4.03,389.67,Defect
1632,6,2025-02-12 02:00:00,651.0,14885.68,83.22,3.0,0.8494,92.09,20.0,0.91,4.55,0.0837,84.69,0,3632.87,0.3534,7.42,261.78,Defect
1633,1,2025-02-12 08:00:00,336.0,8168.48,91.26,0.0,2.2626,81.18,4.0,2.64,3.79,0.0387,88.84,5,3354.69,0.3647,6.59,487.11,No Defect
1634,2,2025-02-12 14:00:00,380.0,17944.95,98.88,3.0,1.1929,87.38,15.0,0.04,8.41,0.0529,96.64,3,1598.49,0.1005,3.1,377.77,Defect
1635,3,2025-02-12 20:00:00,458.0,18291.4,80.08,5.0,2.1957,84.91,20.0,0.61,2.71,0.0434,94.74,2,1992.67,0.1356,8.89,118.65,Defect
1636,4,2025-02-13 02:00:00,300.0,7949.8,84.76,5.0,3.3268,66.12,23.0,2.94,3.83,0.0476,96.99,4,4720.61,0.114,1.64,232.2,Defect
1637,5,2025-02-13 08:00:00,857.0,16061.39,98.77,2.0,2.9626,93.79,15.0,1.49,3.63,0.0285,98.42,9,1739.32,0.4458,6.45,325.44,Defect
1638,6,2025-02-13 14:00:00,377.0,9297.79,83.42,3.0,1.5403,67.83,23.0,4.53,5.36,0.017,95.62,7,3780.04,0.2253,5.3,156.75,Defect
1639,1,2025-02-13 20:00:00,334.0,17039.6,82.26,4.0,2.0472,97.29,11.0,2.03,4.58,0.0105,85.24,9,4858.78,0.2468,3.86,101.01,Defect
1640,2,2025-02-14 02:00:00,593.0,19958.57,91.4,3.0,3.2631,70.02,12.0,1.04,7.76,0.0451,85.71,5,1478.02,0.2801,8.44,131.72,Defect
1641,3,2025-02-14 08:00:00,103.0,5450.39,97.24,1.0,4.3738,89.36,3.0,2.73,7.59,0.0125,87.05,0,2596.73,0.4397,6.91,309.71,Defect
1642,4,2025-02-14 14:00:00,765.0,18460.49,89.54,0.0,3.8895,71.39,8.0,3.97,4.6,0.0245,86.06,5,1895.73,0.1057,7.84,352.9,Defect
1643,5,2025-02-14 20:00:00,541.0,14339.46,99.89,4.0,2.9903,72.71,15.0,0.1,5.5,0.0134,84.98,6,1886.25,0.1474,4.73,137.16,Defect
1644,6,2025-02-15 02:00:00,128.0,19600.74,93.58,2.0,2.1303,72.4,0.0,2.53,3.66,0.0109,95.05,5,1475.94,0.3741,9.48,366.06,Defect
1645,1,2025-02-15 08:00:00,208.0,11975.14,81.48,0.0,2.1427,89.92,4.0,3.87,7.37,0.0882,80.68,2,3598.2,0.4856,4.1,346.85,No Defect
1646,2,2025-02-15 14:00:00,709.0,17710.82,99.86,0.0,4.4574,82.27,20.0,0.52,5.17,0.0674,94.57,8,3985.37,0.3571,5.78,475.96,Defect
1647,3,2025-02-15 20:00:00,826.0,5935.91,88.16,1.0,0.6766,95.32,4.0,4.51,3.06,0.0924,96.47,9,3707.18,0.2044,9.4,436.27,Defect
1648,4,2025-02-16 02:00:00,904.0,10029.19,85.75,1.0,4.9459,72.29,23.0,1.32,3.02,0.0644,81.32,9,4698.63,0.3079,1.75,477.3,Defect
1649,5,2025-02-16 08:00:00,174.0,6005.25,91.16,1.0,3.4897,87.68,18.0,0.85,4.58,0.0844,81.24,3,1582.72,0.49,1.98,486.44,Defect
1650,6,2025-02-16 14:00:00,937.0,19630.15,86.09,4.0,3.5651,90.12,8.0,2.95,7.98,0.0555,85.71,4,2279.38,0.3112,9.95,276.32,Defect
1651,1,2025-02-16 20:00:00,245.0,17254.61,81.73,3.0,0.671,66.06,7.0,0.88,2.2,0.0463,84.17,4,2378.29,0.2494,9.74,295.16,Defect
1652,2,2025-02-17 02:00:00,227.0,17788.21,80.03,0.0,3.2249,76.02,18.0,3.4,4.06,0.0528,91.62,2,1928.33,0.2534,7.95,212.65,Defect
1653,3,2025-02-17 08:00:00,952.0,19069.48,88.99,3.0,2.6815,79.31,17.0,2.45,3.3,0.032,93.51,1,1568.82,0.4868,5.36,303.37,Defect
1654,4,2025-02-17 14:00:00,141.0,6276.55,96.74,3.0,0.976,74.23,14.0,0.55,9.65,0.0658,92.68,7,2946.81,0.3876,5.55,160.29,Defect
1655,5,2025-02-17 20:00:00,455.0,10783.96,91.45,1.0,1.7506,72.88,3.0,4.56,7.64,0.0897,87.15,6,4337.76,0.3749,3.31,368.57,Defect
1656,6,2025-02-18 02:00:00,140.0,6065.52,99.98,3.0,4.5064,87.46,14.0,3.37,3.87,0.0782,89.97,4,4818.16,0.1928,4.89,109.97,Defect
1657,1,2025-02-18 08:00:00,133.0,8161.9,85.74,0.0,2.9749,68.63,12.0,2.73,3.66,0.0462,92.8,0,1517.36,0.3238,4.88,194.25,Defect
1658,2,2025-02-18 14:00:00,116.0,8440.49,85.61,0.0,2.3604,88.38,17.0,1.87,8.86,0.0954,82.39,9,4292.63,0.2427,1.32,183.23,Defect
1659,3,2025-02-18 20:00:00,776.0,12036.61,83.19,5.0,0.8271,97.4,19.0,0.67,3.52,0.0985,84.59,0,4298.32,0.1961,5.08,475.16,Defect
1660,4,2025-02-19 02:00:00,252.0,9028.43,83.28,2.0,3.7135,82.61,4.0,3.54,9.98,0.0493,97.81,7,2555.91,0.4582,5.32,157.96,Defect
1661,5,2025-02-19 08:00:00,477.0,6514.67,85.7,4.0,3.6628,84.46,17.0,4.07,4.26,0.0865,86.85,3,1440.12,0.2533,6.99,456.31,Defect
1662,6,2025-02-19 14:00:00,687.0,7512.37,95.86,3.0,3.2632,62.76,7.0,0.63,2.67,0.0005,96.02,3,4960.03,0.2131,5.65,149.74,Defect
1663,1,2025-02-19 20:00:00,698.0,7209.13,98.12,4.0,2.7962,94.58,0.0,2.47,7.53,0.0067,85.02,8,3622.37,0.4727,8.76,360.28,No Defect
1664,2,2025-02-20 02:00:00,728.0,19596.15,99.5,4.0,2.452,71.42,18.0,2.42,6.88,0.0022,80.83,1,4928.78,0.1789,4.31,227.95,Defect
1665,3,2025-02-20 08:00:00,973.0,16389.39,84.65,4.0,3.1697,84.6,22.0,1.75,10.0,0.0773,90.01,4,2934.62,0.3982,4.69,226.4,Defect
1666,4,2025-02-20 14:00:00,441.0,19516.42,97.63,5.0,1.5503,99.16,16.0,3.95,8.42,0.008,97.85,5,2580.77,0.3611,6.14,499.31,Defect
1667,5,2025-02-20 20:00:00,126.0,11596.11,86.57,4.0,4.7357,83.82,1.0,0.5,5.43,0.0017,96.39,5,1988.74,0.4682,2.82,190.42,Defect
1668,6,2025-02-21 02:00:00,924.0,9175.53,82.26,5.0,3.1496,88.99,18.0,1.03,7.41,0.0147,85.06,9,4934.29,0.4328,4.54,181.02,Defect
1669,1,2025-02-21 08:00:00,386.0,16974.4,97.4,0.0,1.9004,77.81,15.0,0.01,8.54,0.0306,98.2,2,2013.03,0.3821,7.18,335.73,Defect
1670,2,2025-02-21 14:00:00,745.0,9893.81,92.72,3.0,2.5236,62.41,17.0,1.86,6.11,0.0465,89.59,9,1095.05,0.2258,4.71,396.3,Defect
1671,3,2025-02-21 20:00:00,830.0,9490.75,83.29,5.0,4.1256,91.9,1.0,1.46,4.18,0.0065,80.98,5,3049.87,0.2982,9.16,493.0,Defect
1672,4,2025-02-22 02:00:00,267.0,8487.59,88.6,2.0,1.2273,61.4,5.0,4.33,3.68,0.0499,80.56,9,2508.2,0.4778,6.54,380.57,Defect
1673,5,2025-02-22 08:00:00,709.0,6945.18,85.75,4.0,1.8178,88.03,6.0,3.73,4.36,0.0248,89.7,9,2045.53,0.1093,2.38,324.75,No Defect
1674,6,2025-02-22 14:00:00,367.0,8846.95,94.74,2.0,3.5578,60.92,5.0,0.42,8.78,0.0274,90.93,4,3538.43,0.4177,5.39,263.65,Defect
1675,1,2025-02-22 20:00:00,848.0,10329.8,89.07,0.0,1.9197,94.49,5.0,3.7,5.04,0.0822,81.6,7,2457.07,0.2007,7.88,338.05,Defect
1676,2,2025-02-23 02:00:00,920.0,15109.91,99.79,0.0,4.0663,66.31,8.0,3.38,4.29,0.0987,98.44,3,2609.0,0.174,6.79,340.33,Defect
1677,3,2025-02-23 08:00:00,554.0,5938.47,81.09,1.0,1.087,80.57,7.0,1.41,8.45,0.0464,94.36,9,1092.18,0.1929,8.97,187.08,No Defect
1678,4,2025-02-23 14:00:00,784.0,8157.6,87.1,4.0,3.9321,83.89,23.0,0.08,2.26,0.0322,96.03,9,3356.28,0.1239,7.75,368.48,Defect
1679,5,2025-02-23 20:00:00,500.0,17135.35,89.64,1.0,0.8076,78.3,21.0,0.58,6.75,0.0931,91.68,2,1488.28,0.4968,1.55,181.77,Defect
1680,6,2025-02-24 02:00:00,575.0,7203.83,90.06,2.0,0.5567,73.63,20.0,1.25,8.99,0.05,93.27,5,1855.22,0.4479,2.01,295.98,Defect
1681,1,2025-02-24 08:00:00,801.0,10139.68,86.32,3.0,4.542,78.71,8.0,4.08,5.28,0.073,87.76,9,3868.47,0.3084,6.85,203.95,Defect
1682,2,2025-02-24 14:00:00,733.0,17969.88,94.58,1.0,3.116,72.46,11.0,2.33,4.15,0.0414,93.59,8,2252.97,0.386,3.15,225.12,Defect
1683,3,2025-02-24 20:00:00,657.0,7323.88,97.49,0.0,2.0832,77.52,17.0,4.59,5.93,0.0203,99.56,7,1652.84,0.3226,6.29,345.55,Defect
1684,4,2025-02-25 02:00:00,675.0,6241.05,98.77,4.0,1.5467,74.36,22.0,3.95,7.74,0.0655,92.95,9,3309.7,0.4246,8.13,125.79,Defect
1685,5,2025-02-25 08:00:00,229.0,12268.07,96.1,2.0,3.276,82.65,5.0,1.44,6.13,0.0665,86.83,7,1859.62,0.4379,6.19,104.81,Defect
1686,6,2025-02-25 14:00:00,921.0,9536.29,97.01,5.0,2.7905,69.52,22.0,4.23,2.06,0.046,85.7,2,2083.91,0.1931,4.74,152.25,Defect
1687,1,2025-02-25 20:00:00,462.0,13451.13,91.01,0.0,4.9622,99.55,3.0,0.58,2.63,0.027,99.27,0,3485.36,0.2839,6.82,167.48,Defect
1688,2,2025-02-26 02:00:00,804.0,17057.07,96.52,5.0,4.9245,80.03,6.0,0.18,7.77,0.0832,83.7,2,3959.45,0.3539,2.29,179.15,Defect
1689,3,2025-02-26 08:00:00,918.0,7057.23,86.07,3.0,3.3576,67.77,17.0,3.04,5.2,0.0275,96.12,2,3958.64,0.4914,7.51,409.57,Defect
1690,4,2025-02-26 14:00:00,792.0,13710.49,87.97,4.0,2.4929,79.08,19.0,1.71,8.28,0.0659,89.31,5,2928.97,0.3731,7.27,278.74,Defect
1691,5,2025-02-26 20:00:00,391.0,12582.63,86.34,3.0,2.7101,94.66,4.0,1.65,7.2,0.0384,88.88,2,2817.19,0.4591,5.63,287.97,No Defect
1692,6,2025-02-27 02:00:00,470.0,7161.18,89.35,3.0,3.5712,60.87,17.0,3.44,6.65,0.0472,94.95,1,4150.58,0.4384,3.51,357.73,Defect
1693,1,2025-02-27 08:00:00,893.0,14359.98,85.71,4.0,0.9571,87.18,9.0,4.25,9.21,0.0211,82.96,8,1772.14,0.3328,8.18,391.64,Defect
1694,2,2025-02-27 14:00:00,128.0,9104.61,99.23,4.0,1.9776,81.92,7.0,1.61,2.17,0.0649,89.33,5,1608.81,0.4575,5.59,101.4,No Defect
1695,3,2025-02-27 20:00:00,248.0,12317.51,86.26,5.0,0.8387,66.78,0.0,1.63,3.24,0.0226,80.72,4,3658.78,0.251,1.53,442.69,Defect
1696,4,2025-02-28 02:00:00,878.0,6234.08,81.96,3.0,0.8301,92.7,14.0,2.67,7.0,0.0486,93.41,2,2638.03,0.2517,9.27,495.37,Defect
1697,5,2025-02-28 08:00:00,395.0,11893.76,90.54,2.0,1.3813,74.76,2.0,3.27,2.53,0.0328,81.17,6,3839.99,0.4124,7.91,148.72,Defect
1698,6,2025-02-28 14:00:00,110.0,9596.95,81.14,5.0,2.6836,71.75,14.0,1.01,7.16,0.0964,81.75,6,2026.4,0.1538,6.26,360.43,Defect
1699,1,2025-02-28 20:00:00,611.0,17335.72,82.21,4.0,4.0315,93.13,13.0,4.56,9.87,0.0982,96.9,3,2299.49,0.2223,4.93,100.97,Defect
1700,2,2025-03-01 02:00:00,775.0,5854.68,84.39,0.0,2.6847,85.54,0.0,3.27,9.03,0.0753,88.86,9,4586.71,0.3434,9.64,119.61,No Defect
1701,3,2025-03-01 08:00:00,212.0,11279.11,89.29,5.0,2.0096,95.93,20.0,3.13,6.73,0.0984,84.02,1,2686.63,0.268,7.98,214.0,Defect
1702,4,2025-03-01 14:00:00,286.0,11876.47,88.67,1.0,0.8706,85.2,7.0,4.52,9.15,0.0114,91.85,1,3363.81,0.4763,5.81,438.56,No Defect
1703,5,2025-03-01 20:00:00,906.0,15875.09,95.99,2.0,2.9763,89.63,6.0,4.54,2.93,0.0992,90.39,7,1426.73,0.4834,6.88,361.0,Defect
1704,6,2025-03-02 02:00:00,843.0,13614.31,94.79,5.0,1.7207,93.46,8.0,0.68,5.64,0.0104,88.22,3,1715.32,0.301,3.53,278.33,Defect
1705,1,2025-03-02 08:00:00,326.0,15008.19,88.53,4.0,3.2672,62.19,17.0,0.73,5.43,0.0415,98.11,6,1143.55,0.3156,2.76,275.44,Defect
1706,2,2025-03-02 14:00:00,409.0,16655.74,86.67,4.0,4.8973,91.04,11.0,3.81,4.69,0.0239,94.99,2,2697.48,0.3899,3.46,286.42,Defect
1707,3,2025-03-02 20:00:00,197.0,17933.04,86.33,2.0,1.0009,84.55,7.0,4.78,2.0,0.0954,83.03,8,4955.68,0.2829,3.64,224.41,No Defect
1708,4,2025-03-03 02:00:00,154.0,9708.13,95.48,1.0,1.4546,62.78,7.0,3.33,9.13,0.0636,91.42,9,4495.49,0.176,7.66,451.09,Defect
1709,5,2025-03-03 08:00:00,722.0,13070.34,81.04,5.0,2.6289,80.34,5.0,2.06,8.22,0.0597,81.77,8,3531.64,0.3988,2.26,327.15,No Defect
1710,6,2025-03-03 14:00:00,763.0,17601.62,80.26,5.0,4.8588,63.3,2.0,3.42,7.22,0.0997,84.89,6,4444.39,0.3951,8.0,293.58,Defect
1711,1,2025-03-03 20:00:00,857.0,19841.77,95.91,3.0,3.9731,89.44,1.0,1.14,3.03,0.0612,98.2,6,3376.68,0.198,5.71,286.03,Defect
1712,2,2025-03-04 02:00:00,505.0,18342.79,89.54,0.0,4.542,81.86,13.0,4.99,5.03,0.0646,89.24,0,2475.08,0.4332,4.46,474.33,Defect
1713,3,2025-03-04 08:00:00,168.0,10572.01,82.62,4.0,2.0017,98.14,7.0,2.16,9.39,0.0045,97.84,9,1694.19,0.3455,3.7,389.46,No Defect
1714,4,2025-03-04 14:00:00,411.0,7927.5,84.71,5.0,4.9642,67.33,5.0,4.66,6.94,0.0859,83.32,7,3612.19,0.1945,5.62,157.93,Defect
1715,5,2025-03-04 20:00:00,388.0,12340.89,98.65,5.0,0.9627,84.24,3.0,2.15,6.83,0.097,84.11,1,1772.21,0.3608,3.86,274.79,No Defect
1716,6,2025-03-05 02:00:00,861.0,16124.62,97.19,5.0,0.7384,68.46,4.0,4.64,9.31,0.096,87.06,7,2669.71,0.1934,4.87,215.35,Defect
1717,1,2025-03-05 08:00:00,647.0,12388.54,94.2,1.0,4.3502,84.56,20.0,1.68,6.48,0.0221,87.33,1,4303.21,0.2061,7.65,494.75,Defect
1718,2,2025-03-05 14:00:00,850.0,12247.71,89.64,0.0,4.6727,88.91,12.0,3.8,6.78,0.0226,94.91,0,1516.92,0.4392,6.63,266.16,Defect
1719,3,2025-03-05 20:00:00,247.0,17573.46,90.41,5.0,0.9076,88.89,8.0,4.76,4.77,0.0366,91.99,7,1516.09,0.4718,7.73,127.15,No Defect
1720,4,2025-03-06 02:00:00,566.0,10421.06,99.5,2.0,1.0104,92.6,12.0,3.23,4.97,0.031,91.06,3,1897.61,0.2028,7.42,264.48,Defect
1721,5,2025-03-06 08:00:00,838.0,17896.92,99.32,4.0,0.6493,94.14,8.0,3.39,7.48,0.0306,92.05,9,3207.67,0.4712,8.34,228.54,Defect
1722,6,2025-03-06 14:00:00,343.0,11102.07,84.31,3.0,0.9703,63.09,23.0,0.51,4.56,0.0605,94.64,5,2006.89,0.1955,2.82,339.83,Defect
1723,1,2025-03-06 20:00:00,590.0,9923.5,96.22,2.0,1.4424,73.73,23.0,2.37,6.47,0.0806,97.86,9,3012.79,0.1469,9.96,190.43,Defect
1724,2,2025-03-07 02:00:00,948.0,11809.85,83.94,4.0,4.8653,87.48,15.0,4.43,4.23,0.0937,88.29,9,2207.93,0.1233,5.28,114.39,Defect
1725,3,2025-03-07 08:00:00,606.0,16436.7,84.27,1.0,3.5054,79.94,11.0,1.2,3.33,0.0068,96.06,0,3024.97,0.1968,7.46,138.35,Defect
1726,4,2025-03-07 14:00:00,464.0,6890.03,93.52,0.0,4.0035,67.63,1.0,3.94,5.64,0.0278,89.9,8,2110.53,0.2541,7.1,213.26,Defect
1727,5,2025-03-07 20:00:00,581.0,7946.29,88.1,0.0,3.9926,82.11,18.0,3.38,3.74,0.0255,94.44,6,4920.05,0.471,6.1,239.33,Defect
1728,6,2025-03-08 02:00:00,300.0,19271.67,98.63,4.0,2.9078,76.3,15.0,1.11,9.19,0.0357,97.5,4,2970.87,0.1969,9.96,433.78,Defect
1729,1,2025-03-08 08:00:00,253.0,7632.37,81.78,2.0,4.0887,75.6,23.0,1.41,4.43,0.0424,80.64,5,3974.57,0.2462,2.96,208.03,Defect
1730,2,2025-03-08 14:00:00,549.0,13515.91,90.23,3.0,3.1811,92.39,12.0,2.14,6.78,0.0389,90.93,2,3802.19,0.3937,4.8,112.6,Defect
1731,3,2025-03-08 20:00:00,600.0,13689.72,98.37,1.0,1.9155,76.3,4.0,0.63,4.11,0.0952,99.79,8,2962.24,0.2208,2.15,412.29,No Defect
1732,4,2025-03-09 02:00:00,172.0,12344.37,98.08,4.0,3.025,61.06,22.0,4.57,4.06,0.0437,89.92,1,1955.45,0.3737,2.64,447.57,Defect
1733,5,2025-03-09 08:00:00,812.0,14671.18,83.13,1.0,2.9008,62.32,23.0,3.7,4.81,0.0552,97.29,9,3042.87,0.2728,7.42,296.92,Defect
1734,6,2025-03-09 14:00:00,395.0,8447.4,87.33,0.0,4.2055,94.25,5.0,1.82,9.33,0.0749,83.72,0,3723.89,0.1786,1.04,213.97,Defect
1735,1,2025-03-09 20:00:00,116.0,13289.93,92.38,5.0,4.9178,98.42,20.0,1.5,5.13,0.0725,92.09,0,2839.68,0.3936,9.01,408.86,Defect
1736,2,2025-03-10 02:00:00,740.0,10582.6,83.19,5.0,2.3497,87.54,23.0,3.45,8.57,0.0583,97.41,9,1327.7,0.1108,6.7,103.56,Defect
1737,3,2025-03-10 08:00:00,316.0,14925.01,99.36,3.0,3.9353,74.57,16.0,2.12,3.58,0.0861,88.63,1,1071.93,0.2169,4.97,469.61,Defect
1738,4,2025-03-10 14:00:00,160.0,7118.35,98.29,1.0,0.9489,97.54,16.0,1.15,2.39,0.0624,89.73,5,2311.51,0.2425,3.98,446.21,Defect
1739,5,2025-03-10 20:00:00,715.0,13563.16,83.34,4.0,3.9957,86.51,16.0,2.15,8.25,0.0875,81.64,5,1600.9,0.2833,2.14,317.93,Defect
1740,6,2025-03-11 02:00:00,141.0,7779.06,82.42,3.0,2.1714,93.77,2.0,4.36,6.33,0.0303,80.84,8,4624.76,0.3719,9.29,211.03,No Defect
1741,1,2025-03-11 08:00:00,124.0,9179.65,81.71,2.0,0.6773,90.63,12.0,0.34,6.03,0.0132,89.37,9,1703.33,0.2838,7.41,113.14,Defect
1742,2,2025-03-11 14:00:00,138.0,8280.65,98.19,5.0,2.1346,75.17,11.0,1.84,4.18,0.082,96.87,3,2577.13,0.3377,4.03,499.93,Defect
1743,3,2025-03-11 20:00:00,902.0,7742.57,83.87,4.0,3.2479,79.15,5.0,4.81,2.58,0.0383,98.63,7,3848.31,0.3383,1.64,404.83,Defect
1744,4,2025-03-12 02:00:00,230.0,17385.66,88.33,1.0,1.0366,67.45,21.0,0.07,5.86,0.0651,93.17,3,4261.69,0.2493,3.93,235.48,Defect
1745,5,2025-03-12 08:00:00,597.0,9285.61,88.98,3.0,4.6582,71.68,20.0,4.45,8.94,0.0737,96.53,2,2910.85,0.4736,2.66,107.71,Defect
1746,6,2025-03-12 14:00:00,328.0,18906.86,91.98,4.0,0.8495,91.13,12.0,1.87,2.96,0.0327,94.7,3,1724.54,0.4823,8.08,355.72,Defect
1747,1,2025-03-12 20:00:00,207.0,19548.9,81.43,3.0,4.685,95.76,13.0,0.95,9.43,0.0505,94.03,0,2083.58,0.3327,7.48,494.76,Defect
1748,2,2025-03-13 02:00:00,271.0,13568.91,84.54,3.0,3.6821,88.98,6.0,0.07,4.2,0.0895,95.38,8,2675.87,0.1287,5.48,382.83,Defect
1749,3,2025-03-13 08:00:00,534.0,7145.02,98.63,3.0,1.9837,78.61,4.0,0.35,6.26,0.088,90.11,4,2458.38,0.2965,8.97,133.49,No Defect
1750,4,2025-03-13 14:00:00,577.0,10618.22,98.17,1.0,2.2584,63.46,13.0,0.86,2.53,0.0749,89.16,6,2394.69,0.1738,2.63,260.91,Defect
1751,5,2025-03-13 20:00:00,201.0,16965.98,95.63,4.0,3.8336,62.28,17.0,0.13,5.4,0.0763,83.18,2,1527.42,0.2933,5.07,143.67,Defect
1752,6,2025-03-14 02:00:00,965.0,10510.86,80.39,0.0,3.2066,74.97,3.0,1.68,3.01,0.0898,96.88,4,4653.24,0.1754,7.4,464.86,Defect
1753,1,2025-03-14 08:00:00,623.0,6305.26,86.54,0.0,3.5224,78.55,0.0,0.22,2.38,0.0736,80.89,9,1119.03,0.3815,1.61,232.17,Defect
1754,2,2025-03-14 14:00:00,374.0,13351.77,92.56,1.0,2.2512,84.36,6.0,3.46,9.73,0.034,85.35,3,2760.01,0.1322,4.35,393.35,No Defect
1755,3,2025-03-14 20:00:00,712.0,17676.81,85.5,1.0,2.6952,60.26,19.0,4.09,7.84,0.0121,90.4,6,4921.29,0.4813,6.14,133.88,Defect
1756,4,2025-03-15 02:00:00,143.0,16938.9,98.19,5.0,4.9544,99.59,12.0,4.44,7.75,0.0422,99.43,4,3638.9,0.1782,4.3,151.37,Defect
1757,5,2025-03-15 08:00:00,916.0,7626.85,92.68,3.0,1.4627,74.56,3.0,2.75,2.72,0.0087,95.72,1,2421.64,0.3643,5.32,371.8,Defect
1758,6,2025-03-15 14:00:00,116.0,15091.47,81.44,4.0,2.3804,93.92,12.0,4.73,9.43,0.0116,87.37,2,1584.39,0.4668,6.47,437.39,Defect
1759,1,2025-03-15 20:00:00,429.0,8307.56,98.18,4.0,1.8132,81.4,3.0,0.03,5.76,0.095,94.28,7,4855.49,0.1992,4.32,180.58,No Defect
1760,2,2025-03-16 02:00:00,668.0,8273.11,99.16,2.0,3.943,65.22,2.0,0.67,8.82,0.0676,98.63,2,1055.95,0.4737,1.95,267.33,Defect
1761,3,2025-03-16 08:00:00,922.0,18111.08,81.55,2.0,3.9381,91.9,7.0,1.47,2.1,0.0852,90.78,6,3725.55,0.2555,2.26,347.77,Defect
1762,4,2025-03-16 14:00:00,596.0,8745.03,90.65,0.0,1.816,88.39,19.0,3.95,4.39,0.0643,89.24,4,4520.55,0.4842,5.74,418.51,Defect
1763,5,2025-03-16 20:00:00,914.0,8948.71,86.07,2.0,0.8663,81.1,7.0,4.43,9.97,0.0419,91.06,6,1100.64,0.4885,2.57,351.28,Defect
1764,6,2025-03-17 02:00:00,111.0,5009.8,87.86,2.0,0.5514,80.58,16.0,3.09,5.42,0.0025,86.23,9,3900.7,0.1752,9.01,138.17,Defect
1765,1,2025-03-17 08:00:00,417.0,18060.04,83.59,0.0,2.4235,63.5,14.0,1.92,9.11,0.0956,98.15,8,4995.35,0.4324,8.51,317.13,Defect
1766,2,2025-03-17 14:00:00,691.0,16888.92,91.56,5.0,2.3465,86.23,3.0,3.33,4.62,0.0071,95.95,6,3558.57,0.1774,4.14,453.84,No Defect
1767,3,2025-03-17 20:00:00,315.0,14409.93,99.16,0.0,4.9478,96.45,5.0,0.9,6.2,0.061,94.11,5,2658.72,0.1906,8.48,447.21,Defect
1768,4,2025-03-18 02:00:00,438.0,16253.99,90.06,2.0,2.6141,63.73,23.0,2.29,8.83,0.0102,91.78,0,4497.6,0.1337,5.8,334.01,Defect
1769,5,2025-03-18 08:00:00,875.0,7280.73,81.66,4.0,1.6539,70.54,21.0,2.54,6.85,0.0284,99.39,3,3216.72,0.1626,2.43,498.28,Defect
1770,6,2025-03-18 14:00:00,760.0,11874.85,92.4,2.0,4.5105,96.09,5.0,0.52,7.8,0.0186,85.95,7,3997.76,0.3529,6.53,142.05,Defect
1771,1,2025-03-18 20:00:00,180.0,10268.29,86.8,3.0,2.7098,71.37,9.0,0.17,3.83,0.0554,85.66,0,3351.12,0.2797,7.12,291.44,Defect
1772,2,2025-03-19 02:00:00,826.0,6406.65,97.12,3.0,3.1963,86.16,3.0,3.75,3.25,0.0887,84.84,5,1153.16,0.4164,1.76,410.05,Defect
1773,3,2025-03-19 08:00:00,584.0,12291.96,88.69,3.0,0.9305,81.39,8.0,2.67,3.84,0.0636,94.84,1,1852.58,0.2328,3.83,156.42,No Defect
1774,4,2025-03-19 14:00:00,473.0,18811.09,83.86,5.0,2.2231,83.85,15.0,1.66,5.94,0.0664,95.95,8,1315.05,0.4874,1.05,489.1,Defect
1775,5,2025-03-19 20:00:00,809.0,5600.89,83.82,1.0,4.749,76.63,6.0,2.19,8.41,0.0909,91.94,7,1426.75,0.1199,3.85,241.62,Defect
1776,6,2025-03-20 02:00:00,299.0,9371.91,95.38,3.0,3.1528,72.0,13.0,4.79,4.83,0.0749,93.04,8,1061.62,0.1252,4.02,240.06,Defect
1777,1,2025-03-20 08:00:00,636.0,8113.11,85.31,4.0,2.0503,61.94,5.0,1.92,6.52,0.0866,86.98,8,2684.66,0.3805,6.67,185.28,Defect
1778,2,2025-03-20 14:00:00,565.0,8572.2,95.34,5.0,3.3155,89.77,0.0,0.52,8.44,0.0416,80.8,1,1714.61,0.455,2.79,215.21,Defect
1779,3,2025-03-20 20:00:00,188.0,18626.52,84.12,1.0,4.5968,89.84,17.0,2.32,3.91,0.0865,85.07,1,4422.79,0.4182,1.27,331.04,Defect
1780,4,2025-03-21 02:00:00,367.0,12021.04,86.43,1.0,1.733,86.83,11.0,3.24,9.06,0.0646,91.69,8,4000.15,0.2959,3.84,271.74,Defect
1781,5,2025-03-21 08:00:00,754.0,11994.49,89.31,3.0,2.773,85.75,21.0,0.06,9.62,0.0136,96.26,1,3292.71,0.2079,8.43,177.35,Defect
1782,6,2025-03-21 14:00:00,670.0,16408.63,98.86,2.0,4.8141,69.75,14.0,1.66,2.31,0.0039,95.54,3,2956.09,0.1054,4.59,423.66,Defect
1783,1,2025-03-21 20:00:00,588.0,7317.38,98.63,0.0,1.2758,60.89,0.0,1.97,2.47,0.0244,83.59,1,2023.47,0.3038,4.74,124.9,Defect
1784,2,2025-03-22 02:00:00,976.0,12308.98,84.14,2.0,3.7385,92.35,14.0,2.32,2.73,0.0378,81.03,0,2899.81,0.2903,5.22,433.86,Defect
1785,3,2025-03-22 08:00:00,637.0,11449.78,87.16,2.0,3.2652,79.65,14.0,1.51,8.21,0.0838,97.01,9,3564.92,0.2377,7.77,209.98,Defect
1786,4,2025-03-22 14:00:00,146.0,13953.66,82.99,1.0,3.5585,72.27,15.0,3.33,3.51,0.0741,81.51,6,4128.92,0.3312,5.32,298.36,Defect
1787,5,2025-03-22 20:00:00,387.0,19993.37,90.2,1.0,2.0805,64.08,20.0,4.72,7.81,0.0955,87.87,4,1326.73,0.3915,1.82,252.43,Defect
1788,6,2025-03-23 02:00:00,877.0,16541.73,89.21,5.0,1.9125,62.51,0.0,4.57,5.53,0.0559,81.88,2,3833.86,0.3804,2.86,328.24,Defect
1789,1,2025-03-23 08:00:00,115.0,10967.99,98.02,5.0,3.5789,73.95,2.0,3.32,8.69,0.0748,91.28,7,3970.92,0.2053,2.69,418.4,Defect
1790,2,2025-03-23 14:00:00,810.0,17413.3,98.6,1.0,1.4699,92.19,11.0,2.53,8.47,0.0275,87.27,4,3235.89,0.3341,5.57,495.73,Defect
1791,3,2025-03-23 20:00:00,500.0,7560.63,87.67,4.0,2.3884,96.75,6.0,4.13,9.68,0.068,84.05,0,1857.28,0.1595,1.27,222.42,No Defect
1792,4,2025-03-24 02:00:00,893.0,5456.96,89.83,4.0,1.3468,95.87,4.0,4.18,4.01,0.0706,91.9,8,3156.74,0.1486,3.55,321.52,Defect
1793,5,2025-03-24 08:00:00,185.0,8066.73,97.92,0.0,0.5374,96.8,0.0,4.15,3.83,0.0848,87.27,4,3010.82,0.4143,6.46,286.4,No Defect
1794,6,2025-03-24 14:00:00,349.0,10106.17,96.13,1.0,4.8653,96.31,0.0,0.79,2.25,0.0536,83.34,2,2902.84,0.3775,4.19,499.57,Defect
1795,1,2025-03-24 20:00:00,490.0,12658.71,80.07,3.0,2.4427,81.09,14.0,0.13,5.28,0.0649,94.0,5,2842.56,0.4072,7.37,423.57,Defect
1796,2,2025-03-25 02:00:00,881.0,14226.94,86.4,5.0,4.8621,68.78,7.0,4.92,5.67,0.0203,96.74,7,1443.3,0.161,4.52,258.83,Defect
1797,3,2025-03-25 08:00:00,434.0,18659.09,88.44,1.0,1.1315,91.92,10.0,4.8,9.72,0.0737,85.47,1,1731.57,0.4658,9.81,290.75,No Defect
1798,4,2025-03-25 14:00:00,728.0,12647.81,84.59,4.0,3.1432,68.55,13.0,2.82,8.65,0.0838,83.73,2,1389.33,0.1532,9.69,198.38,Defect
1799,5,2025-03-25 20:00:00,618.0,12519.13,83.99,1.0,1.4044,70.69,22.0,4.97,3.33,0.0594,81.51,6,1969.91,0.448,8.2,402.1,Defect
1800,6,2025-03-26 02:00:00,236.0,5753.65,80.76,4.0,4.0553,69.33,12.0,3.85,8.39,0.0116,90.56,1,2053.91,0.241,9.59,438.08,Defect
1801,1,2025-03-26 08:00:00,982.0,5523.67,92.87,1.0,4.0267,80.6,18.0,2.59,3.43,0.0313,96.63,4,1980.3,0.1422,2.84,485.99,Defect
1802,2,2025-03-26 14:00:00,787.0,13267.4,85.25,3.0,1.0067,72.87,11.0,1.95,2.62,0.0476,85.02,8,1843.72,0.2147,7.76,326.33,Defect
1803,3,2025-03-26 20:00:00,939.0,11572.68,81.05,0.0,4.6043,66.17,21.0,2.96,8.7,0.0677,89.21,6,3941.69,0.1726,3.89,368.27,Defect
1804,4,2025-03-27 02:00:00,597.0,17587.71,84.62,3.0,1.3758,78.13,18.0,2.58,9.81,0.032,83.22,2,4274.26,0.2963,7.53,278.42,Defect
1805,5,2025-03-27 08:00:00,926.0,7410.19,96.04,4.0,3.2584,94.96,3.0,4.97,2.7,0.084,88.08,1,2308.44,0.4799,4.37,343.65,Defect
1806,6,2025-03-27 14:00:00,826.0,5374.57,97.03,5.0,4.9354,82.82,3.0,2.45,8.51,0.0372,80.31,9,2220.52,0.2311,3.6,239.5,Defect
1807,1,2025-03-27 20:00:00,576.0,11735.58,89.66,5.0,4.4708,95.13,2.0,4.18,8.87,0.0043,98.21,8,4376.13,0.3448,9.63,395.08,Defect
1808,2,2025-03-28 02:00:00,693.0,8562.18,88.32,2.0,4.8045,67.83,5.0,4.07,2.95,0.0794,93.53,8,3495.7,0.4567,2.89,109.08,Defect
1809,3,2025-03-28 08:00:00,322.0,5744.22,99.56,3.0,2.0417,66.68,4.0,0.36,4.27,0.0644,86.66,8,2173.75,0.352,7.83,111.38,Defect
1810,4,2025-03-28 14:00:00,471.0,15868.97,84.01,1.0,0.9751,83.02,10.0,0.44,7.87,0.0802,97.62,9,3854.45,0.2449,7.07,386.45,No Defect
1811,5,2025-03-28 20:00:00,501.0,6673.89,84.31,0.0,1.3476,78.53,8.0,3.3,8.46,0.0349,83.66,2,2378.37,0.4963,3.73,472.27,No Defect
1812,6,2025-03-29 02:00:00,542.0,14124.79,85.84,1.0,2.7522,86.41,2.0,1.3,4.83,0.0018,81.57,0,3346.22,0.175,5.13,352.9,No Defect
1813,1,2025-03-29 08:00:00,589.0,9215.75,83.46,1.0,4.0695,91.79,8.0,3.29,3.28,0.0074,98.85,8,4970.54,0.3093,2.29,390.61,Defect
1814,2,2025-03-29 14:00:00,714.0,7602.44,87.59,3.0,1.1757,90.05,11.0,0.72,7.19,0.0112,86.18,6,2206.38,0.4187,9.29,429.57,Defect
1815,3,2025-03-29 20:00:00,372.0,10696.27,98.22,0.0,3.4688,97.69,2.0,1.99,7.62,0.0805,98.72,1,4722.1,0.1003,9.71,244.67,Defect
1816,4,2025-03-30 02:00:00,625.0,17021.69,92.31,2.0,1.9561,75.93,19.0,0.51,6.03,0.0301,92.75,5,2282.61,0.3808,7.59,143.25,Defect
1817,5,2025-03-30 08:00:00,258.0,10881.4,88.24,1.0,2.0354,68.26,16.0,1.41,3.16,0.0998,99.6,8,3161.15,0.2066,8.64,473.24,Defect
1818,6,2025-03-30 14:00:00,251.0,16261.54,98.69,0.0,3.4786,82.04,20.0,0.44,8.76,0.0758,95.07,7,2839.94,0.1679,1.74,475.43,Defect
1819,1,2025-03-30 20:00:00,719.0,6882.29,80.97,2.0,2.6015,64.43,11.0,4.85,7.16,0.0601,82.11,5,4132.64,0.2097,4.46,276.74,Defect
1820,2,2025-03-31 02:00:00,287.0,16591.57,84.21,1.0,4.1541,71.55,17.0,1.98,8.95,0.0984,97.04,5,1244.37,0.4867,3.98,186.87,Defect
1821,3,2025-03-31 08:00:00,912.0,8554.0,91.32,0.0,1.2016,68.32,3.0,4.51,9.46,0.0316,82.96,7,3508.49,0.4568,6.08,456.94,Defect
1822,4,2025-03-31 14:00:00,197.0,15160.9,92.31,3.0,4.0548,75.86,9.0,4.86,8.45,0.0166,93.84,8,4042.67,0.1855,2.65,383.37,Defect
1823,5,2025-03-31 20:00:00,230.0,13486.72,80.79,5.0,0.7891,64.45,17.0,4.55,9.67,0.0737,90.01,7,2888.58,0.1468,6.07,103.29,Defect
1824,6,2025-04-01 02:00:00,904.0,18937.17,88.06,5.0,1.3732,61.27,7.0,2.27,9.63,0.0278,94.15,0,1421.17,0.2457,6.89,143.09,Defect
1825,1,2025-04-01 08:00:00,270.0,10809.84,92.98,1.0,3.4527,86.27,8.0,3.89,6.95,0.0961,95.3,1,1979.22,0.3369,2.19,493.28,Defect
1826,2,2025-04-01 14:00:00,282.0,5992.48,93.96,1.0,4.3472,84.41,18.0,0.77,7.83,0.0988,96.07,5,3718.69,0.4469,2.19,115.25,Defect
1827,3,2025-04-01 20:00:00,463.0,5287.33,92.76,0.0,1.6371,88.33,12.0,0.47,7.6,0.0926,96.7,7,4581.75,0.4864,1.32,213.02,Defect
1828,4,2025-04-02 02:00:00,138.0,17402.88,86.41,5.0,1.9724,86.42,5.0,4.38,6.97,0.0945,96.94,3,2686.43,0.4005,7.85,319.4,No Defect
1829,5,2025-04-02 08:00:00,626.0,12871.03,81.87,1.0,2.917,64.57,21.0,0.16,2.15,0.0616,88.25,3,3241.65,0.3396,3.98,173.74,Defect
1830,6,2025-04-02 14:00:00,987.0,16628.66,88.54,2.0,1.4521,71.64,6.0,4.86,4.85,0.0692,97.78,1,1913.54,0.1569,3.03,192.82,Defect
1831,1,2025-04-02 20:00:00,596.0,8516.38,82.58,1.0,4.1502,65.18,20.0,3.36,2.8,0.0094,94.39,9,2648.85,0.1296,8.0,241.19,Defect
1832,2,2025-04-03 02:00:00,615.0,10176.26,98.95,5.0,3.9814,93.72,5.0,2.1,4.4,0.0763,96.78,0,2347.16,0.3384,2.29,207.82,Defect
1833,3,2025-04-03 08:00:00,448.0,5451.56,89.5,4.0,1.1538,89.88,10.0,0.71,2.55,0.0202,99.78,9,3622.1,0.3156,4.84,421.34,No Defect
1834,4,2025-04-03 14:00:00,496.0,19422.38,86.35,5.0,2.5872,68.06,16.0,3.62,9.36,0.084,82.33,8,4938.8,0.4384,7.7,300.11,Defect
1835,5,2025-04-03 20:00:00,821.0,15018.02,95.33,2.0,3.9867,73.65,18.0,2.82,5.61,0.0962,87.41,6,4253.21,0.229,6.16,211.45,Defect
1836,6,2025-04-04 02:00:00,260.0,18998.08,89.96,0.0,2.018,98.66,11.0,3.56,3.51,0.0212,96.13,8,1768.66,0.1159,5.99,225.24,Defect
1837,1,2025-04-04 08:00:00,115.0,8982.45,86.2,2.0,3.349,83.77,20.0,2.09,6.68,0.0078,81.73,1,3310.71,0.2695,2.42,115.95,Defect
1838,2,2025-04-04 14:00:00,592.0,14171.95,96.24,4.0,0.726,92.05,20.0,0.33,3.57,0.0484,90.82,9,1265.65,0.4877,2.63,119.76,Defect
1839,3,2025-04-04 20:00:00,525.0,15177.5,97.34,4.0,3.2391,70.58,23.0,1.57,8.44,0.0792,97.17,4,1987.66,0.4182,6.24,387.16,Defect
1840,4,2025-04-05 02:00:00,207.0,9763.25,93.46,1.0,1.1869,68.4,12.0,1.58,4.45,0.0771,80.38,1,1688.87,0.1135,1.21,145.16,Defect
1841,5,2025-04-05 08:00:00,993.0,17721.64,80.94,1.0,4.2376,91.36,17.0,0.04,4.52,0.0697,98.79,9,2342.18,0.4499,8.82,290.32,Defect
1842,6,2025-04-05 14:00:00,549.0,19207.42,91.33,5.0,2.0995,87.43,6.0,0.05,8.96,0.0821,99.56,6,3715.26,0.2887,4.15,436.95,No Defect
1843,1,2025-04-05 20:00:00,410.0,18272.83,95.27,3.0,1.767,87.24,22.0,1.65,6.47,0.0175,86.45,8,2997.57,0.2459,4.75,247.38,Defect
1844,2,2025-04-06 02:00:00,838.0,16086.0,82.73,2.0,4.284,82.11,4.0,3.64,9.1,0.0652,95.34,2,4731.64,0.2387,3.33,238.3,Defect
1845,3,2025-04-06 08:00:00,269.0,9161.97,84.57,5.0,0.7256,82.54,15.0,3.12,5.3,0.0606,82.54,0,1851.0,0.3381,8.89,449.22,Defect
1846,4,2025-04-06 14:00:00,645.0,9224.24,97.65,3.0,2.2847,89.43,21.0,1.2,4.75,0.0153,95.46,3,2456.84,0.3122,6.78,445.94,Defect
1847,5,2025-04-06 20:00:00,513.0,19450.4,80.4,5.0,2.165,70.8,3.0,3.01,6.05,0.0414,89.63,3,2319.41,0.3627,5.05,452.05,Defect
1848,6,2025-04-07 02:00:00,350.0,5154.27,95.05,4.0,1.7816,74.11,22.0,3.24,2.49,0.0853,97.21,5,1943.85,0.3295,6.27,328.77,Defect
1849,1,2025-04-07 08:00:00,858.0,15740.75,89.48,1.0,4.6029,94.87,0.0,2.61,3.23,0.0972,84.25,4,4972.68,0.1576,4.42,480.92,Defect
1850,2,2025-04-07 14:00:00,880.0,15593.69,88.94,1.0,3.8792,72.35,3.0,2.61,3.76,0.0665,93.45,4,2548.9,0.2029,5.19,427.59,Defect
1851,3,2025-04-07 20:00:00,240.0,14340.34,80.14,5.0,0.7877,81.85,2.0,1.85,8.53,0.0922,95.72,8,4762.04,0.4364,4.22,266.25,No Defect
1852,4,2025-04-08 02:00:00,373.0,19851.63,96.39,1.0,3.7161,88.11,3.0,0.62,7.87,0.0132,84.05,0,2561.89,0.3653,4.7,351.82,Defect
1853,5,2025-04-08 08:00:00,515.0,9678.19,87.2,0.0,2.8728,100.0,0.0,1.93,3.55,0.0975,96.37,7,1816.37,0.2794,3.83,148.72,No Defect
1854,6,2025-04-08 14:00:00,707.0,10099.58,90.82,5.0,4.5539,77.41,11.0,1.73,4.21,0.0034,99.16,7,1476.83,0.173,1.7,320.53,Defect
1855,1,2025-04-08 20:00:00,838.0,6184.09,93.55,4.0,1.9083,77.12,12.0,2.96,9.55,0.0527,92.32,7,4422.25,0.1031,1.34,205.26,Defect
1856,2,2025-04-09 02:00:00,990.0,11641.97,94.05,5.0,3.0837,93.7,1.0,4.28,2.69,0.0291,95.7,2,1128.39,0.2248,2.57,213.42,Defect
1857,3,2025-04-09 08:00:00,138.0,8915.73,99.12,5.0,2.7534,92.22,8.0,1.88,6.38,0.0814,90.65,9,4857.58,0.1219,3.26,150.29,No Defect
1858,4,2025-04-09 14:00:00,913.0,10150.8,90.63,1.0,2.703,89.24,6.0,3.55,6.18,0.0218,91.96,7,2672.76,0.2929,9.01,243.28,Defect
1859,5,2025-04-09 20:00:00,128.0,17518.58,87.99,4.0,2.5525,78.53,12.0,4.06,7.81,0.0012,80.27,1,1989.5,0.4287,6.5,292.56,Defect
1860,6,2025-04-10 02:00:00,576.0,19032.27,99.07,5.0,1.4253,72.96,21.0,1.06,4.09,0.0415,90.49,7,3469.78,0.2142,9.62,340.14,Defect
1861,1,2025-04-10 08:00:00,417.0,7786.0,92.84,1.0,3.9007,84.35,1.0,4.51,9.48,0.0064,91.51,7,1531.65,0.4391,4.06,221.95,Defect
1862,2,2025-04-10 14:00:00,344.0,10587.63,85.96,2.0,2.531,95.05,0.0,0.35,5.28,0.029,93.4,2,1288.58,0.3818,4.62,416.9,No Defect
1863,3,2025-04-10 20:00:00,847.0,18929.46,82.53,4.0,4.8133,95.35,17.0,4.51,4.29,0.0644,83.39,3,4311.13,0.1501,7.48,308.38,Defect
1864,4,2025-04-11 02:00:00,796.0,5927.13,96.85,3.0,1.6736,64.34,6.0,0.82,4.69,0.0295,84.83,8,2698.68,0.3578,6.2,355.22,Defect
1865,5,2025-04-11 08:00:00,371.0,6385.41,87.24,0.0,3.5723,77.13,17.0,1.69,4.79,0.0246,95.12,8,3073.02,0.1607,5.75,211.26,Defect
1866,6,2025-04-11 14:00:00,539.0,7441.86,93.21,3.0,4.7332,78.59,18.0,3.03,3.59,0.0155,83.35,9,1706.78,0.3619,6.18,425.65,Defect
1867,1,2025-04-11 20:00:00,847.0,13928.19,89.42,4.0,3.4856,99.1,7.0,4.53,9.42,0.0135,88.32,8,1245.7,0.1571,6.26,349.71,Defect
1868,2,2025-04-12 02:00:00,338.0,7257.08,83.98,5.0,4.4207,87.12,22.0,1.28,3.4,0.0526,85.01,9,2471.1,0.257,7.89,444.94,Defect
1869,3,2025-04-12 08:00:00,476.0,19521.15,92.03,1.0,4.2237,76.29,11.0,3.82,9.06,0.0682,90.9,5,3024.59,0.3266,7.01,163.98,Defect
1870,4,2025-04-12 14:00:00,365.0,11700.72,81.21,4.0,2.1205,61.04,10.0,3.55,5.24,0.0453,99.74,0,4061.72,0.1201,9.62,252.27,Defect
1871,5,2025-04-12 20:00:00,458.0,12522.77,88.27,0.0,3.2006,82.62,8.0,0.8,4.15,0.0124,97.04,7,3004.21,0.1613,9.53,145.21,Defect
1872,6,2025-04-13 02:00:00,439.0,8699.88,90.93,4.0,1.2032,63.84,3.0,2.4,3.59,0.0648,85.39,8,4130.03,0.2282,4.8,186.21,Defect
1873,1,2025-04-13 08:00:00,488.0,12064.4,88.72,1.0,2.9099,93.38,6.0,2.41,6.03,0.0557,87.37,7,1461.73,0.2849,1.32,257.82,No Defect
1874,2,2025-04-13 14:00:00,676.0,14928.7,94.97,3.0,1.5369,90.1,16.0,1.52,7.35,0.0381,98.37,0,1255.85,0.4434,1.1,457.83,Defect
1875,3,2025-04-13 20:00:00,788.0,16267.66,96.56,2.0,3.8468,78.42,10.0,3.9,9.19,0.033,97.97,5,1635.44,0.1749,2.11,322.82,Defect
1876,4,2025-04-14 02:00:00,102.0,16308.02,95.42,3.0,2.8763,77.17,1.0,4.63,7.22,0.0183,83.21,8,4088.05,0.239,1.67,232.15,No Defect
1877,5,2025-04-14 08:00:00,528.0,13668.37,80.78,1.0,2.3505,95.89,22.0,3.58,5.87,0.0146,96.59,8,4037.32,0.2903,4.36,398.76,Defect
1878,6,2025-04-14 14:00:00,241.0,18565.4,83.88,1.0,1.7096,71.54,17.0,4.86,2.27,0.0339,85.95,6,1565.47,0.2183,1.48,107.87,Defect
1879,1,2025-04-14 20:00:00,475.0,17261.12,90.73,0.0,4.9941,69.96,21.0,0.25,9.32,0.0042,90.88,6,1123.95,0.3503,6.62,248.04,Defect
1880,2,2025-04-15 02:00:00,769.0,16355.72,98.7,4.0,0.8227,97.57,11.0,0.19,9.22,0.0437,80.1,3,3741.13,0.2026,2.71,340.33,Defect
1881,3,2025-04-15 08:00:00,423.0,5834.08,96.7,4.0,0.696,92.37,8.0,4.47,5.03,0.0602,99.97,6,4421.13,0.4089,5.63,333.29,No Defect
1882,4,2025-04-15 14:00:00,245.0,5103.17,96.85,3.0,1.4777,92.83,10.0,4.49,2.23,0.0942,95.22,9,4016.43,0.3021,1.93,343.02,No Defect
1883,5,2025-04-15 20:00:00,392.0,8186.71,86.06,2.0,4.8698,67.81,4.0,0.54,7.87,0.0626,84.83,4,1811.2,0.1345,8.45,184.6,Defect
1884,6,2025-04-16 02:00:00,764.0,14952.85,88.59,2.0,4.9066,65.73,6.0,1.79,8.33,0.0624,93.68,9,3335.07,0.3508,8.02,234.83,Defect
1885,1,2025-04-16 08:00:00,531.0,11167.96,89.41,0.0,3.4472,61.04,0.0,4.18,6.34,0.0374,85.87,4,4029.46,0.3277,4.48,472.63,Defect
1886,2,2025-04-16 14:00:00,804.0,11036.09,83.15,1.0,4.4605,69.48,23.0,0.64,5.22,0.0133,81.79,0,2023.31,0.2354,9.2,489.59,Defect
1887,3,2025-04-16 20:00:00,684.0,18268.8,80.62,0.0,1.4628,90.97,4.0,1.34,8.81,0.0447,88.51,1,3110.88,0.1045,2.67,224.82,No Defect
1888,4,2025-04-17 02:00:00,498.0,18433.44,98.94,4.0,4.8742,69.6,5.0,3.4,3.54,0.0599,92.27,8,2257.84,0.1803,8.33,357.8,Defect
1889,5,2025-04-17 08:00:00,916.0,18637.63,84.81,5.0,1.1425,89.16,12.0,4.91,5.52,0.0724,81.8,1,1902.3,0.2623,5.91,196.52,Defect
1890,6,2025-04-17 14:00:00,988.0,9708.17,84.8,5.0,0.9551,70.08,10.0,3.99,2.2,0.0826,90.37,9,4878.36,0.18,3.97,247.41,Defect
1891,1,2025-04-17 20:00:00,443.0,15365.84,81.67,5.0,1.005,75.81,7.0,3.89,3.31,0.0256,90.3,1,4650.33,0.331,1.76,416.93,No Defect
1892,2,2025-04-18 02:00:00,239.0,9074.5,98.57,1.0,3.0791,99.33,19.0,1.71,9.53,0.0241,92.57,8,2782.67,0.3849,2.54,300.47,Defect
1893,3,2025-04-18 08:00:00,286.0,7859.15,91.59,0.0,4.0144,69.79,1.0,3.31,6.62,0.0565,84.89,2,1547.11,0.4424,8.77,439.84,Defect
1894,4,2025-04-18 14:00:00,904.0,7769.49,93.34,3.0,2.15,75.05,14.0,0.57,8.44,0.0566,80.41,1,3911.63,0.3588,6.46,351.5,Defect
1895,5,2025-04-18 20:00:00,160.0,10131.61,98.23,4.0,4.9005,72.04,9.0,4.96,5.89,0.0218,86.5,6,2022.8,0.3756,3.13,351.57,Defect
1896,6,2025-04-19 02:00:00,479.0,11449.36,86.91,5.0,2.4549,64.38,7.0,2.4,8.68,0.0587,87.97,8,1674.07,0.3434,5.46,113.55,Defect
1897,1,2025-04-19 08:00:00,809.0,17464.24,92.43,2.0,1.177,79.6,1.0,3.19,6.31,0.0346,92.71,5,2526.12,0.4942,1.97,399.87,Defect
1898,2,2025-04-19 14:00:00,906.0,6798.37,80.78,0.0,2.5969,75.15,20.0,4.38,2.04,0.0639,98.6,6,3119.4,0.2044,1.89,491.15,Defect
1899,3,2025-04-19 20:00:00,539.0,16023.89,83.74,4.0,3.5557,87.8,14.0,0.0,9.2,0.0291,84.07,2,1389.76,0.2065,9.17,289.21,Defect
1900,4,2025-04-20 02:00:00,418.0,12971.82,96.62,4.0,4.245,92.7,5.0,4.88,3.19,0.0592,93.75,2,3286.99,0.1505,5.12,163.43,Defect
1901,5,2025-04-20 08:00:00,401.0,9319.18,95.34,2.0,2.5645,81.77,4.0,1.8,5.6,0.0768,81.95,7,1061.39,0.2943,4.25,490.79,No Defect
1902,6,2025-04-20 14:00:00,443.0,12392.29,87.01,2.0,3.1712,61.29,21.0,1.7,5.81,0.098,83.81,6,4567.48,0.1385,9.54,216.05,Defect
1903,1,2025-04-20 20:00:00,110.0,9499.13,87.54,2.0,1.7031,84.76,21.0,0.73,2.38,0.0911,90.18,4,4682.97,0.2081,4.59,263.68,Defect
1904,2,2025-04-21 02:00:00,161.0,13941.23,90.67,5.0,3.4066,62.22,2.0,4.29,2.42,0.0504,94.17,5,3932.28,0.2931,4.03,130.95,Defect
1905,3,2025-04-21 08:00:00,944.0,11507.66,80.0,5.0,4.9369,84.65,10.0,4.35,8.1,0.0488,97.17,8,2866.2,0.483,3.46,144.33,Defect
1906,4,2025-04-21 14:00:00,325.0,7466.08,84.82,0.0,0.7207,87.4,10.0,0.1,4.4,0.0438,94.88,2,2019.59,0.4855,6.09,186.63,No Defect
1907,5,2025-04-21 20:00:00,252.0,6748.75,84.16,2.0,4.4894,67.91,15.0,0.28,5.28,0.0028,80.31,2,3976.45,0.3975,6.03,319.39,Defect
1908,6,2025-04-22 02:00:00,810.0,13200.44,85.01,3.0,3.0303,92.77,2.0,4.59,6.51,0.0166,93.68,5,4727.19,0.2557,1.15,323.12,Defect
1909,1,2025-04-22 08:00:00,663.0,18536.2,96.12,4.0,1.6344,96.44,8.0,0.61,4.99,0.0059,96.49,7,1634.13,0.4461,6.89,342.5,No Defect
1910,2,2025-04-22 14:00:00,871.0,10159.37,85.59,2.0,4.797,92.52,2.0,3.1,8.2,0.0696,90.51,4,2863.29,0.4502,8.09,333.53,Defect
1911,3,2025-04-22 20:00:00,670.0,15995.0,83.83,4.0,2.6751,72.2,18.0,3.1,9.08,0.0413,99.31,0,2261.05,0.4641,6.54,298.09,Defect
1912,4,2025-04-23 02:00:00,683.0,14879.92,90.09,1.0,1.9926,83.47,10.0,4.35,2.48,0.0064,80.09,2,2426.97,0.356,8.83,420.84,No Defect
1913,5,2025-04-23 08:00:00,759.0,18973.32,97.31,1.0,1.3167,96.59,13.0,2.86,7.08,0.0691,96.37,7,2623.03,0.1807,3.49,473.56,Defect
1914,6,2025-04-23 14:00:00,960.0,17314.72,84.83,2.0,1.6,72.83,1.0,2.17,4.54,0.0644,86.7,3,4807.19,0.1364,2.73,207.9,Defect
1915,1,2025-04-23 20:00:00,674.0,13499.08,81.57,4.0,4.2478,92.8,6.0,4.87,6.67,0.072,93.01,8,2034.55,0.4659,7.28,152.08,Defect
1916,2,2025-04-24 02:00:00,409.0,14855.46,87.13,1.0,3.2648,60.38,9.0,1.14,5.87,0.06,93.87,5,2970.7,0.1222,2.7,270.03,Defect
1917,3,2025-04-24 08:00:00,984.0,18475.8,94.95,2.0,4.6096,60.15,9.0,1.31,4.67,0.0162,86.12,9,4805.95,0.2184,1.82,110.57,Defect
1918,4,2025-04-24 14:00:00,342.0,10992.78,91.01,4.0,1.5439,90.39,19.0,0.42,2.76,0.0061,99.91,3,2904.23,0.2948,1.87,453.33,Defect
1919,5,2025-04-24 20:00:00,592.0,9901.92,96.34,2.0,1.0451,90.46,0.0,4.88,6.48,0.0817,82.07,3,4454.4,0.1088,7.92,195.88,No Defect
1920,6,2025-04-25 02:00:00,465.0,5162.17,99.19,5.0,0.5274,91.56,5.0,3.53,2.9,0.0216,83.14,9,1235.06,0.4628,1.26,319.72,No Defect
1921,1,2025-04-25 08:00:00,429.0,17398.27,95.85,4.0,2.7854,97.2,20.0,0.06,3.25,0.0543,97.84,4,4812.12,0.2148,3.61,146.04,Defect
1922,2,2025-04-25 14:00:00,206.0,17014.71,92.08,1.0,4.9924,64.72,13.0,3.52,9.86,0.0485,82.38,6,1750.12,0.1114,2.16,321.3,Defect
1923,3,2025-04-25 20:00:00,325.0,6566.82,89.87,2.0,3.6273,69.28,1.0,2.02,4.53,0.0921,87.63,6,4919.74,0.4974,7.79,115.6,Defect
1924,4,2025-04-26 02:00:00,924.0,13652.86,80.8,1.0,1.8878,96.15,5.0,4.84,6.68,0.0552,94.66,9,1702.31,0.2246,5.53,407.52,Defect
1925,5,2025-04-26 08:00:00,317.0,11959.73,99.69,2.0,4.4459,67.09,0.0,1.39,4.18,0.058,95.83,6,2777.46,0.4507,2.85,482.17,Defect
1926,6,2025-04-26 14:00:00,852.0,6780.64,87.67,0.0,4.0178,87.29,2.0,3.55,8.92,0.032,99.09,4,2234.46,0.2814,7.75,222.79,Defect
1927,1,2025-04-26 20:00:00,605.0,19708.52,83.04,1.0,0.5694,81.22,3.0,3.14,4.27,0.0959,95.79,8,2732.93,0.3653,7.75,203.29,No Defect
1928,2,2025-04-27 02:00:00,358.0,8220.44,93.33,1.0,4.1759,63.33,12.0,0.06,4.94,0.0612,96.89,1,2002.1,0.1964,5.71,279.2,Defect
1929,3,2025-04-27 08:00:00,987.0,6008.51,85.69,3.0,1.8524,71.41,2.0,4.43,6.87,0.0005,98.99,7,4861.27,0.3012,3.48,347.99,Defect
1930,4,2025-04-27 14:00:00,873.0,13922.71,91.72,5.0,1.1735,80.81,14.0,0.7,8.96,0.0556,91.07,9,2222.9,0.2031,6.28,175.58,Defect
1931,5,2025-04-27 20:00:00,616.0,16083.0,91.74,1.0,1.5185,94.09,12.0,3.32,8.53,0.0364,86.87,7,3613.1,0.4804,9.4,421.32,Defect
1932,6,2025-04-28 02:00:00,872.0,5486.65,88.91,4.0,2.6086,88.3,21.0,3.88,4.11,0.0032,95.23,2,1549.79,0.1244,1.46,179.41,Defect
1933,1,2025-04-28 08:00:00,153.0,14880.76,96.72,2.0,2.4119,84.88,10.0,3.15,8.64,0.0432,83.27,4,4297.55,0.2099,3.4,102.19,No Defect
1934,2,2025-04-28 14:00:00,146.0,12984.38,85.3,0.0,1.8,79.84,3.0,0.49,7.61,0.0774,81.36,7,3170.03,0.4572,3.56,309.7,No Defect
1935,3,2025-04-28 20:00:00,826.0,6548.98,88.97,4.0,1.275,71.95,16.0,4.88,9.92,0.0504,95.71,9,4917.78,0.292,6.69,146.06,Defect
1936,4,2025-04-29 02:00:00,788.0,7587.86,90.75,4.0,3.93,64.77,4.0,1.18,9.48,0.0639,99.01,8,2693.61,0.34,6.86,379.3,Defect
1937,5,2025-04-29 08:00:00,620.0,13519.61,93.27,4.0,4.9555,76.36,20.0,3.14,6.27,0.064,88.85,6,1781.79,0.3607,2.86,166.99,Defect
1938,6,2025-04-29 14:00:00,198.0,9445.36,95.68,4.0,4.0001,61.14,23.0,3.99,8.0,0.0671,83.22,3,2384.08,0.1284,2.94,426.95,Defect
1939,1,2025-04-29 20:00:00,119.0,19074.74,87.9,0.0,1.8317,68.44,7.0,4.7,6.56,0.0388,89.94,3,3947.86,0.1071,9.35,288.15,Defect
1940,2,2025-04-30 02:00:00,989.0,17281.1,92.92,3.0,1.6016,77.3,20.0,3.02,6.76,0.037,87.87,2,3636.43,0.4751,7.81,326.51,Defect
1941,3,2025-04-30 08:00:00,852.0,19753.51,83.01,5.0,1.4795,76.74,23.0,1.3,2.81,0.0005,87.45,7,4113.39,0.2086,9.41,174.63,Defect
1942,4,2025-04-30 14:00:00,672.0,8895.06,98.65,1.0,1.1151,61.77,9.0,4.18,2.02,0.0154,92.56,5,1293.88,0.2521,8.47,158.68,Defect
1943,5,2025-04-30 20:00:00,990.0,19545.85,87.66,4.0,2.981,83.56,6.0,0.82,2.39,0.0951,83.49,9,3321.48,0.3728,4.62,352.52,Defect
1944,6,2025-05-01 02:00:00,589.0,11468.51,94.59,1.0,3.2243,81.99,16.0,0.11,9.73,0.0842,87.61,5,4728.67,0.1945,2.1,202.18,Defect
1945,1,2025-05-01 08:00:00,518.0,10212.78,80.41,1.0,3.6748,63.12,6.0,4.54,3.01,0.0275,97.37,9,1431.61,0.3932,6.67,254.37,Defect
1946,2,2025-05-01 14:00:00,789.0,5755.24,84.1,4.0,3.561,97.73,23.0,2.88,2.36,0.0401,94.59,9,1377.34,0.2833,4.17,291.78,Defect
1947,3,2025-05-01 20:00:00,949.0,5791.48,89.74,3.0,1.8155,63.98,18.0,0.35,4.48,0.094,81.11,8,3866.42,0.4426,4.83,191.85,Defect
1948,4,2025-05-02 02:00:00,161.0,15380.17,97.57,1.0,1.9864,94.19,8.0,2.9,6.71,0.025,90.28,2,2260.73,0.2114,4.83,418.17,No Defect
1949,5,2025-05-02 08:00:00,244.0,11868.93,90.55,2.0,3.5668,60.01,23.0,0.73,9.59,0.0533,81.83,3,3634.32,0.1815,9.43,475.77,Defect
1950,6,2025-05-02 14:00:00,315.0,8397.82,98.6,1.0,2.0725,95.29,1.0,0.16,7.6,0.0022,99.15,2,3181.54,0.4327,1.62,272.76,No Defect
1951,1,2025-05-02 20:00:00,102.0,14209.55,89.68,5.0,1.4568,60.79,21.0,0.58,4.21,0.062,84.89,2,4944.27,0.2305,2.74,467.02,Defect
1952,2,2025-05-03 02:00:00,259.0,8792.87,89.81,4.0,2.1845,90.31,19.0,3.88,9.51,0.093,98.65,0,4556.23,0.2647,6.47,453.07,Defect
1953,3,2025-05-03 08:00:00,838.0,13664.48,82.39,0.0,1.7244,74.47,18.0,3.78,2.29,0.0885,96.68,9,3712.29,0.4175,8.95,166.42,Defect
1954,4,2025-05-03 14:00:00,880.0,10388.13,96.05,1.0,0.8974,89.53,5.0,3.02,9.83,0.0502,91.03,5,2046.7,0.3542,9.26,169.35,Defect
1955,5,2025-05-03 20:00:00,219.0,17353.28,84.94,3.0,4.2356,76.07,9.0,1.05,2.47,0.065,86.73,8,2047.63,0.2767,6.03,290.96,Defect
1956,6,2025-05-04 02:00:00,992.0,17310.44,97.99,2.0,4.339,62.84,12.0,3.69,8.03,0.057,97.16,4,4528.98,0.2,1.31,310.34,Defect
1957,1,2025-05-04 08:00:00,188.0,12160.26,98.22,2.0,1.4889,90.7,1.0,2.04,2.36,0.0067,83.06,9,3341.36,0.4057,4.27,236.45,No Defect
1958,2,2025-05-04 14:00:00,428.0,10262.29,98.87,0.0,0.7915,62.85,9.0,2.55,9.45,0.0159,83.6,1,4157.13,0.1722,9.27,225.17,Defect
1959,3,2025-05-04 20:00:00,679.0,10438.4,90.4,5.0,3.8247,96.88,9.0,4.49,2.87,0.0964,84.49,9,2799.46,0.4713,5.5,272.55,Defect
1960,4,2025-05-05 02:00:00,456.0,17085.72,93.54,0.0,1.4519,62.04,4.0,2.29,2.4,0.0256,91.95,3,1412.29,0.1601,7.54,376.19,Defect
1961,5,2025-05-05 08:00:00,709.0,9922.69,95.57,5.0,2.2705,79.17,21.0,3.13,9.11,0.0384,86.29,5,2330.75,0.422,3.42,133.76,Defect
1962,6,2025-05-05 14:00:00,366.0,8135.89,82.62,1.0,0.7886,88.92,3.0,4.81,2.77,0.0509,99.78,6,1644.6,0.2697,1.23,384.23,No Defect
1963,1,2025-05-05 20:00:00,716.0,6270.33,92.02,4.0,1.5182,75.73,22.0,2.26,8.38,0.0979,83.9,6,4127.33,0.1744,6.21,470.5,Defect
1964,2,2025-05-06 02:00:00,422.0,12000.4,80.69,3.0,4.0681,68.69,1.0,2.8,7.98,0.069,96.11,3,3802.05,0.261,8.51,405.4,Defect
1965,3,2025-05-06 08:00:00,734.0,12231.98,89.95,2.0,4.1198,90.36,6.0,2.92,6.79,0.063,81.92,9,1353.65,0.1886,9.91,176.67,Defect
1966,4,2025-05-06 14:00:00,640.0,17613.63,83.1,0.0,1.4319,91.37,17.0,1.2,5.02,0.0524,87.07,9,3485.54,0.1544,8.62,134.99,Defect
1967,5,2025-05-06 20:00:00,748.0,8318.58,83.66,3.0,2.0116,96.91,16.0,3.68,9.32,0.0701,84.88,4,4496.54,0.1957,5.99,296.15,Defect
1968,6,2025-05-07 02:00:00,294.0,10714.87,87.3,5.0,1.1041,75.05,10.0,3.63,8.97,0.0664,99.54,3,3789.46,0.447,6.48,482.56,No Defect
1969,1,2025-05-07 08:00:00,837.0,17126.09,88.65,4.0,0.8338,80.25,20.0,1.07,5.41,0.0903,80.51,9,3044.45,0.1424,8.42,427.62,Defect
1970,2,2025-05-07 14:00:00,431.0,17354.35,92.46,2.0,4.9648,74.53,17.0,0.07,3.85,0.0542,94.43,5,2247.45,0.489,1.18,325.09,Defect
1971,3,2025-05-07 20:00:00,269.0,10769.17,81.49,2.0,3.4502,70.28,7.0,4.99,4.18,0.0422,84.95,6,4548.39,0.102,9.56,157.19,Defect
1972,4,2025-05-08 02:00:00,620.0,11886.86,90.07,5.0,2.9394,90.04,11.0,2.91,3.76,0.0807,96.22,1,2691.22,0.3633,5.78,385.53,Defect
1973,5,2025-05-08 08:00:00,562.0,9549.29,83.65,4.0,3.9447,73.59,23.0,0.91,6.33,0.08,86.22,9,4421.57,0.4426,9.57,425.2,Defect
1974,6,2025-05-08 14:00:00,139.0,18988.32,91.48,2.0,4.2803,77.13,0.0,1.42,8.95,0.017,83.75,2,4132.0,0.4736,7.88,474.03,Defect
1975,1,2025-05-08 20:00:00,636.0,6779.66,92.75,4.0,4.1302,76.15,19.0,3.09,8.19,0.0237,93.86,7,4264.91,0.1576,2.37,344.85,Defect
1976,2,2025-05-09 02:00:00,360.0,19006.24,91.13,2.0,0.5744,88.51,20.0,0.69,8.36,0.0959,85.15,6,4959.19,0.3793,2.49,305.79,Defect
1977,3,2025-05-09 08:00:00,494.0,15258.0,94.77,1.0,1.3406,96.71,11.0,0.19,5.59,0.0444,89.71,0,3995.03,0.1429,4.18,347.67,Defect
1978,4,2025-05-09 14:00:00,325.0,12973.58,86.71,5.0,3.4471,86.67,5.0,3.99,4.58,0.052,82.63,3,1136.16,0.241,3.38,477.3,Defect
1979,5,2025-05-09 20:00:00,223.0,5489.89,95.3,4.0,2.1909,78.86,2.0,3.58,8.06,0.031,94.49,4,1821.74,0.3928,4.95,351.25,No Defect
1980,6,2025-05-10 02:00:00,137.0,12133.94,88.66,3.0,4.9212,91.17,4.0,1.55,8.35,0.0481,88.14,2,1140.78,0.2384,6.44,203.04,Defect
1981,1,2025-05-10 08:00:00,427.0,11116.22,89.68,1.0,3.4943,85.64,13.0,0.29,7.56,0.0743,82.81,3,1759.65,0.2253,4.93,354.46,Defect
1982,2,2025-05-10 14:00:00,350.0,7418.28,92.96,3.0,4.8045,62.42,11.0,2.43,2.26,0.0482,94.83,9,1245.76,0.1464,1.51,451.9,Defect
1983,3,2025-05-10 20:00:00,275.0,14846.14,80.37,5.0,1.4065,63.83,12.0,1.38,6.72,0.0315,82.07,9,3006.47,0.1266,9.78,326.8,Defect
1984,4,2025-05-11 02:00:00,701.0,19567.26,93.08,2.0,4.3878,61.52,12.0,1.99,4.78,0.0096,91.5,9,1112.82,0.1461,4.83,301.08,Defect
1985,5,2025-05-11 08:00:00,553.0,13432.83,92.37,3.0,1.9461,78.27,16.0,1.37,3.57,0.0928,92.15,6,2890.32,0.4502,8.66,393.35,Defect
1986,6,2025-05-11 14:00:00,136.0,15721.3,86.2,1.0,4.953,93.03,23.0,0.88,7.56,0.0872,98.61,7,4595.36,0.1045,1.67,364.4,Defect
1987,1,2025-05-11 20:00:00,415.0,6026.76,81.72,4.0,1.2096,72.52,14.0,1.93,4.15,0.0791,83.02,8,3994.3,0.3771,8.29,122.68,Defect
1988,2,2025-05-12 02:00:00,787.0,11265.0,81.82,0.0,2.8235,75.37,5.0,4.82,9.3,0.0694,93.07,1,4775.82,0.4074,2.56,390.12,No Defect
1989,3,2025-05-12 08:00:00,895.0,6745.38,98.46,3.0,4.0678,96.38,11.0,1.33,4.38,0.0516,87.62,3,1906.59,0.3272,7.11,263.02,Defect
1990,4,2025-05-12 14:00:00,692.0,14191.94,93.79,0.0,2.4469,93.48,1.0,1.68,6.44,0.0897,88.02,0,3124.34,0.3923,6.96,476.36,No Defect
1991,5,2025-05-12 20:00:00,213.0,19077.23,82.54,5.0,2.6064,86.6,3.0,1.65,8.62,0.0792,90.04,2,2274.32,0.3609,9.19,488.32,No Defect
1992,6,2025-05-13 02:00:00,139.0,14926.67,87.13,3.0,4.9386,70.67,19.0,2.4,5.22,0.0816,84.68,7,2975.28,0.2822,3.89,279.5,Defect
1993,1,2025-05-13 08:00:00,400.0,6152.05,91.85,3.0,2.4139,64.68,20.0,4.22,8.63,0.031,89.22,6,3228.3,0.2531,1.98,487.52,Defect
1994,2,2025-05-13 14:00:00,323.0,10319.99,96.71,4.0,3.2183,60.64,11.0,2.01,7.79,0.0423,93.74,7,1144.74,0.4765,8.78,224.33,Defect
1995,3,2025-05-13 20:00:00,417.0,13259.95,80.87,2.0,0.7454,64.28,2.0,4.03,9.37,0.0707,89.14,5,1933.02,0.4888,3.98,373.06,Defect
1996,4,2025-05-14 02:00:00,448.0,11048.12,84.73,1.0,4.2899,71.7,16.0,0.58,4.61,0.0371,80.85,4,3819.09,0.3605,3.09,130.02,Defect
1997,5,2025-05-14 08:00:00,214.0,17504.66,97.79,1.0,3.4168,82.07,5.0,4.47,2.84,0.0494,85.16,9,4091.71,0.1789,5.38,158.0,Defect
1998,6,2025-05-14 14:00:00,797.0,17220.07,80.18,1.0,2.3181,62.56,23.0,0.93,5.44,0.0647,87.03,8,3277.81,0.2792,2.32,445.81,Defect
1999,1,2025-05-14 20:00:00,422.0,14177.47,84.03,5.0,0.5728,65.45,16.0,0.2,8.29,0.0438,87.09,4,2083.32,0.2986,3.67,457.51,Defect
2000,2,2025-05-15 02:00:00,667.0,10601.87,99.18,2.0,3.1625,67.24,16.0,0.79,5.6,0.0793,81.62,8,2620.34,0.4032,4.47,313.04,Defect
2001,3,2025-05-15 08:00:00,139.0,8830.05,92.27,0.0,0.557,85.28,10.0,0.95,4.1,0.0116,88.99,3,1384.15,0.3671,3.5,235.91,No Defect
2002,4,2025-05-15 14:00:00,965.0,6588.11,85.23,1.0,0.5054,84.63,22.0,2.54,2.22,0.0718,93.84,4,4812.72,0.3059,5.05,280.41,Defect
2003,5,2025-05-15 20:00:00,139.0,10323.47,81.34,0.0,3.2724,82.03,6.0,2.25,4.5,0.0145,80.97,0,4474.71,0.3721,4.46,447.85,Defect
2004,6,2025-05-16 02:00:00,958.0,11197.59,80.56,2.0,1.3506,70.02,1.0,3.58,7.71,0.0938,95.02,5,1262.41,0.1096,7.97,184.4,Defect
2005,1,2025-05-16 08:00:00,848.0,15137.34,84.89,5.0,1.3635,74.84,18.0,0.25,3.18,0.0314,99.1,2,1665.96,0.4107,9.27,217.95,Defect
2006,2,2025-05-16 14:00:00,388.0,14872.4,97.63,2.0,3.4397,63.87,1.0,2.49,4.73,0.0795,80.19,9,3324.38,0.1847,1.91,414.18,Defect
2007,3,2025-05-16 20:00:00,361.0,6051.62,88.32,4.0,0.7416,69.06,21.0,1.66,2.16,0.0521,83.87,1,1929.72,0.3626,8.41,474.11,Defect
2008,4,2025-05-17 02:00:00,315.0,10928.89,94.41,1.0,1.9103,95.91,12.0,3.15,7.77,0.0091,90.87,5,4737.6,0.1456,9.39,137.17,Defect
2009,5,2025-05-17 08:00:00,246.0,7726.68,98.37,5.0,1.1724,99.19,23.0,0.22,9.05,0.0583,84.36,0,4022.36,0.1458,7.18,421.51,Defect
2010,6,2025-05-17 14:00:00,435.0,7352.19,88.16,4.0,3.1108,85.91,23.0,0.17,6.55,0.0912,95.29,8,2093.17,0.1143,9.97,358.03,Defect
2011,1,2025-05-17 20:00:00,267.0,17409.53,83.83,1.0,3.4779,96.67,15.0,2.14,2.21,0.0157,86.24,4,1024.41,0.4641,4.02,192.31,Defect
2012,2,2025-05-18 02:00:00,191.0,5628.73,90.34,2.0,3.7451,85.71,16.0,4.06,3.74,0.0321,85.87,6,4197.79,0.3418,8.47,402.33,Defect
2013,3,2025-05-18 08:00:00,452.0,11287.74,98.16,2.0,1.6485,61.33,10.0,3.36,5.51,0.0439,80.02,9,2696.36,0.2448,7.06,391.17,Defect
2014,4,2025-05-18 14:00:00,670.0,7523.05,96.09,3.0,0.9016,99.87,8.0,0.08,6.7,0.0275,85.4,8,3569.51,0.4151,3.91,156.81,No Defect
2015,5,2025-05-18 20:00:00,670.0,18189.95,81.32,3.0,0.8541,63.96,23.0,0.89,5.97,0.0944,84.35,8,2147.9,0.3504,7.34,300.9,Defect
2016,6,2025-05-19 02:00:00,915.0,13355.61,93.85,2.0,2.4177,87.31,8.0,1.13,9.33,0.0378,86.86,6,1571.49,0.348,5.59,403.32,Defect
2017,1,2025-05-19 08:00:00,780.0,8470.71,91.44,2.0,4.7563,70.11,13.0,2.12,9.51,0.0658,82.95,3,3701.25,0.2948,2.7,176.62,Defect
2018,2,2025-05-19 14:00:00,880.0,12536.41,98.15,0.0,1.4798,75.68,12.0,2.93,2.86,0.0224,91.89,3,2801.3,0.1032,2.56,285.11,Defect
2019,3,2025-05-19 20:00:00,462.0,15972.3,82.45,0.0,1.6553,85.84,10.0,1.08,3.11,0.022,84.77,6,1940.68,0.2034,7.42,148.3,No Defect
2020,4,2025-05-20 02:00:00,656.0,19371.77,90.68,4.0,0.954,77.46,11.0,1.91,4.86,0.0176,96.64,7,1550.51,0.1436,7.41,222.73,Defect
2021,5,2025-05-20 08:00:00,444.0,8306.69,97.59,3.0,3.2251,70.02,21.0,2.92,5.37,0.0435,85.69,6,3321.92,0.365,5.78,187.18,Defect
2022,6,2025-05-20 14:00:00,792.0,18292.73,88.2,3.0,3.5594,73.38,2.0,1.92,6.69,0.0533,84.22,9,3902.2,0.1994,5.51,302.03,Defect
2023,1,2025-05-20 20:00:00,269.0,19014.56,89.64,2.0,3.3932,73.66,0.0,0.72,8.19,0.0011,81.14,3,2135.55,0.2801,2.62,156.49,Defect
2024,2,2025-05-21 02:00:00,455.0,18746.31,81.41,2.0,4.3751,98.37,7.0,2.46,3.09,0.0833,94.8,3,3940.57,0.2414,4.86,253.26,Defect
2025,3,2025-05-21 08:00:00,290.0,14531.22,85.56,4.0,2.6889,91.94,18.0,1.62,8.42,0.0513,90.16,7,1732.49,0.1573,8.84,210.07,Defect
2026,4,2025-05-21 14:00:00,766.0,14447.31,86.49,5.0,1.1051,78.34,12.0,4.32,6.88,0.0157,82.28,8,2353.66,0.4833,8.69,398.42,Defect
2027,5,2025-05-21 20:00:00,521.0,11048.16,98.9,5.0,1.8023,67.99,6.0,3.88,9.85,0.0067,84.43,6,3979.53,0.4734,6.95,379.87,Defect
2028,6,2025-05-22 02:00:00,799.0,16285.97,85.65,5.0,3.4809,92.44,12.0,0.95,7.21,0.0063,99.97,2,3640.57,0.1338,9.98,137.97,Defect
2029,1,2025-05-22 08:00:00,106.0,12969.41,89.22,3.0,3.259,66.29,5.0,0.76,7.73,0.0258,96.12,9,2082.09,0.4309,9.04,481.39,Defect
2030,2,2025-05-22 14:00:00,232.0,15161.57,93.43,0.0,2.8895,68.42,2.0,1.74,3.56,0.0499,87.0,0,1488.54,0.2953,2.31,397.87,Defect
2031,3,2025-05-22 20:00:00,846.0,11426.87,83.24,5.0,3.5733,74.64,5.0,2.06,8.15,0.086,90.85,4,1169.89,0.4095,4.59,346.38,Defect
2032,4,2025-05-23 02:00:00,656.0,15972.45,89.73,1.0,3.3683,95.21,2.0,4.66,2.63,0.0903,88.32,5,4351.66,0.1605,2.19,291.08,Defect
2033,5,2025-05-23 08:00:00,925.0,17367.07,94.77,4.0,4.466,65.27,12.0,1.51,7.25,0.0832,80.73,8,1300.57,0.1529,5.19,171.17,Defect
2034,6,2025-05-23 14:00:00,860.0,7196.54,97.34,5.0,3.1371,64.89,12.0,4.34,2.44,0.0329,95.57,4,1459.38,0.4563,7.99,484.81,Defect
2035,1,2025-05-23 20:00:00,130.0,17493.95,92.53,1.0,4.0037,79.76,12.0,2.53,2.92,0.0307,94.34,0,1950.84,0.4591,2.4,103.14,Defect
2036,2,2025-05-24 02:00:00,634.0,13104.45,93.38,5.0,1.6192,71.06,0.0,4.43,2.86,0.0987,88.18,3,2782.68,0.2864,8.92,376.99,Defect
2037,3,2025-05-24 08:00:00,525.0,17669.99,82.53,0.0,3.5518,82.75,7.0,3.51,2.42,0.0681,96.92,1,4159.15,0.4481,6.12,302.98,Defect
2038,4,2025-05-24 14:00:00,493.0,11469.53,98.92,0.0,4.5599,78.07,4.0,3.54,4.57,0.0305,90.69,3,1989.92,0.367,7.74,461.03,Defect
2039,5,2025-05-24 20:00:00,771.0,10685.61,82.65,5.0,2.2358,77.4,19.0,2.59,9.95,0.0329,81.3,6,3174.03,0.174,1.41,252.28,Defect
2040,6,2025-05-25 02:00:00,462.0,18725.91,95.49,1.0,4.006,64.48,16.0,4.2,4.79,0.0435,85.19,8,1361.49,0.2316,1.84,307.46,Defect
2041,1,2025-05-25 08:00:00,536.0,8767.54,85.3,4.0,3.7616,65.64,8.0,1.27,8.09,0.0622,89.24,2,2858.04,0.1544,6.59,396.94,Defect
2042,2,2025-05-25 14:00:00,769.0,17663.18,98.67,1.0,0.7679,92.84,12.0,4.54,3.06,0.0898,82.07,2,1710.56,0.4096,8.54,119.03,Defect
2043,3,2025-05-25 20:00:00,650.0,12260.31,94.4,4.0,3.1168,95.44,12.0,3.18,5.64,0.0198,91.42,3,1844.77,0.4941,8.86,121.79,Defect
2044,4,2025-05-26 02:00:00,181.0,12711.43,95.08,5.0,1.0859,69.39,4.0,2.19,3.48,0.0084,82.41,6,2467.31,0.3186,7.2,184.67,Defect
2045,5,2025-05-26 08:00:00,455.0,9627.02,84.38,4.0,4.8529,64.54,13.0,4.91,3.54,0.0406,84.01,5,4045.39,0.3623,2.81,158.57,Defect
2046,6,2025-05-26 14:00:00,357.0,13595.63,88.86,2.0,4.1513,62.14,10.0,4.31,2.8,0.0245,97.88,4,3975.95,0.3984,2.76,102.58,Defect
2047,1,2025-05-26 20:00:00,817.0,9878.17,92.36,3.0,0.9938,84.33,13.0,3.86,5.46,0.0576,100.0,3,2659.89,0.1897,8.93,349.2,Defect
2048,2,2025-05-27 02:00:00,688.0,5589.04,95.4,3.0,1.0479,88.61,6.0,1.37,2.6,0.0699,91.01,7,1474.68,0.2344,2.02,418.38,No Defect
2049,3,2025-05-27 08:00:00,623.0,9079.98,82.08,0.0,3.1751,74.91,23.0,4.87,9.28,0.0311,92.39,3,2122.77,0.2649,7.17,482.85,Defect
2050,4,2025-05-27 14:00:00,394.0,5095.69,99.25,2.0,2.052,87.19,16.0,3.71,5.58,0.0685,95.95,2,3021.42,0.3378,5.8,276.36,Defect
2051,5,2025-05-27 20:00:00,323.0,19675.32,97.8,3.0,0.6571,88.52,3.0,3.03,8.71,0.0343,93.92,6,4477.65,0.4402,4.79,211.89,No Defect
2052,6,2025-05-28 02:00:00,624.0,19486.21,85.41,5.0,2.9374,97.41,9.0,4.61,9.84,0.0635,83.65,1,4873.02,0.2017,4.96,445.56,No Defect
2053,1,2025-05-28 08:00:00,145.0,10927.33,96.46,4.0,2.2453,62.59,9.0,0.81,7.42,0.0633,88.23,3,3549.88,0.2884,9.51,437.76,Defect
2054,2,2025-05-28 14:00:00,766.0,15925.56,90.37,4.0,0.9548,67.69,14.0,0.7,9.21,0.0278,90.7,7,2402.75,0.4006,8.75,349.94,Defect
2055,3,2025-05-28 20:00:00,212.0,10187.09,89.24,1.0,4.1086,62.74,19.0,2.82,3.08,0.0636,87.19,3,3773.81,0.135,8.78,209.26,Defect
2056,4,2025-05-29 02:00:00,332.0,15066.4,86.29,1.0,4.6178,94.72,11.0,0.28,8.64,0.0381,83.52,9,2344.92,0.3052,4.66,463.41,Defect
2057,5,2025-05-29 08:00:00,116.0,17081.45,91.62,4.0,3.9047,91.7,8.0,3.32,4.17,0.0336,94.72,6,3501.89,0.1578,1.96,171.36,Defect
2058,6,2025-05-29 14:00:00,459.0,19201.34,94.6,5.0,4.2009,82.99,2.0,1.2,5.78,0.0289,83.98,1,1975.07,0.3157,9.98,117.46,Defect
2059,1,2025-05-29 20:00:00,322.0,11003.18,88.22,4.0,1.4742,63.35,14.0,0.6,7.17,0.0346,85.21,4,2067.95,0.4071,2.31,418.65,Defect
2060,2,2025-05-30 02:00:00,965.0,16749.47,92.58,1.0,1.6861,70.93,11.0,2.05,9.23,0.0787,85.73,3,1300.9,0.1948,5.64,325.46,Defect
2061,3,2025-05-30 08:00:00,799.0,8988.93,93.99,3.0,1.4384,71.91,14.0,2.33,9.29,0.0245,83.24,8,2680.56,0.4398,3.38,198.59,Defect
2062,4,2025-05-30 14:00:00,547.0,19854.98,94.22,0.0,3.9428,82.43,0.0,0.85,2.74,0.0682,96.99,6,3472.7,0.2339,5.6,368.36,Defect
2063,5,2025-05-30 20:00:00,955.0,5386.54,81.04,1.0,4.7656,70.32,14.0,0.21,4.92,0.0901,92.21,8,4155.18,0.1763,3.74,406.69,Defect
2064,6,2025-05-31 02:00:00,464.0,14052.93,97.19,5.0,3.7258,62.92,10.0,2.07,8.35,0.035,96.69,9,4241.39,0.2861,9.07,437.82,Defect
2065,1,2025-05-31 08:00:00,774.0,14892.59,89.17,3.0,4.4666,89.23,4.0,3.8,7.63,0.003,89.87,6,4969.78,0.4504,9.72,212.85,Defect
2066,2,2025-05-31 14:00:00,425.0,15320.68,85.25,3.0,3.3741,71.96,6.0,4.37,2.21,0.0025,90.39,1,1351.02,0.1276,4.69,110.23,Defect
2067,3,2025-05-31 20:00:00,566.0,6805.81,84.84,3.0,2.2445,78.09,11.0,0.49,5.6,0.014,92.32,1,2972.55,0.231,1.63,304.02,Defect
2068,4,2025-06-01 02:00:00,513.0,19077.95,89.66,2.0,2.4159,65.11,19.0,2.62,8.63,0.011,87.42,1,3085.5,0.3613,6.97,442.43,Defect
2069,5,2025-06-01 08:00:00,554.0,7717.75,97.74,2.0,0.8389,92.1,5.0,1.32,7.9,0.0748,89.93,4,4218.13,0.243,4.39,183.13,No Defect
2070,6,2025-06-01 14:00:00,685.0,14341.3,87.57,3.0,0.6416,82.62,21.0,1.87,5.29,0.0295,90.94,0,2065.43,0.1283,9.87,268.45,Defect
2071,1,2025-06-01 20:00:00,332.0,8340.14,94.99,5.0,3.6296,96.06,2.0,4.67,7.88,0.0653,99.07,6,1277.49,0.2328,1.8,202.57,Defect
2072,2,2025-06-02 02:00:00,323.0,9608.25,81.94,4.0,2.4729,79.82,9.0,1.76,6.41,0.0042,97.66,1,2255.04,0.4284,2.07,105.35,No Defect
2073,3,2025-06-02 08:00:00,930.0,13196.88,89.52,5.0,2.985,97.66,20.0,1.83,9.3,0.0296,82.58,3,4935.71,0.4872,7.29,459.41,Defect
2074,4,2025-06-02 14:00:00,511.0,11257.9,99.83,2.0,3.0095,95.67,21.0,1.05,6.7,0.0234,80.83,8,4597.76,0.1159,7.83,154.02,Defect
2075,5,2025-06-02 20:00:00,671.0,7403.38,95.41,1.0,1.7482,83.06,3.0,4.8,5.21,0.0277,93.61,7,2580.99,0.3277,5.24,406.71,No Defect
2076,6,2025-06-03 02:00:00,434.0,7564.05,84.21,2.0,2.6415,97.36,12.0,2.28,8.9,0.0191,80.98,9,4505.09,0.1421,3.5,238.64,Defect
2077,1,2025-06-03 08:00:00,321.0,11272.17,90.03,4.0,2.6184,72.92,18.0,2.85,2.4,0.0618,81.21,1,1131.02,0.3722,3.79,211.07,Defect
2078,2,2025-06-03 14:00:00,136.0,16359.24,84.67,0.0,2.2479,74.63,4.0,2.27,9.2,0.0663,83.19,3,2256.82,0.1032,4.04,476.41,Defect
2079,3,2025-06-03 20:00:00,377.0,18469.47,88.19,2.0,4.193,61.82,22.0,1.26,7.57,0.0148,87.03,3,3907.25,0.1059,3.03,362.88,Defect
2080,4,2025-06-04 02:00:00,295.0,6261.91,95.6,5.0,2.5302,83.57,21.0,4.05,9.52,0.0741,88.7,1,1885.81,0.4108,8.66,374.77,Defect
2081,5,2025-06-04 08:00:00,963.0,10896.56,95.42,5.0,3.2164,88.88,17.0,0.14,4.0,0.025,90.39,1,1793.56,0.1298,1.59,403.86,Defect
2082,6,2025-06-04 14:00:00,583.0,6503.68,84.56,3.0,4.5298,90.94,0.0,3.45,7.56,0.0283,99.85,4,4447.23,0.2221,4.67,236.37,Defect
2083,1,2025-06-04 20:00:00,341.0,5248.89,98.44,3.0,4.3981,65.99,20.0,2.97,8.48,0.0829,87.7,3,3463.82,0.4832,7.73,325.47,Defect
2084,2,2025-06-05 02:00:00,423.0,14925.78,91.85,3.0,4.5069,77.77,20.0,0.72,7.62,0.0901,84.86,7,4956.09,0.4941,1.03,208.09,Defect
2085,3,2025-06-05 08:00:00,830.0,14036.74,87.6,0.0,1.715,67.07,15.0,0.83,3.68,0.0825,91.51,3,1538.68,0.1646,8.9,433.82,Defect
2086,4,2025-06-05 14:00:00,291.0,7445.29,90.04,4.0,0.6574,86.49,15.0,3.3,4.2,0.0148,84.3,7,2424.51,0.3244,7.36,339.72,Defect
2087,5,2025-06-05 20:00:00,116.0,8507.19,92.1,1.0,1.6748,66.32,15.0,1.56,6.53,0.0999,98.81,4,2244.85,0.3237,1.66,197.36,Defect
2088,6,2025-06-06 02:00:00,623.0,5355.62,91.2,5.0,1.7542,96.17,21.0,1.33,5.57,0.0672,85.19,0,4520.53,0.281,9.05,459.9,Defect
2089,1,2025-06-06 08:00:00,500.0,17524.21,89.73,5.0,4.5921,69.23,18.0,0.3,7.88,0.0511,99.8,8,2021.19,0.4699,5.39,332.34,Defect
2090,2,2025-06-06 14:00:00,985.0,19620.36,90.1,4.0,3.4216,71.66,15.0,3.83,5.03,0.0955,88.37,7,2413.84,0.4016,6.87,298.01,Defect
2091,3,2025-06-06 20:00:00,804.0,7031.89,83.53,0.0,0.8677,94.04,0.0,4.41,8.88,0.0817,96.25,0,1571.34,0.4058,8.94,113.8,Defect
2092,4,2025-06-07 02:00:00,121.0,8472.13,96.25,3.0,1.1092,78.34,19.0,4.1,5.46,0.0692,92.97,2,4101.6,0.2078,8.93,463.92,Defect
2093,5,2025-06-07 08:00:00,573.0,18026.14,90.84,4.0,1.2005,60.96,19.0,2.33,2.32,0.0838,98.67,2,1950.81,0.2737,4.68,480.91,Defect
2094,6,2025-06-07 14:00:00,219.0,18896.96,82.62,1.0,3.3369,79.78,9.0,2.67,2.14,0.0385,92.51,4,1273.28,0.295,3.14,325.04,Defect
2095,1,2025-06-07 20:00:00,309.0,11294.41,95.32,3.0,3.8094,63.38,1.0,1.21,7.17,0.0684,91.62,6,2740.43,0.2196,3.32,277.01,Defect
2096,2,2025-06-08 02:00:00,405.0,5759.34,98.65,1.0,4.3684,99.41,13.0,0.86,6.32,0.0191,93.06,0,2565.83,0.1379,7.89,243.83,Defect
2097,3,2025-06-08 08:00:00,369.0,5590.88,98.95,2.0,4.7329,83.52,7.0,4.12,6.34,0.0988,95.73,0,1710.44,0.1505,9.36,207.22,Defect
2098,4,2025-06-08 14:00:00,803.0,13609.25,87.38,1.0,1.4077,70.26,5.0,3.99,8.32,0.0589,97.98,9,1534.39,0.1723,1.65,329.81,Defect
2099,5,2025-06-08 20:00:00,786.0,10893.43,82.71,3.0,1.894,82.55,2.0,3.89,5.01,0.0814,85.34,5,4586.23,0.1815,1.14,151.24,No Defect
2100,6,2025-06-09 02:00:00,384.0,5429.79,90.37,2.0,1.5815,63.07,15.0,2.32,9.96,0.0407,84.02,4,1271.38,0.1969,8.41,467.67,Defect
2101,1,2025-06-09 08:00:00,815.0,13748.79,82.25,3.0,2.1144,92.0,16.0,4.32,9.56,0.0759,80.69,2,1397.24,0.2022,4.48,170.38,Defect
2102,2,2025-06-09 14:00:00,775.0,5169.54,98.68,5.0,4.616,97.01,11.0,4.63,2.1,0.0387,87.4,2,1980.19,0.2823,3.49,398.21,Defect
2103,3,2025-06-09 20:00:00,862.0,16810.58,83.67,3.0,3.088,94.98,18.0,1.64,9.17,0.059,96.92,3,4811.36,0.3038,2.7,222.76,Defect
2104,4,2025-06-10 02:00:00,326.0,9596.49,85.06,2.0,3.8219,73.67,23.0,1.12,7.44,0.0778,81.4,9,1341.54,0.2236,4.12,190.43,Defect
2105,5,2025-06-10 08:00:00,480.0,5603.87,88.13,1.0,2.7055,73.03,19.0,2.32,6.02,0.0116,90.77,1,4264.06,0.4629,9.74,323.15,Defect
2106,6,2025-06-10 14:00:00,559.0,13825.28,87.66,5.0,0.6299,61.4,2.0,0.9,6.66,0.0357,93.9,8,4568.21,0.3213,9.79,406.05,Defect
2107,1,2025-06-10 20:00:00,106.0,10965.27,95.89,0.0,0.7889,86.06,12.0,4.42,8.73,0.0545,96.74,3,2511.47,0.415,3.98,390.69,Defect
2108,2,2025-06-11 02:00:00,128.0,19607.01,89.13,0.0,2.9207,81.4,15.0,1.69,9.61,0.0334,91.67,9,2175.58,0.4697,9.67,193.5,Defect
2109,3,2025-06-11 08:00:00,132.0,13162.98,83.42,0.0,3.7346,78.37,10.0,2.88,6.48,0.0309,83.73,2,3709.51,0.1653,3.7,232.2,Defect
2110,4,2025-06-11 14:00:00,745.0,9128.59,85.34,0.0,1.469,96.31,19.0,2.97,3.45,0.0282,99.29,9,3810.54,0.2711,8.69,447.53,Defect
2111,5,2025-06-11 20:00:00,978.0,15641.58,90.18,4.0,3.7486,66.72,15.0,2.57,7.12,0.0228,81.89,6,4119.91,0.2733,2.91,389.3,Defect
2112,6,2025-06-12 02:00:00,178.0,9072.38,82.95,0.0,4.148,60.39,19.0,0.78,2.61,0.0849,95.38,8,4322.27,0.2418,8.44,385.08,Defect
2113,1,2025-06-12 08:00:00,558.0,18563.65,92.23,2.0,2.3535,62.93,1.0,4.96,7.08,0.0924,81.73,1,2073.58,0.1036,4.18,207.56,Defect
2114,2,2025-06-12 14:00:00,669.0,10620.83,91.31,0.0,3.8589,68.93,3.0,0.86,8.47,0.07,82.87,5,3747.85,0.4264,2.76,416.8,Defect
2115,3,2025-06-12 20:00:00,637.0,13248.03,94.29,3.0,2.3181,61.33,3.0,3.76,4.83,0.003,97.96,4,1539.62,0.1446,9.41,243.37,Defect
2116,4,2025-06-13 02:00:00,581.0,5758.6,98.75,0.0,3.5526,80.11,16.0,3.96,2.57,0.0786,95.06,0,3042.93,0.4982,2.93,260.56,Defect
2117,5,2025-06-13 08:00:00,529.0,11391.82,98.25,1.0,3.938,72.56,0.0,0.73,7.54,0.0532,87.31,6,3451.55,0.4092,9.93,215.02,Defect
2118,6,2025-06-13 14:00:00,837.0,17485.45,98.92,2.0,4.9637,67.22,0.0,4.67,4.71,0.0758,92.77,0,1646.93,0.332,1.98,148.56,Defect
2119,1,2025-06-13 20:00:00,384.0,17084.73,84.89,2.0,2.0543,90.0,4.0,2.44,3.99,0.0437,89.14,9,1306.03,0.1618,1.09,268.16,No Defect
2120,2,2025-06-14 02:00:00,615.0,8364.78,82.63,5.0,2.3497,68.18,21.0,3.14,7.51,0.0041,81.33,8,1778.99,0.3062,8.84,106.78,Defect
2121,3,2025-06-14 08:00:00,198.0,8391.19,86.05,4.0,1.2453,87.5,11.0,3.21,9.76,0.0682,94.42,3,2682.35,0.2044,6.28,282.36,Defect
2122,4,2025-06-14 14:00:00,496.0,17259.58,97.9,3.0,1.4183,73.97,5.0,2.52,7.96,0.0444,95.27,7,4551.36,0.2009,4.79,390.0,Defect
2123,5,2025-06-14 20:00:00,588.0,18955.98,99.44,2.0,3.6203,80.47,5.0,0.71,5.93,0.0874,97.65,0,3127.66,0.4318,1.74,484.3,Defect
2124,6,2025-06-15 02:00:00,138.0,6430.41,97.19,1.0,4.6267,97.35,16.0,3.76,6.8,0.0738,90.81,4,3993.97,0.2523,6.17,131.45,Defect
2125,1,2025-06-15 08:00:00,370.0,11750.88,82.2,0.0,2.2757,61.49,21.0,2.91,3.14,0.036,93.46,2,1696.58,0.2803,4.54,212.52,Defect
2126,2,2025-06-15 14:00:00,986.0,10061.81,98.95,2.0,1.3093,80.01,12.0,0.59,8.51,0.0724,88.76,3,1423.91,0.4372,5.35,297.65,Defect
2127,3,2025-06-15 20:00:00,896.0,18060.33,88.47,1.0,1.7829,94.18,7.0,3.5,6.83,0.0495,86.38,3,1958.47,0.1351,6.67,168.16,Defect
2128,4,2025-06-16 02:00:00,256.0,6252.87,80.19,0.0,2.5477,83.52,23.0,3.51,9.73,0.0199,88.23,7,2255.52,0.3378,6.76,146.73,Defect
2129,5,2025-06-16 08:00:00,174.0,8166.89,88.85,4.0,1.8079,71.07,11.0,2.74,9.84,0.042,98.24,9,3192.41,0.3313,9.65,280.93,Defect
2130,6,2025-06-16 14:00:00,983.0,16287.03,80.92,2.0,1.5511,75.91,14.0,0.45,4.84,0.0223,83.28,9,4524.97,0.2701,6.9,332.29,Defect
2131,1,2025-06-16 20:00:00,899.0,5769.41,90.88,2.0,3.8119,87.21,18.0,1.76,9.91,0.0005,84.97,2,2704.37,0.4319,4.05,428.08,Defect
2132,2,2025-06-17 02:00:00,229.0,12388.03,86.77,1.0,0.5353,95.63,20.0,0.25,9.65,0.0247,92.12,0,3075.19,0.4772,3.97,499.12,Defect
2133,3,2025-06-17 08:00:00,786.0,11631.61,89.47,5.0,2.9265,61.64,19.0,2.39,7.12,0.021,82.33,4,1018.45,0.2861,5.29,409.71,Defect
2134,4,2025-06-17 14:00:00,183.0,10016.02,92.26,3.0,4.072,62.86,16.0,4.53,4.67,0.0004,97.84,1,1133.25,0.2825,3.33,188.54,Defect
2135,5,2025-06-17 20:00:00,121.0,10918.58,97.38,4.0,1.698,73.0,8.0,0.01,8.03,0.0784,80.94,5,1335.08,0.3008,4.39,399.19,Defect
2136,6,2025-06-18 02:00:00,558.0,12949.11,93.24,3.0,3.2148,69.31,20.0,1.33,4.17,0.0077,95.11,3,3795.98,0.3892,8.58,314.86,Defect
2137,1,2025-06-18 08:00:00,638.0,7420.51,88.68,2.0,3.5101,70.6,17.0,4.0,7.04,0.0449,87.47,8,2944.77,0.3672,8.74,280.32,Defect
2138,2,2025-06-18 14:00:00,806.0,13579.94,96.39,3.0,3.4476,68.85,1.0,0.05,2.2,0.0418,81.02,6,1771.84,0.1891,6.65,474.29,Defect
2139,3,2025-06-18 20:00:00,948.0,17081.48,98.11,0.0,2.5063,67.83,10.0,0.05,7.03,0.0181,96.86,1,3370.4,0.1256,6.25,380.84,Defect
2140,4,2025-06-19 02:00:00,481.0,16402.41,82.4,4.0,2.0596,65.22,22.0,3.05,9.61,0.0967,92.81,6,3178.45,0.4797,4.84,372.68,Defect
2141,5,2025-06-19 08:00:00,847.0,7308.5,90.64,3.0,4.2617,97.36,19.0,3.95,3.88,0.0604,80.18,9,1355.2,0.2044,6.72,104.7,Defect
2142,6,2025-06-19 14:00:00,539.0,7238.74,85.69,0.0,3.913,65.77,16.0,3.88,8.23,0.0814,85.35,7,3561.65,0.3554,8.25,446.03,Defect
2143,1,2025-06-19 20:00:00,703.0,9022.62,80.94,1.0,1.9456,68.18,20.0,3.9,4.35,0.0496,87.04,2,4068.62,0.4314,7.64,417.32,Defect
2144,2,2025-06-20 02:00:00,120.0,10416.12,93.37,3.0,0.9636,69.85,17.0,1.81,7.66,0.0723,86.45,2,2146.22,0.2201,1.32,219.58,Defect
2145,3,2025-06-20 08:00:00,402.0,11126.83,97.26,4.0,0.8231,97.32,14.0,4.41,7.6,0.097,89.97,1,3749.96,0.3542,7.58,216.85,Defect
2146,4,2025-06-20 14:00:00,968.0,15195.46,83.26,0.0,0.9242,90.23,6.0,0.06,3.48,0.0348,90.54,0,1798.88,0.1432,7.48,121.39,Defect
2147,5,2025-06-20 20:00:00,183.0,5850.21,96.25,3.0,3.1229,91.59,15.0,1.56,6.78,0.0504,87.94,2,4026.92,0.488,1.89,120.34,Defect
2148,6,2025-06-21 02:00:00,873.0,5520.09,97.07,1.0,0.7325,64.19,0.0,1.69,8.87,0.0515,86.64,9,4647.1,0.1233,2.35,367.44,Defect
2149,1,2025-06-21 08:00:00,758.0,10878.66,98.29,3.0,2.0162,93.45,17.0,0.83,5.06,0.0992,90.09,6,2767.47,0.2753,8.09,174.5,Defect
2150,2,2025-06-21 14:00:00,552.0,15457.46,85.31,0.0,3.8894,76.33,21.0,1.68,7.68,0.0233,80.67,8,1978.49,0.3147,6.03,469.42,Defect
2151,3,2025-06-21 20:00:00,486.0,7901.53,98.08,3.0,1.8246,70.51,7.0,2.93,7.4,0.0675,92.9,8,2596.71,0.4162,8.39,436.96,Defect
2152,4,2025-06-22 02:00:00,606.0,14622.57,86.41,4.0,3.9349,83.03,6.0,2.6,4.06,0.0138,92.12,5,2000.31,0.1485,2.66,239.55,Defect
2153,5,2025-06-22 08:00:00,356.0,8897.42,91.05,2.0,3.8546,92.89,1.0,1.6,9.35,0.0927,85.58,5,1004.96,0.2763,1.28,252.03,Defect
2154,6,2025-06-22 14:00:00,669.0,18291.29,81.01,0.0,1.6062,91.15,11.0,3.75,6.51,0.059,83.59,4,3601.83,0.2199,2.46,230.91,Defect
2155,1,2025-06-22 20:00:00,991.0,18435.35,80.88,0.0,3.7797,95.6,15.0,3.57,4.84,0.0859,81.46,1,1170.11,0.2248,5.07,136.96,Defect
2156,2,2025-06-23 02:00:00,626.0,9459.31,94.41,0.0,3.865,97.13,8.0,1.4,3.31,0.0895,91.75,6,1841.56,0.4115,5.71,112.57,Defect
2157,3,2025-06-23 08:00:00,261.0,8449.91,88.89,0.0,2.2885,69.52,19.0,1.62,5.79,0.0557,91.38,0,3889.8,0.1022,8.72,280.85,Defect
2158,4,2025-06-23 14:00:00,262.0,11169.56,85.13,3.0,1.4469,76.95,10.0,1.44,7.84,0.0682,90.67,5,3662.9,0.3996,7.45,477.22,No Defect
2159,5,2025-06-23 20:00:00,931.0,8607.97,83.81,4.0,2.8457,60.59,14.0,0.64,6.99,0.0699,99.71,3,1293.32,0.4242,9.91,466.9,Defect
2160,6,2025-06-24 02:00:00,892.0,15085.76,93.4,1.0,4.6463,95.17,2.0,3.76,7.82,0.046,90.63,2,3640.22,0.4605,1.71,423.94,Defect
2161,1,2025-06-24 08:00:00,891.0,17390.97,80.01,4.0,3.3783,66.18,22.0,0.23,8.33,0.0435,94.44,0,4722.3,0.3508,2.17,351.44,Defect
2162,2,2025-06-24 14:00:00,623.0,15096.38,96.12,0.0,1.2782,94.46,20.0,0.75,5.53,0.0186,82.26,5,1298.01,0.2334,1.76,442.49,Defect
2163,3,2025-06-24 20:00:00,885.0,17365.26,81.58,5.0,3.5724,73.18,12.0,0.53,6.16,0.0384,85.98,6,2662.75,0.2709,5.85,306.03,Defect
2164,4,2025-06-25 02:00:00,370.0,10954.88,83.83,3.0,2.4224,74.73,20.0,4.13,9.89,0.0991,85.51,0,3917.74,0.4879,3.4,172.06,Defect
2165,5,2025-06-25 08:00:00,591.0,7344.75,87.72,5.0,3.1619,61.57,12.0,0.22,9.74,0.027,91.52,0,3670.89,0.4525,7.15,373.67,Defect
2166,6,2025-06-25 14:00:00,307.0,16069.26,89.7,3.0,3.8033,73.08,1.0,3.32,5.32,0.0762,86.62,6,1906.04,0.2854,2.19,468.26,Defect
2167,1,2025-06-25 20:00:00,638.0,10407.12,87.1,0.0,2.8173,95.53,5.0,0.22,7.48,0.0059,92.82,5,1652.27,0.4772,1.93,107.84,No Defect
2168,2,2025-06-26 02:00:00,683.0,15069.06,86.41,3.0,4.1629,61.02,5.0,3.93,4.14,0.0467,93.8,6,4136.99,0.4292,5.14,200.58,Defect
2169,3,2025-06-26 08:00:00,159.0,9059.66,99.28,0.0,3.7497,76.25,11.0,4.56,3.22,0.0058,80.67,7,4824.98,0.4604,4.38,206.18,Defect
2170,4,2025-06-26 14:00:00,529.0,6218.44,92.83,4.0,3.2678,61.26,3.0,2.43,8.15,0.0476,92.8,7,4070.33,0.3732,8.46,139.62,Defect
2171,5,2025-06-26 20:00:00,756.0,19888.73,80.47,2.0,1.1786,74.84,4.0,4.02,5.49,0.0028,82.34,8,4852.82,0.4431,8.54,190.2,Defect
2172,6,2025-06-27 02:00:00,704.0,7343.02,88.6,3.0,4.2618,66.91,22.0,3.53,3.42,0.0613,89.3,8,3419.98,0.4567,2.06,253.59,Defect
2173,1,2025-06-27 08:00:00,408.0,19826.31,97.5,0.0,4.7116,70.09,7.0,3.98,8.07,0.0587,94.53,6,4716.4,0.1368,8.31,475.93,Defect
2174,2,2025-06-27 14:00:00,619.0,19659.2,86.03,5.0,1.1163,95.1,5.0,3.83,9.32,0.0798,94.07,8,3761.74,0.4861,6.08,444.11,No Defect
2175,3,2025-06-27 20:00:00,690.0,16907.27,81.89,0.0,2.6971,77.44,20.0,1.03,9.47,0.0583,86.0,5,4635.54,0.2334,5.53,478.4,Defect
2176,4,2025-06-28 02:00:00,126.0,14891.34,95.17,5.0,1.665,70.95,2.0,2.5,6.77,0.0926,85.45,8,1646.36,0.276,1.85,148.23,Defect
2177,5,2025-06-28 08:00:00,785.0,13667.11,92.12,3.0,3.8954,83.57,22.0,4.8,5.84,0.0783,88.8,1,4262.26,0.4168,7.66,111.22,Defect
2178,6,2025-06-28 14:00:00,661.0,17991.52,91.41,1.0,3.7473,65.68,7.0,1.72,3.13,0.0133,83.77,1,1786.98,0.366,1.54,143.95,Defect
2179,1,2025-06-28 20:00:00,298.0,9341.59,81.07,5.0,1.134,70.38,18.0,4.85,8.34,0.0265,99.49,5,1109.72,0.4572,3.5,465.72,Defect
2180,2,2025-06-29 02:00:00,486.0,12015.22,82.81,0.0,4.4466,81.85,20.0,2.92,9.56,0.0026,86.9,2,3070.34,0.2602,1.86,163.0,Defect
2181,3,2025-06-29 08:00:00,448.0,14290.85,92.45,3.0,1.3144,69.5,10.0,2.31,9.12,0.0386,98.46,1,2273.01,0.2493,5.78,329.05,Defect
2182,4,2025-06-29 14:00:00,792.0,11167.86,84.16,0.0,4.0877,87.17,17.0,3.29,8.01,0.051,98.17,7,1174.13,0.1127,6.81,191.03,Defect
2183,5,2025-06-29 20:00:00,635.0,11412.3,90.08,1.0,2.5564,79.66,9.0,4.08,2.04,0.0946,87.3,6,4921.22,0.2851,9.02,108.25,No Defect
2184,6,2025-06-30 02:00:00,927.0,9954.27,90.9,2.0,1.9772,90.88,19.0,1.97,5.26,0.0522,85.08,7,3665.86,0.3896,7.6,133.85,Defect
2185,1,2025-06-30 08:00:00,477.0,13463.48,85.67,1.0,1.2121,97.93,11.0,0.16,5.29,0.0781,95.42,5,4607.25,0.2205,9.65,383.92,Defect
2186,2,2025-06-30 14:00:00,998.0,17758.62,98.97,4.0,1.2543,64.63,19.0,3.54,9.15,0.0268,84.59,8,4996.33,0.2851,7.85,172.95,Defect
2187,3,2025-06-30 20:00:00,657.0,8022.93,96.85,3.0,3.4785,73.39,7.0,4.78,2.53,0.0153,90.42,8,2567.87,0.1878,3.68,191.66,Defect
2188,4,2025-07-01 02:00:00,626.0,19016.5,94.45,1.0,2.9769,72.78,18.0,3.12,6.25,0.0811,82.21,1,2018.95,0.4091,5.93,250.9,Defect
2189,5,2025-07-01 08:00:00,252.0,15336.31,81.56,2.0,1.0494,66.05,20.0,0.94,3.09,0.0247,87.72,9,1735.54,0.1242,5.12,362.9,Defect
2190,6,2025-07-01 14:00:00,833.0,17349.1,82.12,0.0,1.0071,92.41,15.0,1.24,7.3,0.0871,81.56,4,3060.75,0.3822,6.09,287.75,Defect
2191,1,2025-07-01 20:00:00,305.0,13342.86,89.86,3.0,0.8254,90.4,20.0,4.55,8.34,0.017,85.67,8,3424.32,0.2516,6.15,477.84,Defect
2192,2,2025-07-02 02:00:00,554.0,16692.75,83.21,5.0,3.847,79.38,17.0,0.07,7.14,0.0852,93.31,2,2889.69,0.1166,7.32,273.67,Defect
2193,3,2025-07-02 08:00:00,372.0,5243.01,99.57,1.0,3.7035,81.51,8.0,2.74,8.36,0.0773,99.83,4,2549.01,0.4414,1.75,179.65,Defect
2194,4,2025-07-02 14:00:00,993.0,17275.71,83.17,2.0,0.7629,62.38,3.0,0.79,6.86,0.0611,85.1,7,1673.09,0.2951,7.72,314.46,Defect
2195,5,2025-07-02 20:00:00,335.0,5602.08,89.75,1.0,3.0212,82.22,8.0,1.41,3.52,0.085,89.47,1,2767.44,0.3397,2.29,280.36,Defect
2196,6,2025-07-03 02:00:00,951.0,18348.7,87.28,4.0,0.881,91.65,1.0,1.53,5.06,0.0331,88.96,5,1340.97,0.3928,1.24,414.86,Defect
2197,1,2025-07-03 08:00:00,839.0,19879.44,92.79,3.0,4.5669,82.95,8.0,1.1,9.65,0.0166,83.68,3,4460.19,0.362,5.67,474.05,Defect
2198,2,2025-07-03 14:00:00,620.0,9411.01,82.58,0.0,4.582,70.61,8.0,3.96,4.31,0.0157,92.2,5,1187.61,0.3923,6.23,434.52,Defect
2199,3,2025-07-03 20:00:00,777.0,8154.78,88.61,2.0,3.642,86.7,17.0,1.66,2.5,0.027,94.49,2,2522.58,0.4049,1.31,255.62,Defect
2200,4,2025-07-04 02:00:00,930.0,16480.45,85.49,1.0,4.6679,74.46,10.0,1.73,5.08,0.0446,82.94,5,1400.55,0.3357,5.64,186.45,Defect
2201,5,2025-07-04 08:00:00,825.0,8795.4,97.76,3.0,4.1515,81.79,12.0,2.27,4.93,0.0876,95.14,6,4099.92,0.2463,5.81,465.8,Defect
2202,6,2025-07-04 14:00:00,600.0,17983.44,80.81,1.0,4.2284,79.5,5.0,4.51,5.76,0.009,94.0,9,2250.95,0.1973,1.47,254.38,Defect
2203,1,2025-07-04 20:00:00,216.0,6542.64,98.27,3.0,3.0637,75.25,8.0,3.44,6.48,0.0915,83.95,2,1452.42,0.4612,7.4,408.08,Defect
2204,2,2025-07-05 02:00:00,485.0,6889.33,96.66,4.0,1.8773,88.76,15.0,0.31,9.94,0.0925,92.98,4,3125.97,0.488,2.89,495.81,Defect
2205,3,2025-07-05 08:00:00,443.0,19687.27,85.95,1.0,1.4801,95.36,3.0,0.2,8.05,0.0727,87.87,7,4665.11,0.2431,8.15,330.98,No Defect
2206,4,2025-07-05 14:00:00,683.0,15107.58,95.79,4.0,1.9724,60.21,1.0,2.83,2.29,0.09,93.62,1,4634.58,0.1449,3.8,291.95,Defect
2207,5,2025-07-05 20:00:00,494.0,17703.31,80.62,5.0,3.3282,97.34,6.0,4.44,7.7,0.077,89.92,6,1998.6,0.189,5.3,379.95,Defect
2208,6,2025-07-06 02:00:00,163.0,9864.94,99.34,5.0,1.277,80.46,14.0,1.62,8.59,0.0528,80.96,0,3878.64,0.3683,9.03,177.57,Defect
2209,1,2025-07-06 08:00:00,816.0,15147.26,90.53,2.0,1.6639,88.03,5.0,1.24,9.17,0.0601,95.74,6,1121.14,0.1692,8.26,295.3,Defect
2210,2,2025-07-06 14:00:00,820.0,13913.63,86.07,4.0,2.6063,94.22,10.0,3.74,5.39,0.0628,91.11,0,1527.41,0.412,8.04,224.93,Defect
2211,3,2025-07-06 20:00:00,171.0,14047.25,87.25,3.0,1.5487,78.68,19.0,3.01,4.51,0.0127,94.5,3,2997.89,0.4692,2.44,165.69,Defect
2212,4,2025-07-07 02:00:00,888.0,15237.99,81.33,2.0,3.1489,93.4,16.0,2.83,8.71,0.0193,82.52,3,1915.03,0.4855,1.43,344.05,Defect
2213,5,2025-07-07 08:00:00,373.0,13630.39,99.79,1.0,4.6543,67.1,3.0,0.75,8.22,0.0523,94.43,4,4193.05,0.1037,6.45,330.28,Defect
2214,6,2025-07-07 14:00:00,419.0,11435.94,80.79,1.0,3.8664,66.37,18.0,0.88,6.29,0.0115,88.27,1,4724.29,0.4833,4.7,404.48,Defect
2215,1,2025-07-07 20:00:00,437.0,9138.84,93.1,3.0,3.4989,86.3,6.0,1.41,2.94,0.0965,95.99,5,1017.33,0.3961,9.18,449.19,Defect
2216,2,2025-07-08 02:00:00,465.0,16528.72,88.85,0.0,3.1222,94.81,10.0,1.03,7.21,0.0507,91.98,5,1931.66,0.1336,4.15,188.15,Defect
2217,3,2025-07-08 08:00:00,594.0,8394.09,98.98,0.0,2.6958,95.7,12.0,4.86,2.53,0.038,87.1,7,2758.21,0.2661,4.69,411.88,Defect
2218,4,2025-07-08 14:00:00,706.0,15385.31,84.92,1.0,1.3395,85.75,20.0,0.09,2.8,0.0158,84.04,9,3252.32,0.38,5.73,246.95,Defect
2219,5,2025-07-08 20:00:00,265.0,8499.99,90.64,3.0,4.5262,81.02,2.0,3.13,4.65,0.0417,96.32,0,4663.61,0.4827,8.17,351.52,Defect
2220,6,2025-07-09 02:00:00,643.0,14379.95,89.65,0.0,1.6184,73.26,13.0,2.59,4.97,0.0302,91.2,3,4567.53,0.1657,3.41,440.1,Defect
2221,1,2025-07-09 08:00:00,110.0,16206.17,94.06,4.0,0.9109,99.2,1.0,1.62,5.7,0.0088,99.75,1,3548.68,0.1511,9.48,202.47,No Defect
2222,2,2025-07-09 14:00:00,400.0,8280.71,81.36,1.0,3.8751,72.79,17.0,4.44,4.71,0.0967,87.47,7,2029.55,0.2889,5.86,340.38,Defect
2223,3,2025-07-09 20:00:00,828.0,5899.15,83.88,5.0,1.2903,89.77,4.0,3.35,2.27,0.0265,93.71,3,4133.15,0.4872,8.57,292.13,Defect
2224,4,2025-07-10 02:00:00,900.0,6964.61,84.29,4.0,2.1735,81.28,12.0,4.99,3.26,0.069,92.46,7,1810.61,0.4886,5.73,416.23,Defect
2225,5,2025-07-10 08:00:00,201.0,14089.95,94.76,3.0,0.6273,84.34,12.0,0.84,2.92,0.0091,92.75,1,4860.69,0.1912,7.95,378.9,Defect
2226,6,2025-07-10 14:00:00,524.0,17741.7,83.78,5.0,1.1168,75.74,23.0,0.44,5.45,0.0913,94.74,3,1023.36,0.2277,1.46,407.85,Defect
2227,1,2025-07-10 20:00:00,491.0,5674.95,91.47,4.0,1.2794,98.59,23.0,0.7,3.7,0.0591,82.78,8,3279.08,0.4632,8.19,215.18,Defect
2228,2,2025-07-11 02:00:00,878.0,16012.27,84.3,0.0,0.7448,82.87,13.0,1.35,4.35,0.0657,90.99,4,1353.59,0.3939,5.72,381.74,Defect
2229,3,2025-07-11 08:00:00,313.0,10119.78,97.23,0.0,3.455,97.51,11.0,2.08,5.77,0.0782,90.18,5,2630.4,0.4889,5.04,342.32,Defect
2230,4,2025-07-11 14:00:00,790.0,12177.93,98.84,5.0,4.2665,60.3,20.0,4.31,3.88,0.0606,86.85,9,3539.73,0.4573,2.0,282.67,Defect
2231,5,2025-07-11 20:00:00,187.0,18932.89,90.37,2.0,2.1799,82.91,12.0,1.42,3.97,0.0071,88.72,8,3758.39,0.186,7.67,251.34,Defect
2232,6,2025-07-12 02:00:00,652.0,9979.57,87.05,1.0,4.4356,88.69,17.0,4.58,8.67,0.043,90.38,8,4142.28,0.4039,2.18,232.64,Defect
2233,1,2025-07-12 08:00:00,500.0,11980.05,84.68,5.0,1.4601,89.8,12.0,2.31,6.38,0.0262,86.42,6,3373.31,0.1194,2.73,103.87,Defect
2234,2,2025-07-12 14:00:00,687.0,5205.24,81.0,3.0,1.9643,96.2,3.0,3.24,8.85,0.0487,85.86,1,2005.28,0.4271,2.14,167.82,No Defect
2235,3,2025-07-12 20:00:00,988.0,6223.98,85.37,1.0,1.1783,60.18,22.0,1.32,6.12,0.0404,94.77,6,4557.01,0.3406,1.06,123.59,Defect
2236,4,2025-07-13 02:00:00,145.0,8878.87,93.08,4.0,3.2925,60.01,21.0,0.78,9.27,0.0827,81.34,8,4244.43,0.4824,6.96,439.34,Defect
2237,5,2025-07-13 08:00:00,771.0,5417.78,90.67,3.0,2.3894,78.89,9.0,4.35,4.04,0.0247,86.26,1,1640.21,0.484,3.44,444.04,No Defect
2238,6,2025-07-13 14:00:00,562.0,14470.63,98.88,3.0,3.2598,61.17,22.0,0.55,6.93,0.0201,93.07,6,4306.04,0.1203,2.35,438.48,Defect
2239,1,2025-07-13 20:00:00,691.0,11395.98,87.93,0.0,3.9275,98.98,4.0,3.87,6.03,0.0958,84.18,6,4890.58,0.1642,3.88,427.17,Defect
2240,2,2025-07-14 02:00:00,409.0,13222.18,93.88,4.0,2.9557,68.88,17.0,2.9,9.35,0.095,91.45,2,3548.88,0.2937,5.49,188.53,Defect
2241,3,2025-07-14 08:00:00,185.0,7619.71,89.79,0.0,3.3243,78.91,7.0,4.31,5.35,0.0993,86.04,5,2127.22,0.4518,5.53,296.71,Defect
2242,4,2025-07-14 14:00:00,191.0,9438.98,90.25,0.0,4.7086,62.45,13.0,3.59,8.84,0.0568,96.87,7,3426.38,0.4258,4.3,463.14,Defect
2243,5,2025-07-14 20:00:00,759.0,14957.37,85.36,2.0,1.8458,80.88,1.0,1.41,6.51,0.0113,87.0,9,2370.14,0.4857,5.45,403.91,No Defect
2244,6,2025-07-15 02:00:00,772.0,19479.54,89.1,0.0,2.1162,75.2,7.0,2.87,7.67,0.088,84.59,7,3703.79,0.3472,4.85,100.73,No Defect
2245,1,2025-07-15 08:00:00,813.0,5756.25,89.42,1.0,3.7297,61.79,15.0,0.07,9.1,0.0145,90.6,2,3179.2,0.2026,8.4,283.77,Defect
2246,2,2025-07-15 14:00:00,341.0,18355.76,94.13,3.0,3.2509,73.4,6.0,2.38,9.98,0.0156,82.71,5,4717.96,0.11,1.27,104.27,Defect
2247,3,2025-07-15 20:00:00,964.0,13653.22,98.81,0.0,1.3034,75.66,2.0,0.43,7.85,0.0193,95.95,1,3471.63,0.1892,8.81,212.26,Defect
2248,4,2025-07-16 02:00:00,101.0,13458.79,86.59,5.0,2.1927,99.6,3.0,2.14,4.52,0.0653,93.6,1,1855.93,0.3701,3.2,274.3,No Defect
2249,5,2025-07-16 08:00:00,324.0,12504.18,80.84,1.0,2.6053,68.32,6.0,0.55,4.39,0.0107,95.41,7,3900.44,0.4705,7.5,457.16,Defect
2250,6,2025-07-16 14:00:00,900.0,6040.91,89.93,4.0,2.3873,81.79,3.0,4.78,4.47,0.0778,87.98,9,2203.51,0.2284,4.65,361.75,Defect
2251,1,2025-07-16 20:00:00,844.0,6348.15,90.89,3.0,1.3022,99.49,8.0,2.62,2.78,0.0058,96.7,4,2089.56,0.4503,3.65,244.99,Defect
2252,2,2025-07-17 02:00:00,688.0,14013.68,83.37,5.0,4.6599,91.68,22.0,4.57,2.43,0.011,89.87,4,2567.11,0.258,6.54,296.26,Defect
2253,3,2025-07-17 08:00:00,215.0,10114.38,95.21,5.0,3.9304,99.73,16.0,0.11,6.65,0.0434,81.89,3,1047.99,0.2233,7.92,426.96,Defect
2254,4,2025-07-17 14:00:00,765.0,18759.02,99.7,4.0,2.6661,98.73,16.0,3.19,8.48,0.0379,84.48,9,4876.56,0.3035,5.05,219.86,Defect
2255,5,2025-07-17 20:00:00,202.0,11098.86,98.92,5.0,3.5603,79.58,19.0,1.53,2.29,0.099,94.22,3,3129.32,0.2769,5.2,346.01,Defect
2256,6,2025-07-18 02:00:00,293.0,7149.22,83.94,1.0,4.5378,87.86,13.0,2.16,6.53,0.0967,97.93,7,4093.98,0.4655,1.53,204.9,Defect
2257,1,2025-07-18 08:00:00,265.0,15720.78,97.51,4.0,1.1128,64.42,13.0,4.37,4.97,0.019,81.9,2,2031.41,0.2873,9.32,291.99,Defect
2258,2,2025-07-18 14:00:00,970.0,9400.3,94.09,5.0,1.6267,77.65,12.0,4.9,9.14,0.0947,97.28,2,3986.47,0.2109,8.62,109.86,Defect
2259,3,2025-07-18 20:00:00,189.0,12882.05,89.08,4.0,2.9422,92.36,3.0,1.23,3.16,0.0692,95.98,7,3268.68,0.437,4.58,440.91,No Defect
2260,4,2025-07-19 02:00:00,785.0,15467.49,90.81,4.0,4.0955,80.21,12.0,4.74,6.51,0.0409,87.13,2,2696.58,0.4995,7.88,119.34,Defect
2261,5,2025-07-19 08:00:00,221.0,18503.96,96.99,0.0,0.6631,88.11,20.0,3.44,9.77,0.074,93.79,1,4882.68,0.3593,3.82,189.74,Defect
2262,6,2025-07-19 14:00:00,242.0,16882.87,89.6,0.0,4.9281,89.83,16.0,4.76,4.76,0.09,83.74,4,2975.37,0.2002,7.57,233.4,Defect
2263,1,2025-07-19 20:00:00,205.0,15145.42,87.46,0.0,2.5471,70.14,14.0,2.81,7.93,0.018,96.27,2,3629.83,0.1955,5.65,350.06,Defect
2264,2,2025-07-20 02:00:00,986.0,15194.5,89.86,5.0,2.1165,95.03,17.0,4.8,9.06,0.0196,93.15,5,1061.37,0.1231,5.15,388.01,Defect
2265,3,2025-07-20 08:00:00,527.0,19188.87,91.58,3.0,1.8173,78.39,10.0,4.46,3.49,0.0409,88.78,6,2205.82,0.1309,1.51,132.18,No Defect
2266,4,2025-07-20 14:00:00,404.0,9437.36,83.78,1.0,1.2846,68.41,3.0,0.64,9.94,0.0169,97.29,2,4554.77,0.466,9.69,117.39,Defect
2267,5,2025-07-20 20:00:00,971.0,5016.68,98.02,5.0,4.0621,94.62,19.0,1.55,8.48,0.036,82.78,8,4035.84,0.1386,8.54,419.6,Defect
2268,6,2025-07-21 02:00:00,416.0,9079.32,93.48,0.0,4.7994,76.71,10.0,1.22,3.1,0.0646,96.92,9,3147.02,0.2937,8.14,384.87,Defect
2269,1,2025-07-21 08:00:00,734.0,8268.37,92.67,4.0,2.3614,90.01,9.0,2.86,4.49,0.0813,80.48,0,4600.64,0.3792,3.74,432.62,No Defect
2270,2,2025-07-21 14:00:00,108.0,14927.52,81.99,5.0,4.7859,81.92,21.0,4.01,7.0,0.0302,95.06,6,2944.88,0.4401,3.61,370.62,Defect
2271,3,2025-07-21 20:00:00,873.0,14505.67,92.08,4.0,4.2071,75.27,12.0,3.8,9.08,0.0282,91.47,3,3266.03,0.1685,6.16,400.4,Defect
2272,4,2025-07-22 02:00:00,172.0,13901.92,82.42,4.0,2.6647,92.4,21.0,3.63,3.56,0.078,93.93,6,2528.61,0.2751,8.62,251.62,Defect
2273,5,2025-07-22 08:00:00,458.0,5243.65,81.57,4.0,3.5331,83.38,7.0,1.88,7.85,0.0381,88.25,8,3480.16,0.2006,9.41,336.07,Defect
2274,6,2025-07-22 14:00:00,322.0,15931.67,90.55,2.0,2.4574,75.62,12.0,0.7,4.17,0.0818,97.29,8,2276.01,0.2023,3.42,422.16,Defect
2275,1,2025-07-22 20:00:00,515.0,9852.96,88.06,3.0,3.0143,64.38,8.0,1.05,8.44,0.0993,86.26,0,2541.97,0.2215,6.47,168.85,Defect
2276,2,2025-07-23 02:00:00,652.0,14975.84,91.78,1.0,0.7612,95.82,0.0,3.71,7.47,0.098,85.5,9,4865.31,0.3348,7.52,269.13,No Defect
2277,3,2025-07-23 08:00:00,469.0,13348.68,81.78,1.0,3.6332,61.42,0.0,0.74,6.18,0.0663,86.04,3,1445.23,0.1066,3.04,396.2,Defect
2278,4,2025-07-23 14:00:00,815.0,10140.96,88.62,0.0,0.7377,94.53,14.0,1.11,7.2,0.0375,95.49,6,1421.02,0.2635,4.67,313.05,Defect
2279,5,2025-07-23 20:00:00,363.0,7018.64,83.5,2.0,4.1769,74.4,21.0,2.12,9.01,0.0065,89.91,9,1173.26,0.1747,2.69,372.66,Defect
2280,6,2025-07-24 02:00:00,939.0,6416.28,99.74,5.0,4.2123,85.57,3.0,0.36,5.09,0.0738,90.74,5,2280.18,0.4868,7.29,217.15,Defect
2281,1,2025-07-24 08:00:00,789.0,17472.77,91.22,5.0,1.5668,96.89,19.0,1.06,8.15,0.0978,96.63,8,2592.92,0.3331,8.77,112.94,Defect
2282,2,2025-07-24 14:00:00,959.0,18775.96,93.75,1.0,1.9565,66.07,0.0,0.75,3.27,0.0068,96.67,6,1378.06,0.4472,8.9,111.66,Defect
2283,3,2025-07-24 20:00:00,417.0,14746.82,86.51,3.0,2.6659,82.68,11.0,4.76,7.61,0.0006,83.23,2,3196.52,0.1783,7.03,477.11,Defect
2284,4,2025-07-25 02:00:00,183.0,6551.51,81.89,4.0,3.185,90.58,10.0,0.96,8.01,0.0832,91.0,6,3333.21,0.424,4.12,477.82,Defect
2285,5,2025-07-25 08:00:00,417.0,11030.41,99.52,0.0,1.7931,90.3,18.0,4.31,5.54,0.0102,82.52,9,4004.11,0.2659,6.95,184.51,Defect
2286,6,2025-07-25 14:00:00,210.0,15934.09,85.73,3.0,3.1662,81.03,14.0,0.57,8.35,0.0082,97.37,4,4903.87,0.1711,8.78,158.99,Defect
2287,1,2025-07-25 20:00:00,350.0,16697.31,88.48,1.0,1.84,84.99,20.0,4.35,6.46,0.091,96.74,1,3477.41,0.4045,6.63,107.26,Defect
2288,2,2025-07-26 02:00:00,482.0,6773.28,93.0,2.0,0.7497,90.3,9.0,3.0,9.49,0.008,96.99,9,1446.6,0.4048,4.72,192.5,No Defect
2289,3,2025-07-26 08:00:00,106.0,5000.46,80.49,0.0,0.5114,93.64,0.0,4.25,2.9,0.0114,94.1,2,1354.1,0.4984,9.28,233.74,No Defect
2290,4,2025-07-26 14:00:00,558.0,15682.06,96.21,1.0,0.9552,90.47,23.0,4.34,3.05,0.057,89.34,5,4110.19,0.4124,8.52,196.5,Defect
2291,5,2025-07-26 20:00:00,183.0,10348.94,90.73,5.0,4.0651,74.16,2.0,2.98,8.74,0.0757,88.09,5,3601.34,0.1581,8.94,418.95,Defect
2292,6,2025-07-27 02:00:00,307.0,8817.22,85.56,0.0,4.8264,99.87,13.0,4.59,8.74,0.04,87.9,6,1647.66,0.229,9.13,399.77,Defect
2293,1,2025-07-27 08:00:00,999.0,5193.46,81.23,1.0,2.4213,77.38,14.0,2.93,5.77,0.0421,81.32,5,2013.44,0.2807,4.54,132.41,Defect
2294,2,2025-07-27 14:00:00,489.0,13104.49,83.25,5.0,2.8071,60.98,0.0,3.56,9.71,0.0633,98.98,8,4000.96,0.1507,8.74,378.93,Defect
2295,3,2025-07-27 20:00:00,413.0,17767.26,97.9,5.0,1.1608,74.5,9.0,2.08,7.44,0.0505,89.01,4,3264.62,0.4152,6.13,308.23,Defect
2296,4,2025-07-28 02:00:00,121.0,19364.47,93.72,4.0,2.9796,65.11,21.0,4.57,9.86,0.0019,98.6,4,3340.0,0.3107,1.34,152.87,Defect
2297,5,2025-07-28 08:00:00,509.0,13486.17,85.0,2.0,1.1509,64.86,0.0,4.12,6.26,0.0114,97.59,7,1840.03,0.4778,6.72,395.81,Defect
2298,6,2025-07-28 14:00:00,994.0,12716.92,81.31,4.0,3.2505,71.26,14.0,0.83,3.61,0.0582,96.57,7,3516.23,0.3357,5.24,134.42,Defect
2299,1,2025-07-28 20:00:00,614.0,6275.85,93.81,1.0,4.6997,62.14,2.0,2.88,5.56,0.0794,91.77,0,4082.51,0.3092,3.48,170.86,Defect
2300,2,2025-07-29 02:00:00,226.0,13233.09,91.45,3.0,1.3806,87.54,20.0,4.48,9.84,0.0763,82.03,2,4541.01,0.1286,9.73,159.69,Defect
2301,3,2025-07-29 08:00:00,908.0,10699.69,88.09,4.0,3.9405,62.96,19.0,3.97,4.96,0.074,86.48,5,3946.87,0.1597,1.5,475.61,Defect
2302,4,2025-07-29 14:00:00,799.0,14107.03,87.27,3.0,0.6058,68.13,22.0,4.81,9.66,0.0771,92.07,5,3305.5,0.4398,9.51,379.26,Defect
2303,5,2025-07-29 20:00:00,973.0,10830.9,84.34,5.0,2.1897,63.72,21.0,1.16,8.38,0.0044,80.27,0,3693.04,0.4963,2.43,264.51,Defect
2304,6,2025-07-30 02:00:00,113.0,8604.49,93.39,1.0,0.9984,62.53,11.0,1.84,5.54,0.0895,80.85,1,2940.45,0.2661,4.39,428.88,Defect
2305,1,2025-07-30 08:00:00,111.0,6424.48,99.41,2.0,2.0861,70.71,18.0,2.54,6.33,0.0889,93.55,9,1907.59,0.424,4.76,186.38,Defect
2306,2,2025-07-30 14:00:00,186.0,9723.78,83.51,3.0,1.2809,82.88,15.0,1.16,6.86,0.0532,97.76,6,4528.83,0.351,7.58,472.44,Defect
2307,3,2025-07-30 20:00:00,623.0,6449.67,91.94,1.0,2.1799,98.59,7.0,1.97,7.33,0.0249,97.1,0,3130.49,0.4836,2.94,378.8,No Defect
2308,4,2025-07-31 02:00:00,636.0,7653.45,88.48,3.0,2.3789,95.02,23.0,2.69,2.61,0.0592,83.36,9,3377.27,0.1953,9.87,323.83,Defect
2309,5,2025-07-31 08:00:00,400.0,19810.04,88.93,4.0,1.8527,95.04,13.0,0.96,9.47,0.0558,98.22,4,4960.44,0.3179,7.74,417.86,Defect
2310,6,2025-07-31 14:00:00,342.0,11661.55,85.08,1.0,3.4548,67.04,17.0,1.28,6.78,0.0223,93.93,0,4940.06,0.2635,8.11,357.91,Defect
2311,1,2025-07-31 20:00:00,221.0,12978.08,96.5,4.0,4.6348,70.6,22.0,0.62,9.45,0.0603,94.33,5,3345.24,0.3167,1.96,454.84,Defect
2312,2,2025-08-01 02:00:00,246.0,18104.28,89.71,0.0,2.3027,63.06,0.0,3.57,7.06,0.0797,86.08,6,1135.83,0.2075,5.29,431.66,Defect
2313,3,2025-08-01 08:00:00,666.0,19933.53,90.87,1.0,1.3655,91.14,1.0,1.81,5.45,0.0806,94.32,7,2584.59,0.2991,9.51,179.13,No Defect
2314,4,2025-08-01 14:00:00,849.0,13740.72,86.1,3.0,1.7183,62.79,23.0,1.1,6.54,0.006,94.2,2,4749.17,0.3499,3.43,195.87,Defect
2315,5,2025-08-01 20:00:00,455.0,17187.11,83.64,0.0,4.343,82.27,11.0,2.54,8.64,0.0197,91.89,2,2153.23,0.1325,2.31,126.04,Defect
2316,6,2025-08-02 02:00:00,784.0,9904.12,81.72,4.0,3.0724,69.92,16.0,0.34,4.61,0.0668,87.15,0,4997.07,0.3972,5.37,188.08,Defect
2317,1,2025-08-02 08:00:00,832.0,9586.16,94.28,4.0,2.5475,69.74,1.0,4.62,9.65,0.086,96.22,2,1337.27,0.3826,9.37,237.4,Defect
2318,2,2025-08-02 14:00:00,730.0,11040.56,83.92,3.0,1.1734,99.63,16.0,1.47,5.73,0.0521,98.75,4,3272.46,0.4522,5.38,111.53,Defect
2319,3,2025-08-02 20:00:00,408.0,15087.61,93.8,0.0,2.5238,90.27,20.0,4.43,9.65,0.0708,97.4,5,3061.8,0.2703,4.64,225.99,Defect
2320,4,2025-08-03 02:00:00,794.0,15232.88,87.81,5.0,1.7532,93.48,6.0,2.49,9.05,0.0021,84.86,2,2021.41,0.1247,6.85,408.62,No Defect
2321,5,2025-08-03 08:00:00,387.0,9728.59,88.32,2.0,4.7442,82.88,5.0,4.25,8.14,0.0608,88.91,3,4794.43,0.2846,9.43,436.13,Defect
2322,6,2025-08-03 14:00:00,406.0,6998.15,89.38,3.0,4.4783,94.84,5.0,1.24,5.74,0.0962,86.85,4,3476.68,0.155,1.44,103.55,Defect
2323,1,2025-08-03 20:00:00,911.0,14485.94,87.35,4.0,0.8776,85.82,21.0,0.88,6.7,0.0661,94.15,4,1920.91,0.359,2.38,102.86,Defect
2324,2,2025-08-04 02:00:00,693.0,6924.89,82.01,1.0,2.8249,97.85,7.0,4.25,8.7,0.0922,96.63,8,2536.19,0.1189,2.19,158.52,No Defect
2325,3,2025-08-04 08:00:00,822.0,13677.39,86.19,0.0,1.5128,71.25,4.0,1.06,6.35,0.0566,84.32,7,3884.92,0.2496,1.77,449.03,Defect
2326,4,2025-08-04 14:00:00,761.0,15401.33,93.27,5.0,2.3485,83.81,14.0,3.73,7.91,0.0843,98.95,0,2190.79,0.1331,3.72,287.71,Defect
2327,5,2025-08-04 20:00:00,648.0,15509.17,93.32,2.0,4.4458,87.61,6.0,1.72,8.33,0.0124,93.55,1,4518.42,0.1013,3.06,493.16,Defect
2328,6,2025-08-05 02:00:00,451.0,16302.08,85.72,1.0,2.8738,75.72,2.0,3.74,6.1,0.0124,84.37,4,1662.7,0.4842,5.94,454.93,No Defect
2329,1,2025-08-05 08:00:00,411.0,18092.89,89.2,0.0,2.004,95.19,9.0,4.54,6.29,0.012,87.42,2,2058.02,0.4985,3.95,456.05,No Defect
2330,2,2025-08-05 14:00:00,972.0,12499.38,83.87,5.0,1.4355,99.19,2.0,4.91,3.58,0.0489,82.09,6,1579.59,0.3222,4.65,151.39,Defect
2331,3,2025-08-05 20:00:00,158.0,15953.74,84.21,3.0,4.1015,79.75,13.0,1.8,3.96,0.033,91.94,5,1416.72,0.1956,9.48,290.09,Defect
2332,4,2025-08-06 02:00:00,742.0,14287.59,80.46,5.0,3.3103,75.63,21.0,1.84,9.24,0.0719,83.38,1,2201.26,0.4644,2.4,497.44,Defect
2333,5,2025-08-06 08:00:00,813.0,7799.6,97.93,3.0,2.6063,78.88,2.0,4.91,8.72,0.0903,93.86,7,4996.71,0.4692,4.5,159.62,Defect
2334,6,2025-08-06 14:00:00,854.0,5385.34,84.21,0.0,1.4787,94.11,0.0,4.31,2.08,0.0619,94.74,4,1377.32,0.4418,3.31,329.69,Defect
2335,1,2025-08-06 20:00:00,134.0,9268.12,84.55,5.0,2.0041,85.82,0.0,0.23,8.96,0.0213,89.59,5,1852.01,0.3177,5.94,237.71,No Defect
2336,2,2025-08-07 02:00:00,544.0,11645.51,85.59,2.0,4.8193,61.79,18.0,2.87,2.2,0.0931,81.88,7,2086.47,0.1299,7.63,255.14,Defect
2337,3,2025-08-07 08:00:00,192.0,14256.59,82.55,5.0,2.8404,81.69,3.0,0.91,5.67,0.0528,92.22,5,3476.52,0.1354,8.35,456.32,No Defect
2338,4,2025-08-07 14:00:00,306.0,17749.39,92.79,0.0,2.3031,60.69,1.0,4.97,2.54,0.072,87.44,9,3981.38,0.4586,5.64,335.16,Defect
2339,5,2025-08-07 20:00:00,452.0,7943.69,81.5,1.0,2.8464,91.14,10.0,0.69,9.75,0.0891,98.99,2,4007.73,0.4503,8.69,403.51,No Defect
2340,6,2025-08-08 02:00:00,431.0,6883.25,82.68,1.0,4.0054,73.13,23.0,2.8,9.78,0.099,90.26,6,1034.54,0.2738,8.07,369.29,Defect
2341,1,2025-08-08 08:00:00,916.0,19452.2,92.9,5.0,2.0305,78.88,11.0,3.33,6.89,0.0506,81.45,3,3607.4,0.2313,2.41,311.61,Defect
2342,2,2025-08-08 14:00:00,961.0,6620.67,86.79,5.0,1.3042,91.95,12.0,4.69,5.14,0.0808,92.72,5,3522.95,0.3576,3.21,416.68,Defect
2343,3,2025-08-08 20:00:00,824.0,12177.37,94.16,3.0,3.1322,61.86,15.0,4.24,6.1,0.0567,95.59,5,3070.62,0.4228,7.05,488.29,Defect
2344,4,2025-08-09 02:00:00,258.0,13783.46,91.15,0.0,3.4934,66.34,15.0,1.23,8.1,0.0486,83.21,4,2516.83,0.3927,9.77,486.73,Defect
2345,5,2025-08-09 08:00:00,123.0,13120.62,85.12,3.0,3.7072,75.92,18.0,2.86,3.79,0.0538,88.98,0,4189.78,0.3462,4.39,415.78,Defect
2346,6,2025-08-09 14:00:00,503.0,6290.48,93.02,2.0,4.4689,69.2,22.0,4.77,5.53,0.0484,94.86,7,2375.52,0.1926,3.07,294.93,Defect
2347,1,2025-08-09 20:00:00,904.0,5855.4,82.33,1.0,2.1703,73.52,19.0,3.68,7.9,0.0421,80.41,9,1920.05,0.205,8.82,165.26,Defect
2348,2,2025-08-10 02:00:00,615.0,6582.25,90.73,4.0,0.8391,99.93,20.0,3.44,5.16,0.0724,80.58,1,2240.38,0.3896,2.8,117.79,Defect
2349,3,2025-08-10 08:00:00,831.0,13783.82,88.74,4.0,4.8126,93.02,19.0,3.77,2.26,0.025,93.54,3,2758.59,0.421,7.28,192.58,Defect
2350,4,2025-08-10 14:00:00,463.0,13165.17,85.36,0.0,2.4576,95.36,8.0,1.61,6.06,0.0616,94.5,2,1856.23,0.1465,1.31,236.1,No Defect
2351,5,2025-08-10 20:00:00,481.0,8506.11,92.08,0.0,3.3047,97.48,15.0,3.65,7.9,0.0713,96.92,5,3430.28,0.1749,1.17,151.94,Defect
2352,6,2025-08-11 02:00:00,631.0,14566.61,97.43,4.0,3.4984,73.64,6.0,1.16,9.81,0.0892,87.99,0,4536.84,0.3722,5.06,189.91,Defect
2353,1,2025-08-11 08:00:00,251.0,17301.01,99.98,0.0,2.9593,71.88,12.0,2.14,2.3,0.0332,87.8,8,3381.84,0.2556,6.91,133.42,Defect
2354,2,2025-08-11 14:00:00,661.0,5623.68,92.16,1.0,1.4237,69.36,3.0,4.45,6.32,0.0861,91.05,4,2786.67,0.3253,2.28,309.47,Defect
2355,3,2025-08-11 20:00:00,788.0,12471.95,88.09,2.0,3.8981,93.2,12.0,0.09,5.6,0.0945,95.15,4,4187.48,0.3459,7.87,150.53,Defect
2356,4,2025-08-12 02:00:00,707.0,15339.66,84.5,2.0,4.1169,87.18,7.0,2.07,3.94,0.0649,92.82,3,3992.15,0.4105,2.16,397.11,Defect
2357,5,2025-08-12 08:00:00,716.0,8784.68,85.14,3.0,2.9884,69.45,1.0,1.33,7.1,0.0771,86.55,3,2468.23,0.4223,5.8,233.06,Defect
2358,6,2025-08-12 14:00:00,519.0,9616.56,89.59,1.0,2.6985,75.08,6.0,0.99,3.31,0.0406,86.93,0,3416.61,0.212,3.77,368.83,No Defect
2359,1,2025-08-12 20:00:00,349.0,14204.57,87.35,0.0,1.0127,80.27,10.0,4.19,4.27,0.0952,95.26,8,3919.37,0.3165,7.77,453.01,No Defect
2360,2,2025-08-13 02:00:00,216.0,18469.03,98.28,0.0,0.8778,81.13,16.0,3.48,8.25,0.0671,90.69,8,1981.85,0.1494,8.24,134.41,Defect
2361,3,2025-08-13 08:00:00,965.0,17148.87,87.37,3.0,2.028,95.55,23.0,0.56,5.68,0.031,81.96,3,2465.1,0.4368,1.59,495.6,Defect
2362,4,2025-08-13 14:00:00,611.0,13746.95,87.47,3.0,1.8988,75.22,13.0,2.47,9.95,0.0404,83.06,9,1423.1,0.4382,2.73,358.1,Defect
2363,5,2025-08-13 20:00:00,839.0,15953.33,87.67,0.0,4.7915,96.34,12.0,2.33,5.09,0.0618,97.02,9,4950.72,0.2198,9.03,121.35,Defect
2364,6,2025-08-14 02:00:00,677.0,10472.34,96.73,0.0,4.0263,77.65,14.0,0.71,5.71,0.0234,99.98,3,1343.51,0.1642,4.74,225.6,Defect
2365,1,2025-08-14 08:00:00,434.0,14614.48,93.02,1.0,3.4697,89.85,21.0,4.0,4.4,0.0754,86.71,6,1674.42,0.128,5.29,454.5,Defect
2366,2,2025-08-14 14:00:00,517.0,11992.72,92.28,3.0,2.8294,97.21,20.0,1.83,3.89,0.0225,87.73,3,2919.33,0.33,2.51,338.49,Defect
2367,3,2025-08-14 20:00:00,873.0,7849.04,86.68,1.0,1.2532,96.3,8.0,3.81,9.38,0.0592,83.09,0,4461.09,0.1366,9.95,214.89,Defect
2368,4,2025-08-15 02:00:00,394.0,15526.07,96.36,5.0,4.9031,62.28,2.0,0.96,7.99,0.0697,84.71,8,2423.53,0.3722,9.31,476.2,Defect
2369,5,2025-08-15 08:00:00,854.0,13346.97,80.77,0.0,2.1877,68.23,12.0,1.58,4.67,0.086,88.49,1,4074.38,0.3713,1.02,414.9,Defect
2370,6,2025-08-15 14:00:00,470.0,10379.32,97.42,4.0,0.9812,79.08,12.0,0.48,7.6,0.0734,85.69,4,3704.14,0.3456,5.96,394.22,Defect
2371,1,2025-08-15 20:00:00,285.0,18670.09,90.25,4.0,2.7221,77.26,8.0,0.72,9.73,0.0799,94.03,3,3554.66,0.4506,8.85,455.37,No Defect
2372,2,2025-08-16 02:00:00,345.0,5314.01,87.97,5.0,4.433,85.64,17.0,4.42,2.59,0.0913,90.76,7,4380.07,0.2513,4.87,407.91,Defect
2373,3,2025-08-16 08:00:00,736.0,9736.6,89.94,0.0,4.4928,97.79,4.0,0.55,4.12,0.0598,96.45,5,1056.68,0.4609,4.93,214.7,Defect
2374,4,2025-08-16 14:00:00,367.0,5853.22,93.35,3.0,0.5493,64.5,10.0,0.48,3.6,0.0846,94.49,6,4716.61,0.1148,4.41,333.55,Defect
2375,5,2025-08-16 20:00:00,742.0,16497.91,80.26,4.0,4.4883,78.07,1.0,4.7,8.96,0.0232,82.56,1,4316.9,0.1451,1.26,436.91,Defect
2376,6,2025-08-17 02:00:00,336.0,15531.61,97.43,3.0,1.7217,67.7,16.0,3.23,3.43,0.0815,82.47,3,4751.47,0.2649,8.11,172.34,Defect
2377,1,2025-08-17 08:00:00,629.0,9970.28,88.93,4.0,0.6754,95.76,22.0,0.5,4.46,0.0222,97.91,3,4174.35,0.3376,5.11,165.21,Defect
2378,2,2025-08-17 14:00:00,651.0,15134.94,86.86,3.0,4.3151,98.58,19.0,4.86,6.35,0.0935,96.39,1,4514.37,0.113,5.78,163.59,Defect
2379,3,2025-08-17 20:00:00,120.0,10939.06,82.76,4.0,4.3874,79.15,20.0,0.74,6.97,0.033,89.36,9,1812.31,0.327,3.3,177.7,Defect
2380,4,2025-08-18 02:00:00,836.0,16343.81,88.79,3.0,3.183,64.16,3.0,3.83,8.47,0.0172,82.61,3,2276.92,0.223,8.06,141.29,Defect
2381,5,2025-08-18 08:00:00,966.0,11812.75,89.93,5.0,3.085,91.41,21.0,0.17,5.26,0.0148,97.97,8,2260.88,0.4549,8.14,435.05,Defect
2382,6,2025-08-18 14:00:00,893.0,11184.2,88.07,1.0,4.159,87.89,17.0,3.12,6.27,0.0187,84.61,7,1436.67,0.3133,5.98,427.33,Defect
2383,1,2025-08-18 20:00:00,619.0,19020.95,93.57,3.0,4.0384,74.19,23.0,2.73,9.72,0.0448,80.71,0,3918.32,0.3352,9.14,160.55,Defect
2384,2,2025-08-19 02:00:00,199.0,8763.19,88.42,1.0,4.5055,95.5,19.0,1.04,4.38,0.0522,98.48,7,1544.68,0.4782,2.04,382.21,Defect
2385,3,2025-08-19 08:00:00,851.0,6806.71,99.23,1.0,2.9874,99.03,7.0,3.22,3.98,0.0914,96.18,8,1210.04,0.4057,8.08,350.79,Defect
2386,4,2025-08-19 14:00:00,577.0,13768.15,91.99,0.0,4.8544,82.31,18.0,3.09,7.68,0.0381,93.87,7,4101.79,0.2753,6.03,210.48,Defect
2387,5,2025-08-19 20:00:00,698.0,19539.83,96.15,5.0,4.9827,82.63,11.0,3.99,8.17,0.0217,80.68,9,4618.65,0.2908,3.08,190.95,Defect
2388,6,2025-08-20 02:00:00,397.0,10667.59,82.19,1.0,1.0245,71.9,10.0,4.38,5.32,0.0744,90.57,0,4056.49,0.3592,2.19,200.23,Defect
2389,1,2025-08-20 08:00:00,625.0,5930.55,87.95,2.0,4.3229,83.38,15.0,2.55,3.7,0.0135,93.07,7,4301.41,0.1801,3.71,392.25,Defect
2390,2,2025-08-20 14:00:00,433.0,10089.58,86.74,1.0,2.7492,77.59,4.0,2.45,8.23,0.0892,95.19,4,3382.49,0.1355,8.71,227.73,No Defect
2391,3,2025-08-20 20:00:00,101.0,12588.97,91.39,3.0,2.244,72.09,2.0,3.11,7.36,0.0409,89.42,8,4550.99,0.2245,8.09,211.18,Defect
2392,4,2025-08-21 02:00:00,474.0,7428.85,97.22,1.0,3.2588,62.69,11.0,3.65,9.01,0.0614,99.07,8,2986.81,0.4114,6.81,108.99,Defect
2393,5,2025-08-21 08:00:00,392.0,14871.53,81.57,3.0,0.7518,70.11,14.0,1.78,8.75,0.0186,84.9,5,4953.29,0.2029,1.81,463.29,Defect
2394,6,2025-08-21 14:00:00,936.0,19966.24,81.45,3.0,2.7791,67.91,15.0,2.52,3.64,0.0146,81.39,2,1413.66,0.1523,9.59,401.08,Defect
2395,1,2025-08-21 20:00:00,652.0,11776.09,97.01,2.0,4.419,81.68,12.0,2.93,8.66,0.0799,86.66,6,4236.72,0.1876,3.75,289.11,Defect
2396,2,2025-08-22 02:00:00,417.0,10320.93,84.26,1.0,1.4606,84.07,6.0,4.94,3.4,0.043,93.24,2,3565.56,0.3716,6.46,477.17,No Defect
2397,3,2025-08-22 08:00:00,601.0,11010.56,93.38,1.0,2.4188,84.34,14.0,2.94,8.91,0.0987,94.74,6,3322.58,0.3456,8.23,217.41,Defect
2398,4,2025-08-22 14:00:00,927.0,6727.19,90.86,4.0,4.7277,75.53,2.0,1.12,8.16,0.0524,94.77,7,3903.24,0.3753,2.2,369.88,Defect
2399,5,2025-08-22 20:00:00,480.0,18249.1,96.66,4.0,2.4285,76.85,11.0,2.94,6.56,0.0846,82.21,4,4361.17,0.2288,6.87,222.06,Defect
2400,6,2025-08-23 02:00:00,722.0,11222.38,82.5,0.0,2.1127,93.37,7.0,4.1,7.14,0.098,97.7,4,4451.54,0.4603,1.29,225.83,No Defect
2401,1,2025-08-23 08:00:00,113.0,10809.12,82.6,3.0,2.4824,79.05,11.0,4.29,2.83,0.0281,85.62,3,1701.52,0.2807,1.92,437.88,Defect
2402,2,2025-08-23 14:00:00,603.0,14895.35,91.14,2.0,2.8375,99.51,17.0,4.0,2.32,0.0801,84.2,2,1788.14,0.3055,7.51,414.81,Defect
2403,3,2025-08-23 20:00:00,330.0,11630.5,98.93,4.0,3.344,77.58,2.0,4.44,4.65,0.0022,92.29,7,1064.67,0.4795,2.4,217.64,Defect
2404,4,2025-08-24 02:00:00,183.0,14723.5,88.3,1.0,4.1031,85.98,11.0,1.67,8.57,0.068,84.24,5,1527.37,0.4917,4.99,132.56,Defect
2405,5,2025-08-24 08:00:00,229.0,5921.69,86.54,0.0,2.5345,62.01,22.0,2.54,5.73,0.0745,90.16,5,2055.53,0.3646,3.23,243.03,Defect
2406,6,2025-08-24 14:00:00,842.0,17205.85,92.13,2.0,4.1787,86.13,20.0,3.9,3.79,0.0477,88.14,1,3884.14,0.4779,4.79,404.02,Defect
2407,1,2025-08-24 20:00:00,937.0,19107.56,98.61,5.0,2.9017,94.06,22.0,1.32,8.68,0.0162,84.64,3,2903.07,0.3166,1.69,140.22,Defect
2408,2,2025-08-25 02:00:00,244.0,14731.48,96.74,1.0,2.0232,97.7,1.0,1.86,3.83,0.0617,85.84,4,4031.61,0.2229,7.79,368.84,No Defect
2409,3,2025-08-25 08:00:00,990.0,19318.49,99.91,1.0,3.4608,99.89,13.0,4.16,8.52,0.0898,88.55,9,2946.14,0.226,1.71,455.91,Defect
2410,4,2025-08-25 14:00:00,956.0,7271.48,80.45,5.0,3.7298,71.29,13.0,3.85,5.62,0.0931,86.92,4,3222.39,0.3236,8.54,171.69,Defect
2411,5,2025-08-25 20:00:00,127.0,12161.24,82.26,3.0,3.0112,83.01,3.0,4.86,5.71,0.0746,87.63,2,1444.27,0.342,6.96,444.88,Defect
2412,6,2025-08-26 02:00:00,165.0,14027.1,92.19,3.0,0.7548,78.03,16.0,4.98,4.18,0.0264,94.71,9,4106.23,0.2758,4.75,120.55,Defect
2413,1,2025-08-26 08:00:00,262.0,13726.05,96.41,4.0,1.2645,82.55,14.0,1.2,9.2,0.087,83.37,4,4032.51,0.4535,8.8,366.75,Defect
2414,2,2025-08-26 14:00:00,328.0,11021.93,85.7,4.0,1.7838,66.3,15.0,4.5,2.71,0.0889,92.55,4,2230.25,0.2707,2.68,416.42,Defect
2415,3,2025-08-26 20:00:00,360.0,10071.27,84.78,1.0,1.7718,94.25,4.0,0.47,3.16,0.0367,93.56,1,2314.31,0.2094,3.38,277.91,No Defect
2416,4,2025-08-27 02:00:00,548.0,6902.36,95.74,1.0,3.5304,96.38,23.0,3.55,7.09,0.0183,96.04,4,1878.73,0.1032,2.23,181.49,Defect
2417,5,2025-08-27 08:00:00,523.0,10876.14,81.13,4.0,0.5826,77.99,16.0,1.1,8.8,0.0875,96.95,2,4255.36,0.4882,4.43,469.89,Defect
2418,6,2025-08-27 14:00:00,559.0,7439.91,87.39,5.0,3.9006,71.22,22.0,1.5,2.76,0.0885,83.17,2,3988.03,0.4297,9.88,107.99,Defect
2419,1,2025-08-27 20:00:00,775.0,16015.49,90.12,4.0,1.694,65.63,6.0,4.73,7.87,0.0101,82.77,4,3436.59,0.3462,2.45,322.03,Defect
2420,2,2025-08-28 02:00:00,400.0,8132.46,91.21,1.0,1.8951,87.35,22.0,1.32,7.94,0.0967,92.3,8,1955.29,0.4322,8.48,249.14,Defect
2421,3,2025-08-28 08:00:00,402.0,5878.48,94.57,2.0,2.8756,72.49,14.0,3.37,6.65,0.0533,95.14,1,1687.41,0.4241,6.87,284.42,Defect
2422,4,2025-08-28 14:00:00,386.0,13285.49,87.1,1.0,1.4717,96.38,16.0,0.89,5.89,0.0994,85.45,8,1201.08,0.4727,1.14,314.63,Defect
2423,5,2025-08-28 20:00:00,494.0,13928.45,92.25,2.0,4.4801,86.84,11.0,0.47,4.57,0.0445,90.52,2,1182.45,0.2544,9.5,313.9,Defect
2424,6,2025-08-29 02:00:00,109.0,18078.7,91.71,2.0,0.8842,85.83,10.0,1.7,4.81,0.0533,95.44,6,1748.54,0.3219,9.74,181.45,No Defect
2425,1,2025-08-29 08:00:00,806.0,13654.72,90.95,1.0,2.4997,82.38,18.0,3.12,7.4,0.0266,95.35,0,1402.13,0.1395,9.32,371.88,Defect
2426,2,2025-08-29 14:00:00,729.0,10182.21,92.81,0.0,4.3224,61.83,10.0,1.24,2.52,0.0899,93.08,0,3224.43,0.4861,5.52,107.66,Defect
2427,3,2025-08-29 20:00:00,369.0,17045.18,85.19,4.0,3.2713,97.28,1.0,1.5,6.68,0.0444,81.58,7,2432.36,0.4941,2.98,108.47,Defect
2428,4,2025-08-30 02:00:00,691.0,13104.18,81.69,3.0,1.8155,85.12,14.0,3.54,4.23,0.0815,81.01,8,2779.78,0.4156,4.52,291.39,Defect
2429,5,2025-08-30 08:00:00,704.0,6189.2,82.39,1.0,2.3934,99.76,4.0,0.51,5.73,0.008,87.77,2,3376.27,0.2816,6.53,316.76,No Defect
2430,6,2025-08-30 14:00:00,877.0,13487.76,84.49,2.0,3.6801,81.49,17.0,2.23,6.47,0.0788,80.53,5,3636.41,0.2986,4.41,209.96,Defect
2431,1,2025-08-30 20:00:00,943.0,18620.28,90.0,1.0,4.8797,88.4,20.0,4.71,9.09,0.049,98.08,2,3592.81,0.2741,7.37,320.67,Defect
2432,2,2025-08-31 02:00:00,961.0,10944.69,96.81,4.0,4.5191,62.25,20.0,1.98,6.63,0.0005,80.4,5,2043.43,0.2173,8.16,306.44,Defect
2433,3,2025-08-31 08:00:00,460.0,9444.89,94.03,5.0,2.0409,85.27,15.0,2.17,3.82,0.0226,80.59,6,4238.51,0.3111,2.88,239.69,Defect
2434,4,2025-08-31 14:00:00,356.0,7152.04,95.78,2.0,4.9919,90.59,3.0,3.69,2.64,0.0194,83.31,4,4670.84,0.1214,4.64,360.71,Defect
2435,5,2025-08-31 20:00:00,232.0,7271.68,87.02,3.0,0.5158,91.14,22.0,3.9,7.02,0.0752,92.54,2,2263.75,0.4968,9.62,483.17,Defect
2436,6,2025-09-01 02:00:00,375.0,11491.57,88.09,3.0,0.6243,90.8,9.0,3.85,6.36,0.0477,90.83,7,1068.26,0.2696,3.25,296.32,No Defect
2437,1,2025-09-01 08:00:00,875.0,13935.2,87.87,3.0,4.2073,69.05,21.0,4.99,7.37,0.016,93.19,4,4596.62,0.4709,4.12,414.42,Defect
2438,2,2025-09-01 14:00:00,782.0,6209.23,83.84,5.0,1.3976,99.02,1.0,0.36,5.68,0.0257,97.87,0,4694.19,0.3897,1.32,199.04,No Defect
2439,3,2025-09-01 20:00:00,612.0,19093.53,81.22,0.0,0.7735,99.81,14.0,4.91,8.6,0.0504,89.1,8,1203.79,0.216,3.99,404.78,Defect
2440,4,2025-09-02 02:00:00,412.0,16327.0,91.82,2.0,1.5672,63.02,3.0,4.75,9.36,0.002,80.88,2,1019.83,0.1888,4.34,359.56,Defect
2441,5,2025-09-02 08:00:00,675.0,13799.36,99.78,5.0,2.4175,97.46,15.0,4.26,2.32,0.0424,95.27,1,4265.62,0.4983,1.9,355.88,Defect
2442,6,2025-09-02 14:00:00,985.0,17426.58,83.34,2.0,3.7875,71.58,6.0,2.27,7.95,0.0678,96.24,2,2205.85,0.4089,1.01,457.21,Defect
2443,1,2025-09-02 20:00:00,383.0,6202.8,80.93,5.0,3.3095,87.57,11.0,4.35,2.28,0.0518,81.0,6,4658.33,0.1999,6.18,193.34,Defect
2444,2,2025-09-03 02:00:00,220.0,12152.58,95.59,5.0,1.5693,73.52,2.0,1.1,5.56,0.0598,84.86,9,1866.97,0.127,3.71,247.38,Defect
2445,3,2025-09-03 08:00:00,206.0,14451.4,85.05,0.0,2.7647,98.71,16.0,3.96,5.69,0.0327,95.41,7,4444.62,0.3788,1.16,133.23,Defect
2446,4,2025-09-03 14:00:00,786.0,17429.79,96.59,2.0,4.668,64.06,8.0,0.93,7.57,0.0183,87.52,1,1274.58,0.2212,8.74,390.45,Defect
2447,5,2025-09-03 20:00:00,303.0,16752.04,94.08,5.0,4.1675,79.91,7.0,4.08,4.82,0.081,89.45,6,2042.55,0.1885,6.26,437.55,Defect
2448,6,2025-09-04 02:00:00,264.0,9156.04,98.91,0.0,1.9544,77.12,22.0,3.07,8.57,0.0906,96.46,4,4892.52,0.394,2.54,262.33,Defect
2449,1,2025-09-04 08:00:00,404.0,19113.2,88.18,1.0,4.9202,73.04,5.0,0.49,4.74,0.0511,81.89,8,1924.79,0.3717,8.79,242.73,Defect
2450,2,2025-09-04 14:00:00,596.0,6865.19,93.24,4.0,3.6888,85.82,14.0,4.48,4.74,0.0305,93.55,6,1532.05,0.2926,3.28,363.46,Defect
2451,3,2025-09-04 20:00:00,731.0,18127.0,89.3,5.0,0.781,65.24,9.0,2.89,3.78,0.0511,84.3,0,4428.22,0.4771,3.05,130.24,Defect
2452,4,2025-09-05 02:00:00,655.0,19564.1,92.61,3.0,0.6582,88.67,22.0,3.28,7.47,0.0879,81.25,0,1471.2,0.3719,9.05,217.54,Defect
2453,5,2025-09-05 08:00:00,923.0,7657.3,88.99,0.0,1.2578,99.22,5.0,1.42,2.61,0.0691,93.25,5,1389.82,0.4574,2.62,246.49,Defect
2454,6,2025-09-05 14:00:00,255.0,15830.99,83.77,0.0,3.7754,92.18,14.0,4.36,4.9,0.0859,82.43,8,2293.7,0.1762,8.91,307.44,Defect
2455,1,2025-09-05 20:00:00,466.0,5604.28,90.16,5.0,1.3268,94.4,13.0,2.73,4.14,0.0328,94.94,0,3541.31,0.2187,8.23,290.63,Defect
2456,2,2025-09-06 02:00:00,818.0,11081.34,90.57,0.0,2.8017,74.39,18.0,2.11,3.83,0.0712,84.05,2,3842.99,0.1418,3.79,183.47,Defect
2457,3,2025-09-06 08:00:00,719.0,12744.25,96.21,1.0,0.9197,73.0,12.0,2.67,2.49,0.0653,80.97,4,4524.96,0.2218,1.31,316.32,Defect
2458,4,2025-09-06 14:00:00,350.0,13709.68,94.71,0.0,4.644,80.68,13.0,3.52,3.52,0.0572,81.99,3,3163.65,0.4887,1.74,470.35,Defect
2459,5,2025-09-06 20:00:00,981.0,19039.06,93.28,4.0,2.0478,61.83,2.0,3.48,5.57,0.0528,96.83,0,2573.67,0.4851,1.99,110.84,Defect
2460,6,2025-09-07 02:00:00,433.0,15083.76,82.27,4.0,4.5866,97.81,3.0,1.79,6.03,0.0551,87.42,9,2435.34,0.4042,9.02,372.12,Defect
2461,1,2025-09-07 08:00:00,741.0,12219.17,94.41,3.0,4.7519,65.75,13.0,1.93,4.16,0.085,86.05,3,4387.61,0.3084,4.64,349.88,Defect
2462,2,2025-09-07 14:00:00,610.0,17145.13,90.01,1.0,0.5276,96.12,13.0,2.81,7.2,0.0916,89.82,3,3895.26,0.4123,1.29,469.77,Defect
2463,3,2025-09-07 20:00:00,392.0,19257.99,97.88,4.0,2.5886,63.34,7.0,4.62,4.69,0.0113,92.66,9,4621.72,0.3214,6.01,358.14,Defect
2464,4,2025-09-08 02:00:00,119.0,5330.99,98.4,5.0,0.611,92.9,9.0,3.73,4.94,0.0569,80.74,3,4856.14,0.1014,2.87,349.94,No Defect
2465,5,2025-09-08 08:00:00,381.0,19737.82,81.1,2.0,4.5891,66.08,8.0,1.95,8.26,0.0918,97.96,2,2200.2,0.3006,3.12,407.92,Defect
2466,6,2025-09-08 14:00:00,896.0,6291.98,96.41,2.0,2.8328,61.53,13.0,1.69,6.42,0.0135,99.17,6,3118.7,0.3396,2.45,207.12,Defect
2467,1,2025-09-08 20:00:00,100.0,17215.8,80.75,2.0,0.8372,88.78,7.0,2.62,9.63,0.0413,88.35,0,3527.28,0.2063,7.86,338.29,No Defect
2468,2,2025-09-09 02:00:00,218.0,9205.02,87.34,5.0,0.9962,71.21,10.0,4.35,4.87,0.0089,88.25,1,1655.4,0.1813,1.01,307.77,Defect
2469,3,2025-09-09 08:00:00,134.0,6982.69,90.85,0.0,2.2258,88.58,9.0,0.04,8.62,0.0113,97.57,0,1213.39,0.2095,4.95,275.39,No Defect
2470,4,2025-09-09 14:00:00,297.0,11597.83,82.96,5.0,4.7311,82.2,17.0,3.55,7.91,0.0904,88.59,3,4471.06,0.3495,1.78,131.79,Defect
2471,5,2025-09-09 20:00:00,584.0,14659.35,94.93,0.0,3.6181,64.35,3.0,1.47,9.12,0.0446,97.12,4,3142.09,0.1584,5.97,217.05,Defect
2472,6,2025-09-10 02:00:00,856.0,10714.28,80.17,2.0,4.4043,97.29,3.0,1.04,9.65,0.0689,80.57,9,3283.1,0.3881,4.11,211.99,Defect
2473,1,2025-09-10 08:00:00,158.0,5818.48,83.37,3.0,2.1491,78.09,11.0,0.06,2.06,0.0139,89.79,4,3219.66,0.2691,1.26,389.7,Defect
2474,2,2025-09-10 14:00:00,936.0,13991.92,91.62,3.0,0.6945,89.38,17.0,4.48,2.71,0.0022,99.05,1,4019.84,0.2413,5.15,468.26,Defect
2475,3,2025-09-10 20:00:00,260.0,18536.05,94.29,0.0,4.8844,80.04,7.0,4.56,7.39,0.089,85.06,2,1582.01,0.4229,6.14,192.31,Defect
2476,4,2025-09-11 02:00:00,790.0,10748.23,98.33,2.0,0.5773,84.17,2.0,0.31,5.12,0.0575,85.32,3,3456.19,0.3024,3.23,129.85,No Defect
2477,5,2025-09-11 08:00:00,305.0,8244.99,94.11,5.0,4.7644,72.11,17.0,2.61,8.55,0.002,92.6,9,2877.92,0.2514,7.89,499.98,Defect
2478,6,2025-09-11 14:00:00,111.0,11638.66,93.44,3.0,2.159,68.01,6.0,0.76,2.1,0.0992,98.52,5,4587.83,0.4513,4.34,376.48,Defect
2479,1,2025-09-11 20:00:00,589.0,5725.44,87.89,0.0,0.5454,81.7,0.0,3.79,8.46,0.0492,83.97,5,3078.48,0.2473,7.74,454.59,No Defect
2480,2,2025-09-12 02:00:00,375.0,17307.31,80.03,5.0,3.6012,77.61,21.0,3.33,3.08,0.0476,98.43,1,4771.74,0.4436,6.21,157.55,Defect
2481,3,2025-09-12 08:00:00,792.0,17395.11,82.4,2.0,4.9124,75.6,12.0,1.49,4.32,0.0621,93.26,1,2413.01,0.3017,8.82,420.31,Defect
2482,4,2025-09-12 14:00:00,341.0,13820.01,90.69,1.0,4.8453,86.9,2.0,0.58,9.75,0.0008,99.86,8,4867.58,0.1832,5.92,425.33,Defect
2483,5,2025-09-12 20:00:00,315.0,10296.54,93.5,2.0,1.2242,87.62,2.0,4.16,2.41,0.0569,94.73,1,4500.63,0.3451,2.67,160.6,No Defect
2484,6,2025-09-13 02:00:00,350.0,16996.75,88.35,2.0,1.3156,61.84,14.0,3.37,4.79,0.0629,93.36,1,3337.05,0.2141,8.4,164.56,Defect
2485,1,2025-09-13 08:00:00,910.0,13320.31,94.61,5.0,3.0449,73.55,20.0,0.03,2.68,0.0297,96.3,2,2414.84,0.1589,8.05,218.18,Defect
2486,2,2025-09-13 14:00:00,225.0,17388.98,90.44,5.0,3.3679,76.47,18.0,3.14,8.83,0.0727,83.5,8,2503.69,0.1346,9.75,186.71,Defect
2487,3,2025-09-13 20:00:00,316.0,14471.88,81.48,4.0,3.8274,63.88,3.0,4.05,7.62,0.0377,98.92,5,4091.01,0.1967,1.84,490.16,Defect
2488,4,2025-09-14 02:00:00,405.0,16766.08,83.84,4.0,1.3147,69.44,12.0,2.95,8.4,0.0718,83.31,5,3322.53,0.3946,6.32,245.18,Defect
2489,5,2025-09-14 08:00:00,896.0,13978.44,96.8,5.0,4.8155,62.07,12.0,2.12,6.22,0.0144,80.51,9,2606.35,0.4352,5.43,404.52,Defect
2490,6,2025-09-14 14:00:00,284.0,11212.12,94.5,5.0,3.3743,99.85,14.0,2.92,4.86,0.0914,93.96,4,3544.22,0.4447,7.04,422.02,Defect
2491,1,2025-09-14 20:00:00,138.0,19369.19,97.9,1.0,4.3117,89.46,18.0,3.1,2.02,0.0879,83.69,6,3932.93,0.2081,9.82,254.38,Defect
2492,2,2025-09-15 02:00:00,322.0,13116.71,82.35,1.0,2.9303,63.5,15.0,3.2,4.22,0.0151,95.18,3,1091.6,0.3644,5.79,373.03,Defect
2493,3,2025-09-15 08:00:00,283.0,14076.34,99.8,2.0,2.3642,60.81,6.0,4.84,6.12,0.0938,95.9,9,1359.45,0.1921,7.17,143.12,Defect
2494,4,2025-09-15 14:00:00,594.0,8307.31,84.19,3.0,4.8973,88.77,2.0,0.89,7.31,0.0558,84.73,9,1377.94,0.3491,4.12,258.78,Defect
2495,5,2025-09-15 20:00:00,526.0,14384.76,80.24,1.0,3.1195,77.57,19.0,3.12,3.83,0.0702,81.73,2,1927.74,0.4549,3.69,486.92,Defect
2496,6,2025-09-16 02:00:00,277.0,13574.11,99.95,2.0,4.4009,91.47,1.0,0.94,3.11,0.084,90.02,6,2707.96,0.1164,4.02,167.41,Defect
2497,1,2025-09-16 08:00:00,527.0,7772.58,85.62,0.0,4.7898,96.94,17.0,1.05,3.61,0.0084,97.8,9,4214.6,0.4941,1.35,254.28,Defect
2498,2,2025-09-16 14:00:00,393.0,5893.81,93.36,4.0,3.5391,83.97,10.0,3.35,4.83,0.0169,96.95,0,2404.4,0.4308,3.56,416.21,Defect
2499,3,2025-09-16 20:00:00,951.0,14065.39,83.53,3.0,2.9702,67.48,0.0,4.58,3.19,0.029,82.34,5,1069.91,0.4047,2.56,366.17,Defect
2500,4,2025-09-17 02:00:00,250.0,16455.38,91.6,2.0,0.5158,91.29,15.0,0.8,3.25,0.0477,99.3,1,2933.45,0.3765,5.12,352.61,Defect
2501,5,2025-09-17 08:00:00,483.0,12851.02,98.08,5.0,0.6801,98.23,16.0,4.81,2.35,0.0346,85.28,1,4986.51,0.4081,5.15,441.3,Defect
2502,6,2025-09-17 14:00:00,737.0,8401.59,86.4,0.0,1.4038,83.21,15.0,1.6,8.85,0.0506,86.99,7,2396.08,0.4978,7.89,111.64,Defect
2503,1,2025-09-17 20:00:00,912.0,14997.83,93.41,4.0,1.337,87.28,9.0,1.96,3.76,0.0186,82.98,2,4845.02,0.4081,5.52,408.47,Defect
2504,2,2025-09-18 02:00:00,407.0,6201.59,83.76,0.0,1.6464,73.5,16.0,0.77,8.58,0.0682,87.56,8,1405.38,0.2406,5.17,453.02,Defect
2505,3,2025-09-18 08:00:00,435.0,11627.51,92.5,2.0,1.8722,75.26,2.0,3.08,5.51,0.0056,92.71,3,1692.4,0.3456,3.08,106.47,No Defect
2506,4,2025-09-18 14:00:00,845.0,7450.5,86.73,1.0,2.1203,89.39,17.0,2.98,7.06,0.0361,90.12,5,3896.49,0.2348,8.67,323.59,Defect
2507,5,2025-09-18 20:00:00,991.0,7766.89,84.22,4.0,2.3924,97.11,18.0,2.21,2.61,0.0179,96.55,0,3004.85,0.488,1.82,239.44,Defect
2508,6,2025-09-19 02:00:00,474.0,8034.41,86.26,0.0,0.9449,85.16,13.0,2.38,6.67,0.073,92.83,9,4060.49,0.4601,9.84,120.31,Defect
2509,1,2025-09-19 08:00:00,107.0,10800.61,83.58,1.0,0.6906,91.59,20.0,3.11,4.32,0.0884,85.27,9,4454.23,0.327,5.28,267.1,Defect
2510,2,2025-09-19 14:00:00,440.0,5767.25,98.04,3.0,3.5328,66.87,1.0,2.92,2.76,0.0079,91.15,2,2004.34,0.4125,2.67,357.61,Defect
2511,3,2025-09-19 20:00:00,228.0,10966.9,87.94,2.0,2.918,68.48,11.0,1.87,9.27,0.0785,81.28,3,3731.32,0.4639,4.19,467.61,Defect
2512,4,2025-09-20 02:00:00,875.0,12675.61,84.91,2.0,2.4986,81.28,10.0,4.42,6.83,0.0896,91.62,4,3430.4,0.1974,1.14,348.21,Defect
2513,5,2025-09-20 08:00:00,768.0,12249.41,88.97,4.0,3.355,67.06,16.0,3.34,3.93,0.0974,87.79,0,4446.14,0.3318,2.5,442.7,Defect
2514,6,2025-09-20 14:00:00,451.0,10741.76,86.41,0.0,4.2246,85.4,5.0,1.03,5.36,0.0579,81.97,3,2720.42,0.2927,4.02,148.63,Defect
2515,1,2025-09-20 20:00:00,457.0,17587.2,94.89,3.0,2.4246,71.67,18.0,1.6,4.86,0.0327,86.15,4,1207.48,0.4086,5.99,184.21,Defect
2516,2,2025-09-21 02:00:00,616.0,7179.9,99.42,5.0,3.385,91.66,12.0,3.94,7.6,0.0322,97.96,3,3296.74,0.2516,2.17,488.12,Defect
2517,3,2025-09-21 08:00:00,594.0,12585.45,88.76,4.0,4.7911,92.32,6.0,0.52,6.86,0.0379,91.72,9,4835.51,0.3836,7.08,454.96,Defect
2518,4,2025-09-21 14:00:00,185.0,5930.62,97.22,5.0,4.2783,78.55,21.0,3.75,2.16,0.0613,98.07,9,1058.52,0.2612,8.6,194.09,Defect
2519,5,2025-09-21 20:00:00,274.0,6067.34,91.32,4.0,2.417,67.23,10.0,1.79,3.58,0.049,88.22,6,1961.03,0.1444,6.15,348.39,Defect
2520,6,2025-09-22 02:00:00,901.0,13607.99,83.14,0.0,3.4012,85.87,6.0,2.76,5.83,0.0654,99.58,7,2264.27,0.1428,3.67,245.05,Defect
2521,1,2025-09-22 08:00:00,292.0,13490.28,93.81,3.0,1.2968,99.71,12.0,1.4,5.56,0.0039,87.2,7,4063.36,0.1476,2.09,287.44,Defect
2522,2,2025-09-22 14:00:00,410.0,18170.5,90.27,0.0,3.0223,84.9,12.0,4.93,6.13,0.0106,95.14,2,2293.11,0.113,1.14,444.35,Defect
2523,3,2025-09-22 20:00:00,218.0,13368.11,93.01,2.0,4.916,61.43,20.0,4.53,7.72,0.0977,86.11,4,1956.34,0.3132,7.59,394.29,Defect
2524,4,2025-09-23 02:00:00,317.0,19396.87,97.79,5.0,2.8324,60.69,0.0,4.64,7.46,0.0995,82.12,9,3594.23,0.3688,6.66,195.38,Defect
2525,5,2025-09-23 08:00:00,526.0,5730.42,88.81,1.0,4.6744,72.81,18.0,0.92,4.98,0.0747,96.66,7,1185.62,0.1507,5.29,226.4,Defect
2526,6,2025-09-23 14:00:00,513.0,6470.12,98.02,2.0,2.333,67.83,18.0,4.21,9.02,0.0256,95.25,6,1682.39,0.3447,1.92,215.88,Defect
2527,1,2025-09-23 20:00:00,213.0,5660.99,95.01,2.0,4.9948,92.52,22.0,2.68,2.5,0.0953,96.41,8,2632.12,0.3391,2.86,412.27,Defect
2528,2,2025-09-24 02:00:00,244.0,7779.15,89.77,5.0,3.1065,93.79,14.0,3.54,6.68,0.0214,85.99,9,2422.4,0.1588,8.34,296.04,Defect
2529,3,2025-09-24 08:00:00,637.0,13119.05,92.06,4.0,0.6902,70.34,13.0,1.09,9.6,0.0731,94.07,6,2388.66,0.2616,5.32,480.29,Defect
2530,4,2025-09-24 14:00:00,747.0,14683.58,86.51,2.0,3.1404,73.03,2.0,3.56,6.39,0.0115,84.4,1,1434.22,0.4021,9.67,426.67,Defect
2531,5,2025-09-24 20:00:00,402.0,5683.78,99.67,3.0,1.7356,69.45,20.0,4.57,5.64,0.0649,80.23,3,2443.36,0.1067,10.0,184.48,Defect
2532,6,2025-09-25 02:00:00,843.0,19189.56,93.35,2.0,0.6462,96.34,19.0,1.34,3.07,0.076,97.33,7,4191.97,0.1588,8.21,414.38,Defect
2533,1,2025-09-25 08:00:00,980.0,17632.48,80.88,3.0,4.1938,80.11,3.0,1.17,8.48,0.086,90.47,8,2655.38,0.4983,3.32,302.43,Defect
2534,2,2025-09-25 14:00:00,687.0,9449.19,86.53,0.0,1.7408,86.25,6.0,0.52,4.99,0.0734,99.67,6,3344.68,0.3934,3.08,201.48,No Defect
2535,3,2025-09-25 20:00:00,939.0,6157.81,92.47,4.0,4.0845,76.62,0.0,1.33,7.61,0.0923,87.7,4,1654.32,0.2857,3.28,245.33,Defect
2536,4,2025-09-26 02:00:00,444.0,7548.31,81.13,3.0,1.797,85.24,22.0,2.68,3.58,0.0521,99.14,0,1278.85,0.3519,9.88,488.85,Defect
2537,5,2025-09-26 08:00:00,913.0,6904.17,80.48,2.0,1.3745,75.43,23.0,4.16,2.33,0.0677,92.3,8,4519.82,0.4385,4.02,293.58,Defect
2538,6,2025-09-26 14:00:00,900.0,6849.26,89.0,4.0,4.8827,73.59,18.0,1.39,4.44,0.037,90.24,5,2325.49,0.4369,7.36,387.84,Defect
2539,1,2025-09-26 20:00:00,100.0,12778.43,86.65,4.0,2.1274,85.38,2.0,3.11,4.25,0.001,86.06,1,2401.35,0.2299,9.63,290.83,No Defect
2540,2,2025-09-27 02:00:00,246.0,8687.71,88.77,3.0,3.2062,83.64,19.0,2.4,8.99,0.0757,96.51,9,4510.75,0.2965,8.38,248.62,Defect
2541,3,2025-09-27 08:00:00,386.0,10372.1,85.25,3.0,3.2449,71.74,14.0,1.44,8.92,0.087,96.58,9,3831.09,0.3552,6.38,418.57,Defect
2542,4,2025-09-27 14:00:00,753.0,19842.58,83.29,1.0,3.0221,65.97,12.0,2.55,6.27,0.0174,88.34,1,4025.05,0.1288,2.52,439.33,Defect
2543,5,2025-09-27 20:00:00,152.0,15264.71,93.78,1.0,4.6161,74.74,21.0,0.84,2.15,0.0029,94.55,9,3728.01,0.4783,2.57,128.76,Defect
2544,6,2025-09-28 02:00:00,403.0,19234.71,90.29,4.0,3.535,76.61,13.0,3.2,3.83,0.0165,88.94,0,1423.17,0.2731,5.43,211.59,Defect
2545,1,2025-09-28 08:00:00,168.0,7138.35,84.0,5.0,2.3168,85.15,6.0,0.58,7.11,0.0895,94.79,3,4831.98,0.2483,9.57,303.15,No Defect
2546,2,2025-09-28 14:00:00,460.0,10732.09,86.39,5.0,4.3807,96.58,0.0,3.65,2.81,0.0296,99.88,9,4636.55,0.4628,9.14,226.6,Defect
2547,3,2025-09-28 20:00:00,701.0,13320.98,91.84,1.0,1.3148,61.45,12.0,0.89,7.6,0.0234,85.25,1,1944.88,0.1473,2.5,413.43,Defect
2548,4,2025-09-29 02:00:00,319.0,6151.37,81.44,2.0,2.9491,69.75,3.0,4.99,2.1,0.0015,92.68,9,4215.98,0.1157,3.59,145.89,Defect
2549,5,2025-09-29 08:00:00,803.0,5062.81,82.95,0.0,4.7775,67.75,11.0,4.12,7.46,0.0297,87.6,8,2637.59,0.374,6.3,419.12,Defect
2550,6,2025-09-29 14:00:00,674.0,15056.52,81.46,4.0,3.3143,80.09,6.0,1.72,8.76,0.0716,90.97,1,3735.07,0.254,5.3,347.15,Defect
2551,1,2025-09-29 20:00:00,684.0,14627.29,96.25,0.0,4.1764,77.19,1.0,2.13,5.75,0.0959,97.48,8,1662.41,0.4058,2.07,215.75,Defect
2552,2,2025-09-30 02:00:00,260.0,11161.83,95.05,1.0,3.441,89.16,16.0,1.3,8.63,0.0313,86.95,0,3154.22,0.1274,4.32,237.78,Defect
2553,3,2025-09-30 08:00:00,780.0,12344.66,95.07,3.0,4.2772,69.7,0.0,3.84,8.25,0.0241,81.45,6,1506.47,0.2535,9.59,173.16,Defect
2554,4,2025-09-30 14:00:00,188.0,11231.65,94.33,4.0,4.7502,83.78,13.0,1.9,7.37,0.0888,95.98,5,3144.67,0.1941,9.56,201.03,Defect
2555,5,2025-09-30 20:00:00,787.0,5360.08,93.39,1.0,1.7281,95.35,21.0,3.78,5.56,0.0853,91.1,5,1974.38,0.3958,6.03,386.91,Defect
2556,6,2025-10-01 02:00:00,880.0,10030.57,89.54,2.0,1.2635,96.43,20.0,0.09,4.18,0.0328,88.99,1,2809.87,0.1909,6.72,250.35,Defect
2557,1,2025-10-01 08:00:00,684.0,7656.23,92.85,4.0,2.678,98.35,0.0,0.68,8.89,0.0069,83.67,0,3671.88,0.2832,3.0,374.99,No Defect
2558,2,2025-10-01 14:00:00,856.0,6476.36,80.77,4.0,3.6584,90.93,2.0,1.82,7.19,0.0992,81.86,9,4508.3,0.4276,7.68,305.64,Defect
2559,3,2025-10-01 20:00:00,688.0,19350.81,92.43,5.0,1.5224,96.24,10.0,0.54,8.38,0.0681,85.57,7,1661.16,0.4662,1.47,158.12,No Defect
2560,4,2025-10-02 02:00:00,258.0,13990.4,95.56,3.0,0.5185,69.38,6.0,3.01,6.42,0.0927,94.38,7,4573.08,0.389,2.99,299.63,Defect
2561,5,2025-10-02 08:00:00,588.0,15929.84,90.01,4.0,2.0432,67.9,8.0,0.25,3.37,0.0342,88.24,1,2560.15,0.2717,1.05,402.59,Defect
2562,6,2025-10-02 14:00:00,423.0,9730.46,87.15,3.0,4.8599,60.26,21.0,4.3,9.84,0.0648,91.4,3,4375.19,0.3288,4.47,219.07,Defect
2563,1,2025-10-02 20:00:00,709.0,10897.21,85.55,1.0,3.6274,88.27,2.0,3.81,3.46,0.0674,81.64,3,3050.19,0.3759,8.65,359.23,Defect
2564,2,2025-10-03 02:00:00,480.0,8553.86,92.86,2.0,2.306,97.5,0.0,1.08,9.29,0.0873,82.46,1,4448.83,0.45,9.84,179.61,No Defect
2565,3,2025-10-03 08:00:00,201.0,6454.49,93.86,2.0,1.3666,67.48,18.0,2.42,3.67,0.0993,80.23,8,3651.3,0.4554,7.01,154.28,Defect
2566,4,2025-10-03 14:00:00,593.0,7685.47,97.42,4.0,2.1024,85.48,1.0,2.26,4.99,0.0109,93.47,3,3034.86,0.4724,7.7,244.09,No Defect
2567,5,2025-10-03 20:00:00,743.0,16962.71,86.85,4.0,1.2643,89.86,20.0,3.62,5.52,0.0631,85.29,3,2250.15,0.4243,3.36,255.68,Defect
2568,6,2025-10-04 02:00:00,713.0,15163.19,95.4,1.0,0.9784,97.1,23.0,2.01,9.37,0.0336,99.34,3,4875.64,0.1587,5.68,404.4,Defect
2569,1,2025-10-04 08:00:00,118.0,13203.93,91.23,5.0,4.5803,85.87,4.0,0.16,9.11,0.0812,86.17,4,4203.59,0.3991,7.63,284.03,Defect
2570,2,2025-10-04 14:00:00,553.0,12126.35,97.66,5.0,4.9894,98.81,16.0,1.37,8.59,0.0754,87.27,9,2524.75,0.4258,5.48,132.49,Defect
2571,3,2025-10-04 20:00:00,581.0,18836.51,90.56,5.0,1.2385,73.79,18.0,2.33,5.01,0.0893,89.39,7,1666.89,0.4511,1.8,353.6,Defect
2572,4,2025-10-05 02:00:00,693.0,6091.02,90.35,3.0,0.7454,74.0,4.0,4.87,2.04,0.0344,86.38,3,4118.14,0.4699,7.67,287.7,Defect
2573,5,2025-10-05 08:00:00,496.0,9209.01,91.56,5.0,1.9838,81.72,22.0,4.41,7.45,0.0185,96.35,2,4959.78,0.3037,2.98,232.66,Defect
2574,6,2025-10-05 14:00:00,378.0,10249.07,94.99,2.0,2.5775,75.34,20.0,0.91,5.29,0.0022,97.52,0,2115.9,0.362,1.88,420.89,Defect
2575,1,2025-10-05 20:00:00,950.0,16736.39,99.29,3.0,1.4217,60.06,13.0,3.62,8.06,0.0256,80.22,1,4663.45,0.1038,5.3,161.75,Defect
2576,2,2025-10-06 02:00:00,464.0,19887.72,81.47,1.0,1.8564,89.27,9.0,4.68,8.36,0.0367,93.09,3,1501.48,0.3291,1.67,465.28,No Defect
2577,3,2025-10-06 08:00:00,430.0,8610.06,81.07,2.0,1.4039,90.07,20.0,0.04,5.52,0.0946,93.72,8,4808.83,0.2893,6.66,233.62,Defect
2578,4,2025-10-06 14:00:00,740.0,18114.61,98.75,2.0,3.9842,89.88,6.0,3.6,7.98,0.0491,99.23,0,3981.36,0.4849,6.76,284.38,Defect
2579,5,2025-10-06 20:00:00,443.0,17459.34,90.6,0.0,3.7066,73.8,7.0,2.3,8.72,0.0556,87.41,5,2386.38,0.4607,3.31,471.69,Defect
2580,6,2025-10-07 02:00:00,921.0,8369.86,92.3,1.0,3.3573,80.89,7.0,3.4,9.43,0.088,83.91,5,2218.53,0.419,9.68,404.5,Defect
2581,1,2025-10-07 08:00:00,554.0,10989.99,89.65,1.0,2.2425,74.4,6.0,3.03,6.66,0.0885,90.41,9,3573.74,0.1228,8.42,129.72,Defect
2582,2,2025-10-07 14:00:00,700.0,11145.09,81.87,0.0,4.5907,60.64,12.0,4.92,8.23,0.0528,88.95,2,3374.03,0.2608,1.99,331.32,Defect
2583,3,2025-10-07 20:00:00,824.0,19673.31,95.36,3.0,4.8629,82.5,13.0,1.44,5.96,0.0114,95.83,9,4675.75,0.3784,7.74,224.15,Defect
2584,4,2025-10-08 02:00:00,754.0,7713.38,94.94,5.0,1.2814,64.95,18.0,3.93,2.33,0.0271,98.08,8,4064.97,0.1119,4.18,303.4,Defect
2585,5,2025-10-08 08:00:00,164.0,16987.37,86.23,5.0,1.5036,63.2,10.0,1.17,3.24,0.0457,81.73,9,3161.46,0.1943,7.75,397.19,Defect
2586,6,2025-10-08 14:00:00,175.0,10012.89,86.12,5.0,2.8653,90.22,1.0,2.18,3.03,0.0751,96.93,2,4710.26,0.455,8.21,298.47,No Defect
2587,1,2025-10-08 20:00:00,810.0,15963.06,96.76,5.0,0.9106,60.38,16.0,4.88,3.37,0.0712,98.18,0,3370.92,0.1519,2.36,128.41,Defect
2588,2,2025-10-09 02:00:00,242.0,11300.17,81.45,5.0,2.464,98.36,5.0,3.83,2.08,0.0643,98.48,1,4398.74,0.1205,6.96,311.99,No Defect
2589,3,2025-10-09 08:00:00,927.0,13675.4,97.62,0.0,3.1181,80.61,8.0,1.58,8.87,0.088,95.29,3,4363.77,0.3322,8.76,109.65,Defect
2590,4,2025-10-09 14:00:00,704.0,17489.18,85.13,1.0,2.8493,99.32,18.0,3.1,6.48,0.0803,94.84,3,4676.78,0.4786,3.91,239.36,Defect
2591,5,2025-10-09 20:00:00,572.0,17062.48,91.86,3.0,1.9891,62.32,4.0,0.25,5.07,0.0982,80.3,1,1270.41,0.4338,1.72,291.21,Defect
2592,6,2025-10-10 02:00:00,516.0,17996.35,98.72,2.0,2.941,83.34,8.0,1.33,5.28,0.0889,98.4,9,3335.28,0.4899,1.25,357.87,No Defect
2593,1,2025-10-10 08:00:00,404.0,5894.26,93.56,5.0,4.8146,73.97,6.0,3.59,5.71,0.0196,87.03,5,2873.57,0.4014,1.99,302.48,Defect
2594,2,2025-10-10 14:00:00,835.0,15380.76,88.29,0.0,1.4271,93.74,3.0,2.85,2.59,0.0058,80.82,5,2962.17,0.2749,1.04,160.78,Defect
2595,3,2025-10-10 20:00:00,596.0,7099.81,93.79,3.0,3.4467,74.45,17.0,2.35,4.2,0.0415,88.26,2,2839.64,0.4786,3.94,472.89,Defect
2596,4,2025-10-11 02:00:00,390.0,11237.28,86.88,3.0,0.6953,70.42,17.0,3.45,8.81,0.0618,94.66,0,4349.87,0.2707,3.69,360.12,Defect
2597,5,2025-10-11 08:00:00,201.0,13228.83,85.55,3.0,0.7989,94.3,19.0,1.99,7.95,0.0643,88.84,9,2273.73,0.24,1.99,226.79,Defect
2598,6,2025-10-11 14:00:00,366.0,11041.09,99.93,0.0,2.9832,74.99,16.0,0.13,6.51,0.0268,95.16,8,2851.0,0.2793,6.86,486.38,Defect
2599,1,2025-10-11 20:00:00,966.0,12794.18,95.02,2.0,0.9722,60.67,3.0,2.21,5.85,0.086,90.19,3,1802.73,0.4256,9.93,453.03,Defect
2600,2,2025-10-12 02:00:00,721.0,19947.89,92.89,5.0,0.6006,75.61,21.0,4.51,4.07,0.0329,85.99,8,2006.87,0.4671,9.11,157.4,Defect
2601,3,2025-10-12 08:00:00,941.0,7028.26,87.11,3.0,1.2718,86.18,15.0,4.28,5.77,0.0919,84.06,4,3641.68,0.2431,3.28,362.17,Defect
2602,4,2025-10-12 14:00:00,876.0,15131.84,80.98,0.0,3.0418,70.17,21.0,2.04,6.78,0.0472,88.42,6,1467.74,0.2849,7.93,324.03,Defect
2603,5,2025-10-12 20:00:00,102.0,10940.01,80.62,1.0,3.665,77.28,22.0,0.11,7.7,0.001,80.72,2,1751.29,0.4593,9.43,177.12,Defect
2604,6,2025-10-13 02:00:00,184.0,6995.15,91.08,0.0,1.4112,62.27,4.0,3.18,3.33,0.0162,88.45,2,3112.14,0.1188,9.16,193.39,Defect
2605,1,2025-10-13 08:00:00,893.0,7381.05,95.24,0.0,3.5072,83.52,8.0,3.71,8.5,0.0102,81.37,7,1175.09,0.4135,8.96,325.51,Defect
2606,2,2025-10-13 14:00:00,427.0,19239.1,90.75,0.0,1.3211,90.25,1.0,1.47,4.77,0.0044,97.54,0,1507.71,0.2817,8.08,228.52,No Defect
2607,3,2025-10-13 20:00:00,915.0,18194.02,96.82,3.0,3.2606,76.53,1.0,2.38,6.03,0.0714,91.51,7,4453.41,0.2506,3.64,433.93,Defect
2608,4,2025-10-14 02:00:00,549.0,18605.63,80.67,0.0,2.3538,76.81,3.0,4.96,6.86,0.0192,92.92,7,4384.59,0.2788,1.75,139.1,No Defect
2609,5,2025-10-14 08:00:00,553.0,19872.99,87.34,1.0,3.4421,63.53,19.0,2.88,5.9,0.0839,85.78,2,2391.1,0.2675,5.39,465.61,Defect
2610,6,2025-10-14 14:00:00,728.0,8124.73,84.74,3.0,4.9777,68.08,19.0,1.76,6.58,0.0264,84.52,0,2391.97,0.4026,1.49,436.22,Defect
2611,1,2025-10-14 20:00:00,320.0,10331.59,88.95,1.0,4.7202,66.19,16.0,3.14,2.89,0.0032,94.16,8,4746.06,0.4712,9.99,395.45,Defect
2612,2,2025-10-15 02:00:00,253.0,15038.29,81.45,4.0,0.5193,79.27,19.0,0.9,5.46,0.0821,93.43,3,1103.36,0.2966,4.22,205.03,Defect
2613,3,2025-10-15 08:00:00,764.0,12257.04,99.08,0.0,4.4845,81.17,20.0,1.0,4.24,0.0466,82.45,6,3321.18,0.4331,9.63,385.98,Defect
2614,4,2025-10-15 14:00:00,111.0,11275.84,84.47,5.0,0.7992,97.96,18.0,4.62,2.69,0.06,84.77,8,3389.56,0.3928,7.96,275.51,Defect
2615,5,2025-10-15 20:00:00,232.0,10367.17,98.45,5.0,4.7887,62.93,2.0,1.2,3.53,0.0336,98.93,2,4151.55,0.2323,4.7,353.5,Defect
2616,6,2025-10-16 02:00:00,403.0,13906.71,88.52,3.0,1.7682,83.99,4.0,1.55,6.82,0.0046,86.08,4,4807.0,0.3349,2.06,225.02,No Defect
2617,1,2025-10-16 08:00:00,392.0,13633.9,99.71,5.0,2.2192,81.06,9.0,2.72,3.57,0.037,80.52,9,2423.31,0.3667,3.13,434.34,No Defect
2618,2,2025-10-16 14:00:00,399.0,7421.87,91.08,3.0,0.9124,80.65,5.0,4.5,3.45,0.0518,81.28,2,2751.33,0.1094,7.06,116.23,No Defect
2619,3,2025-10-16 20:00:00,839.0,12076.1,98.62,0.0,1.0052,94.93,2.0,3.91,6.42,0.0012,95.51,4,3685.19,0.2584,8.47,376.58,Defect
2620,4,2025-10-17 02:00:00,882.0,13302.08,80.11,2.0,3.7703,68.22,16.0,0.22,9.24,0.0574,95.14,1,4869.09,0.4971,9.81,431.45,Defect
2621,5,2025-10-17 08:00:00,142.0,13554.3,94.96,2.0,4.7495,61.63,9.0,3.47,8.31,0.0893,87.64,3,4563.17,0.3549,2.19,358.57,Defect
2622,6,2025-10-17 14:00:00,442.0,8151.61,98.06,1.0,3.2484,86.89,23.0,2.52,9.24,0.0218,83.06,1,3668.21,0.2337,2.4,176.8,Defect
2623,1,2025-10-17 20:00:00,425.0,16134.07,82.79,0.0,3.7213,73.81,11.0,2.38,6.66,0.0927,89.96,2,4426.89,0.2,1.38,213.99,Defect
2624,2,2025-10-18 02:00:00,913.0,5377.99,81.92,5.0,3.9289,60.7,0.0,3.46,5.28,0.0098,86.64,4,1340.82,0.1838,3.34,305.96,Defect
2625,3,2025-10-18 08:00:00,597.0,10322.48,88.49,0.0,1.6827,70.05,17.0,0.98,7.84,0.0825,87.48,8,2508.51,0.2607,8.39,231.78,Defect
2626,4,2025-10-18 14:00:00,463.0,16703.19,98.67,4.0,0.7035,72.37,18.0,4.91,4.09,0.084,85.22,2,1052.37,0.1773,2.78,101.97,Defect
2627,5,2025-10-18 20:00:00,990.0,13458.39,90.85,2.0,0.5084,84.67,21.0,3.23,2.62,0.0258,81.26,9,1709.89,0.1541,5.93,116.27,Defect
2628,6,2025-10-19 02:00:00,526.0,8917.44,90.55,5.0,2.0779,66.9,19.0,1.83,4.76,0.0958,95.82,5,3521.97,0.2456,5.02,407.11,Defect
2629,1,2025-10-19 08:00:00,120.0,15424.3,82.82,2.0,1.5866,76.52,3.0,3.0,4.39,0.0417,92.36,3,4542.25,0.3428,3.93,133.48,No Defect
2630,2,2025-10-19 14:00:00,506.0,13510.86,80.02,0.0,0.7804,79.3,14.0,1.08,7.4,0.0141,96.69,3,3531.12,0.1586,6.57,471.21,Defect
2631,3,2025-10-19 20:00:00,718.0,16943.65,96.2,5.0,1.3079,78.37,8.0,3.17,6.41,0.0592,90.06,9,3656.55,0.1177,5.52,277.09,No Defect
2632,4,2025-10-20 02:00:00,435.0,16025.38,81.75,1.0,1.0602,98.96,5.0,0.14,3.11,0.0997,99.7,9,1415.29,0.1139,4.01,403.27,No Defect
2633,5,2025-10-20 08:00:00,914.0,14151.62,92.68,0.0,4.617,61.82,11.0,1.71,9.27,0.0899,99.25,4,3659.44,0.207,7.2,150.2,Defect
2634,6,2025-10-20 14:00:00,216.0,12322.67,98.29,1.0,1.1312,98.04,17.0,3.74,6.75,0.0279,85.44,6,2817.39,0.1761,3.52,470.6,Defect
2635,1,2025-10-20 20:00:00,223.0,6997.73,84.17,5.0,2.9194,83.28,22.0,4.04,5.66,0.0577,87.74,3,3605.76,0.3157,6.79,113.52,Defect
2636,2,2025-10-21 02:00:00,498.0,8920.0,93.31,2.0,3.169,91.83,14.0,1.26,9.5,0.0115,95.05,7,2304.69,0.2823,9.62,116.85,Defect
2637,3,2025-10-21 08:00:00,892.0,11286.49,81.57,4.0,2.9457,77.22,18.0,2.7,2.78,0.0462,95.53,8,3325.94,0.2299,7.56,121.83,Defect
2638,4,2025-10-21 14:00:00,903.0,13989.49,92.08,3.0,0.9458,78.15,8.0,2.64,8.32,0.0523,98.21,8,2696.28,0.4334,4.77,141.36,Defect
2639,5,2025-10-21 20:00:00,814.0,12705.62,83.28,2.0,1.9346,95.17,21.0,2.11,4.92,0.0315,93.05,8,3234.55,0.302,7.73,294.73,Defect
2640,6,2025-10-22 02:00:00,150.0,9322.77,94.72,1.0,0.7307,95.84,23.0,1.14,7.56,0.0484,89.5,1,1588.36,0.1366,8.28,415.31,Defect
2641,1,2025-10-22 08:00:00,882.0,5096.97,86.02,0.0,2.2805,69.55,12.0,3.52,9.45,0.092,87.55,2,2583.3,0.2183,3.93,213.98,Defect
2642,2,2025-10-22 14:00:00,423.0,12443.59,89.27,5.0,1.3487,67.97,15.0,1.26,6.14,0.05,88.38,4,2497.11,0.4893,7.35,398.31,Defect
2643,3,2025-10-22 20:00:00,888.0,9284.39,91.99,2.0,3.0273,79.85,12.0,4.56,2.18,0.0831,97.01,0,3945.58,0.4908,4.91,409.62,Defect
2644,4,2025-10-23 02:00:00,240.0,16019.12,83.43,4.0,3.6176,96.01,0.0,2.64,2.23,0.0317,99.6,3,3825.64,0.2019,8.37,463.31,Defect
2645,5,2025-10-23 08:00:00,569.0,5359.19,94.83,5.0,2.8945,72.89,17.0,4.35,4.64,0.0971,81.04,4,4635.43,0.1669,3.66,159.74,Defect
2646,6,2025-10-23 14:00:00,886.0,13772.42,86.05,1.0,2.4541,86.08,21.0,1.45,8.25,0.0093,91.6,8,3528.22,0.2983,9.44,154.21,Defect
2647,1,2025-10-23 20:00:00,901.0,19122.11,93.25,5.0,2.243,88.33,2.0,4.04,4.31,0.0586,90.4,7,2258.19,0.2926,6.17,148.84,Defect
2648,2,2025-10-24 02:00:00,433.0,7616.14,83.17,5.0,4.2876,91.15,16.0,0.57,4.68,0.079,87.52,0,4132.9,0.2641,4.18,243.72,Defect
2649,3,2025-10-24 08:00:00,992.0,12074.74,93.76,0.0,1.4872,82.56,21.0,3.83,8.28,0.0814,97.03,2,2987.99,0.3117,4.77,295.77,Defect
2650,4,2025-10-24 14:00:00,472.0,6371.33,82.56,3.0,3.804,76.1,4.0,1.93,2.93,0.0198,91.51,2,1773.97,0.1929,4.13,284.64,Defect
2651,5,2025-10-24 20:00:00,663.0,14385.23,88.51,1.0,3.9087,98.68,5.0,2.35,8.77,0.0402,86.26,5,3989.65,0.146,2.32,202.82,Defect
2652,6,2025-10-25 02:00:00,593.0,13257.98,84.94,0.0,2.3864,84.45,20.0,0.83,4.13,0.0624,88.88,3,1530.13,0.3282,1.62,348.79,Defect
2653,1,2025-10-25 08:00:00,638.0,11110.48,94.97,3.0,1.8379,89.14,16.0,0.09,2.41,0.0316,87.14,3,1712.61,0.473,3.9,235.31,Defect
2654,2,2025-10-25 14:00:00,768.0,12820.66,85.24,0.0,2.6174,73.8,16.0,3.33,2.94,0.0658,88.6,0,4035.02,0.1551,5.13,246.43,Defect
2655,3,2025-10-25 20:00:00,850.0,18448.62,97.63,3.0,0.9195,86.8,0.0,2.94,9.62,0.0379,81.43,9,4080.58,0.3819,4.26,142.21,Defect
2656,4,2025-10-26 02:00:00,255.0,7944.41,97.84,3.0,0.7067,70.31,6.0,3.11,5.61,0.0351,82.24,3,4163.13,0.2752,1.13,336.89,Defect
2657,5,2025-10-26 08:00:00,390.0,5338.47,83.93,3.0,1.0022,69.8,21.0,1.28,4.05,0.0108,92.47,0,2173.3,0.2176,6.21,362.11,Defect
2658,6,2025-10-26 14:00:00,747.0,17924.97,92.28,0.0,1.3422,88.59,15.0,1.2,6.17,0.0039,93.68,4,4466.35,0.4412,2.3,403.18,Defect
2659,1,2025-10-26 20:00:00,243.0,13656.76,81.75,5.0,2.7688,80.86,4.0,4.15,7.46,0.0835,92.73,2,3890.67,0.2826,2.9,461.6,No Defect
2660,2,2025-10-27 02:00:00,205.0,18359.88,87.83,3.0,4.3211,87.33,15.0,3.81,4.55,0.049,95.26,9,4335.87,0.3333,2.09,406.4,Defect
2661,3,2025-10-27 08:00:00,519.0,13954.18,94.27,5.0,1.5604,70.78,3.0,1.68,7.8,0.0563,98.87,4,3834.42,0.2772,5.68,194.3,Defect
2662,4,2025-10-27 14:00:00,769.0,17152.42,93.19,1.0,4.7082,83.95,10.0,3.19,4.02,0.0372,97.21,2,3318.39,0.1325,1.86,194.26,Defect
2663,5,2025-10-27 20:00:00,757.0,11445.1,92.49,4.0,4.7971,77.76,13.0,4.14,2.9,0.0137,88.37,4,1437.58,0.338,3.31,466.03,Defect
2664,6,2025-10-28 02:00:00,101.0,16247.9,85.65,5.0,4.8151,83.88,12.0,4.44,6.4,0.045,84.35,3,3843.74,0.2675,5.07,416.05,Defect
2665,1,2025-10-28 08:00:00,688.0,18695.62,87.56,4.0,4.269,71.64,23.0,0.03,3.21,0.0229,86.24,8,3761.84,0.1347,2.51,412.9,Defect
2666,2,2025-10-28 14:00:00,743.0,13581.84,82.06,3.0,2.1372,88.62,7.0,4.07,9.52,0.0838,91.75,5,2249.96,0.3383,5.02,387.89,No Defect
2667,3,2025-10-28 20:00:00,189.0,7711.78,94.38,4.0,0.8271,92.24,20.0,1.75,2.0,0.0987,97.12,9,3943.28,0.1039,4.08,206.88,Defect
2668,4,2025-10-29 02:00:00,444.0,9031.96,90.08,4.0,3.0597,70.4,19.0,3.59,8.05,0.0889,94.03,1,3201.82,0.1834,8.75,438.96,Defect
2669,5,2025-10-29 08:00:00,449.0,7979.67,94.18,3.0,3.0141,72.02,14.0,1.86,4.24,0.0528,90.86,0,3237.62,0.4124,8.15,157.15,Defect
2670,6,2025-10-29 14:00:00,558.0,8702.86,84.98,5.0,4.3249,86.45,17.0,3.03,8.77,0.0628,92.04,0,2470.42,0.1152,9.94,240.01,Defect
2671,1,2025-10-29 20:00:00,362.0,9596.23,86.49,3.0,4.982,87.82,6.0,3.23,2.48,0.0948,90.57,0,1467.14,0.3587,5.76,238.59,Defect
2672,2,2025-10-30 02:00:00,450.0,13327.01,86.68,1.0,2.7867,88.16,20.0,2.02,9.62,0.0539,99.43,8,1867.71,0.4799,6.18,324.05,Defect
2673,3,2025-10-30 08:00:00,207.0,13819.87,80.51,2.0,2.0534,87.31,18.0,2.56,2.81,0.0639,96.32,4,4075.33,0.1685,9.52,285.38,Defect
2674,4,2025-10-30 14:00:00,685.0,11397.5,86.82,0.0,1.3366,75.71,8.0,3.63,8.3,0.0629,95.63,3,2085.77,0.2668,4.6,283.92,No Defect
2675,5,2025-10-30 20:00:00,138.0,14231.31,96.07,3.0,0.5216,75.79,10.0,2.38,6.14,0.0708,90.35,9,1009.01,0.3302,6.0,321.43,No Defect
2676,6,2025-10-31 02:00:00,258.0,6223.62,97.95,3.0,2.791,70.19,9.0,0.07,5.44,0.064,86.64,4,4988.07,0.2802,4.41,266.17,Defect
2677,1,2025-10-31 08:00:00,682.0,6316.82,90.36,4.0,2.9998,66.27,13.0,0.06,4.24,0.0671,80.39,8,1842.73,0.3482,5.91,199.99,Defect
2678,2,2025-10-31 14:00:00,411.0,7577.44,89.11,1.0,4.2122,87.7,15.0,3.31,8.73,0.0726,80.87,2,3621.53,0.2616,1.73,365.65,Defect
2679,3,2025-10-31 20:00:00,340.0,12771.16,80.62,4.0,2.7706,63.73,7.0,4.24,3.6,0.0809,80.6,2,4707.69,0.1594,8.05,416.25,Defect
2680,4,2025-11-01 02:00:00,544.0,8209.92,97.58,5.0,4.6241,97.51,0.0,3.93,7.77,0.0403,99.61,1,3398.85,0.1356,9.87,291.6,Defect
2681,5,2025-11-01 08:00:00,397.0,9249.27,80.26,3.0,3.3264,93.07,11.0,1.55,5.57,0.0746,82.29,7,4196.12,0.3978,1.59,359.79,Defect
2682,6,2025-11-01 14:00:00,135.0,11004.69,98.9,3.0,4.2815,94.3,2.0,2.36,9.99,0.01,82.84,6,4905.49,0.1954,8.21,314.15,Defect
2683,1,2025-11-01 20:00:00,183.0,17177.99,89.78,4.0,1.1674,96.27,1.0,1.17,6.89,0.0876,89.68,1,4441.45,0.439,3.18,123.6,No Defect
2684,2,2025-11-02 02:00:00,551.0,5207.93,86.84,3.0,4.349,76.34,15.0,4.95,2.83,0.029,89.63,3,3231.62,0.3972,2.78,269.23,Defect
2685,3,2025-11-02 08:00:00,985.0,14740.68,98.48,5.0,3.5381,93.87,3.0,1.3,5.36,0.0403,98.4,6,2454.81,0.1198,7.24,103.94,Defect
2686,4,2025-11-02 14:00:00,874.0,15033.15,80.49,2.0,1.266,66.32,1.0,2.08,2.53,0.0804,81.47,0,2929.86,0.1805,1.4,364.75,Defect
2687,5,2025-11-02 20:00:00,921.0,16979.84,91.63,0.0,1.3539,60.87,11.0,3.41,4.29,0.0637,99.14,0,4367.3,0.2168,5.17,303.26,Defect
2688,6,2025-11-03 02:00:00,484.0,18991.29,90.98,0.0,4.6693,91.4,23.0,4.38,4.75,0.0309,84.33,7,4413.42,0.3378,1.01,150.73,Defect
2689,1,2025-11-03 08:00:00,271.0,5302.07,84.39,0.0,0.645,62.99,16.0,0.26,8.83,0.0225,99.4,5,4383.42,0.4239,5.99,316.88,Defect
2690,2,2025-11-03 14:00:00,475.0,7306.76,88.58,2.0,2.5814,99.54,19.0,1.51,8.7,0.0958,90.83,1,3388.9,0.1241,5.16,459.37,Defect
2691,3,2025-11-03 20:00:00,784.0,18292.57,93.05,3.0,1.9106,86.99,20.0,2.84,2.09,0.0088,93.04,9,2907.82,0.1998,9.24,236.2,Defect
2692,4,2025-11-04 02:00:00,461.0,11877.78,94.54,4.0,3.4928,90.14,9.0,3.09,6.26,0.0004,86.31,9,2245.35,0.2505,7.48,492.95,Defect
2693,5,2025-11-04 08:00:00,658.0,13468.86,80.01,1.0,4.2783,69.83,19.0,0.35,3.79,0.0673,92.24,0,1013.44,0.1734,2.13,483.75,Defect
2694,6,2025-11-04 14:00:00,990.0,14945.41,98.74,3.0,2.1217,86.95,7.0,3.32,4.56,0.0614,94.22,2,4057.94,0.3181,4.19,414.12,Defect
2695,1,2025-11-04 20:00:00,240.0,15186.0,83.29,2.0,2.4211,61.73,17.0,2.64,2.17,0.0738,80.21,3,2107.99,0.2912,9.38,425.52,Defect
2696,2,2025-11-05 02:00:00,986.0,18976.11,84.67,5.0,4.9186,93.51,17.0,4.14,8.0,0.0732,80.68,4,2318.71,0.2266,7.53,264.22,Defect
2697,3,2025-11-05 08:00:00,217.0,19954.24,85.27,2.0,4.0276,66.78,17.0,1.11,9.6,0.0863,99.73,9,4373.92,0.3068,6.35,261.02,Defect
2698,4,2025-11-05 14:00:00,376.0,15802.36,80.76,0.0,4.5374,87.89,1.0,0.98,3.75,0.0922,89.15,2,1209.0,0.2423,6.03,481.76,Defect
2699,5,2025-11-05 20:00:00,825.0,9308.32,82.46,3.0,2.4744,68.98,11.0,3.97,4.73,0.0775,98.72,4,4710.48,0.2373,4.58,246.48,Defect
2700,6,2025-11-06 02:00:00,319.0,18196.29,99.73,0.0,1.5533,62.74,9.0,3.52,3.65,0.0232,94.6,6,1005.45,0.2062,6.27,138.75,Defect
2701,1,2025-11-06 08:00:00,125.0,5738.31,86.3,1.0,2.3534,79.26,7.0,3.96,9.44,0.0463,87.46,8,4756.68,0.3162,7.94,161.08,No Defect
2702,2,2025-11-06 14:00:00,620.0,8466.21,82.31,5.0,3.7224,66.77,18.0,3.91,2.07,0.0642,83.02,4,2819.03,0.2776,2.15,384.16,Defect
2703,3,2025-11-06 20:00:00,882.0,18460.79,82.14,0.0,0.9924,89.18,9.0,0.52,6.67,0.0539,99.56,3,1408.49,0.1785,9.73,253.19,Defect
2704,4,2025-11-07 02:00:00,109.0,8842.87,94.39,1.0,1.7171,69.5,10.0,1.39,8.97,0.0159,91.69,9,3696.65,0.1052,3.15,179.74,Defect
2705,5,2025-11-07 08:00:00,477.0,8309.77,97.09,2.0,0.7099,73.7,13.0,1.3,3.49,0.0589,83.85,8,4583.43,0.1604,5.03,425.51,Defect
2706,6,2025-11-07 14:00:00,732.0,7071.88,85.14,0.0,2.4456,82.7,14.0,4.67,6.72,0.0887,93.63,7,2752.29,0.1171,1.2,295.47,Defect
2707,1,2025-11-07 20:00:00,736.0,17886.68,80.42,0.0,4.2235,71.4,23.0,2.44,2.41,0.0419,81.84,4,3765.43,0.2726,5.95,327.06,Defect
2708,2,2025-11-08 02:00:00,781.0,12500.87,84.46,4.0,0.611,75.12,22.0,0.56,8.52,0.0669,97.36,8,4917.45,0.19,4.44,161.58,Defect
2709,3,2025-11-08 08:00:00,683.0,15123.4,81.13,5.0,3.539,92.62,9.0,1.45,4.2,0.0616,81.8,8,1962.8,0.2682,3.25,177.1,Defect
2710,4,2025-11-08 14:00:00,251.0,8586.0,82.07,5.0,4.6962,67.17,3.0,4.36,9.91,0.0377,84.72,0,4281.8,0.2318,9.87,150.34,Defect
2711,5,2025-11-08 20:00:00,819.0,16370.61,88.63,2.0,1.5662,63.29,6.0,4.24,9.38,0.0565,81.83,5,2180.95,0.3152,4.85,305.82,Defect
2712,6,2025-11-09 02:00:00,148.0,16400.08,84.6,4.0,3.6214,73.13,10.0,4.5,7.86,0.021,82.08,4,2705.35,0.3895,4.73,410.26,Defect
2713,1,2025-11-09 08:00:00,253.0,9688.97,90.32,1.0,4.888,76.98,23.0,1.94,5.97,0.0546,90.48,5,2127.06,0.2917,5.17,392.91,Defect
2714,2,2025-11-09 14:00:00,958.0,11160.24,85.07,1.0,4.8303,81.71,21.0,3.21,8.13,0.0799,93.74,9,2784.05,0.1248,2.05,204.49,Defect
2715,3,2025-11-09 20:00:00,392.0,8145.35,98.81,2.0,1.5572,74.9,21.0,1.39,3.04,0.0759,95.77,2,1020.36,0.107,4.54,440.62,Defect
2716,4,2025-11-10 02:00:00,679.0,19648.42,98.12,5.0,0.9515,91.6,2.0,0.9,4.48,0.0358,93.9,2,2213.76,0.1853,4.03,142.26,No Defect
2717,5,2025-11-10 08:00:00,149.0,14684.04,91.34,1.0,1.1673,61.57,4.0,0.11,2.22,0.0112,87.27,9,2781.18,0.27,5.19,145.62,Defect
2718,6,2025-11-10 14:00:00,763.0,19018.16,87.09,2.0,3.6592,77.27,1.0,1.12,7.16,0.08,91.15,4,3528.96,0.118,8.71,439.72,Defect
2719,1,2025-11-10 20:00:00,630.0,9550.78,87.62,1.0,3.7659,75.29,11.0,3.02,8.44,0.0265,98.55,6,3549.45,0.2311,2.74,197.77,Defect
2720,2,2025-11-11 02:00:00,711.0,16728.36,88.24,3.0,3.5341,85.9,20.0,4.52,9.57,0.0053,87.75,3,3335.14,0.4548,6.47,383.25,Defect
2721,3,2025-11-11 08:00:00,159.0,16487.88,94.55,0.0,2.0124,98.65,4.0,0.67,7.49,0.0445,85.05,5,2172.13,0.136,1.34,103.63,No Defect
2722,4,2025-11-11 14:00:00,266.0,15374.83,89.03,5.0,1.264,80.42,6.0,4.59,7.86,0.0739,90.39,4,4789.62,0.4794,3.85,137.44,No Defect
2723,5,2025-11-11 20:00:00,301.0,19484.58,97.13,3.0,3.1134,99.48,3.0,1.73,9.16,0.0808,85.95,1,2567.88,0.4427,5.25,343.72,Defect
2724,6,2025-11-12 02:00:00,956.0,10903.33,98.88,2.0,2.6766,72.09,10.0,2.13,9.49,0.0982,85.24,0,1867.58,0.4327,1.67,172.97,Defect
2725,1,2025-11-12 08:00:00,245.0,6960.76,86.72,2.0,3.7798,61.23,21.0,1.82,5.93,0.0189,95.58,5,3218.05,0.4455,5.9,111.29,Defect
2726,2,2025-11-12 14:00:00,775.0,15075.63,91.21,3.0,2.4861,66.63,8.0,2.04,2.88,0.0294,97.82,4,3995.71,0.132,3.79,286.78,Defect
2727,3,2025-11-12 20:00:00,538.0,15939.65,81.9,0.0,2.0239,75.8,3.0,1.3,5.73,0.0609,90.05,8,1048.93,0.1605,9.94,232.21,No Defect
2728,4,2025-11-13 02:00:00,341.0,13625.91,84.01,0.0,1.8207,72.65,21.0,3.49,6.45,0.0811,95.6,6,2105.38,0.1537,6.68,420.9,Defect
2729,5,2025-11-13 08:00:00,680.0,8102.27,88.27,4.0,1.4516,63.88,8.0,3.79,7.05,0.0234,83.74,0,4299.91,0.1445,3.2,427.53,Defect
2730,6,2025-11-13 14:00:00,786.0,12566.84,84.12,1.0,1.6959,77.31,11.0,4.12,9.91,0.041,90.95,9,3028.08,0.2311,1.92,345.77,Defect
2731,1,2025-11-13 20:00:00,660.0,9682.85,97.53,4.0,0.9267,73.52,15.0,1.71,9.34,0.0408,92.72,5,2633.95,0.4321,1.37,217.21,Defect
2732,2,2025-11-14 02:00:00,582.0,11412.0,83.17,0.0,2.0609,64.9,0.0,3.82,5.17,0.0773,89.81,6,4723.61,0.2008,1.82,284.65,Defect
2733,3,2025-11-14 08:00:00,207.0,14678.28,89.11,3.0,0.6646,71.84,7.0,3.19,2.91,0.0241,82.34,2,1358.14,0.1977,7.12,380.9,Defect
2734,4,2025-11-14 14:00:00,325.0,16178.22,92.11,1.0,1.3389,95.46,0.0,4.79,3.72,0.0969,94.68,8,3462.28,0.3704,8.69,127.72,No Defect
2735,5,2025-11-14 20:00:00,772.0,8483.37,93.84,3.0,3.8605,72.08,19.0,2.12,3.39,0.051,96.78,1,2368.75,0.1388,2.41,233.0,Defect
2736,6,2025-11-15 02:00:00,730.0,11079.88,87.66,4.0,1.9646,88.56,18.0,4.96,4.85,0.0282,92.7,0,1283.29,0.2441,4.62,428.95,Defect
2737,1,2025-11-15 08:00:00,760.0,9037.42,97.38,2.0,3.5071,84.48,3.0,3.7,9.01,0.0284,83.38,9,1854.98,0.2182,4.19,262.41,Defect
2738,2,2025-11-15 14:00:00,761.0,7979.47,91.37,3.0,3.726,77.09,13.0,3.88,5.5,0.0018,81.49,9,3511.73,0.4389,6.8,349.87,Defect
2739,3,2025-11-15 20:00:00,531.0,16750.81,88.79,4.0,3.1153,69.56,22.0,0.13,6.54,0.0692,86.03,8,1113.11,0.3058,2.64,138.53,Defect
2740,4,2025-11-16 02:00:00,904.0,18638.79,81.34,4.0,4.8141,74.76,13.0,2.49,3.43,0.0776,80.74,6,3369.0,0.3586,9.58,410.82,Defect
2741,5,2025-11-16 08:00:00,754.0,10553.48,89.29,4.0,0.5965,83.68,8.0,2.64,5.94,0.0032,96.78,9,4827.4,0.1516,7.56,140.19,No Defect
2742,6,2025-11-16 14:00:00,518.0,16269.18,96.41,2.0,3.8239,74.03,8.0,0.2,8.99,0.0586,94.06,0,4180.38,0.4716,9.6,444.61,Defect
2743,1,2025-11-16 20:00:00,554.0,18454.93,92.29,2.0,4.8145,68.6,16.0,1.56,8.19,0.0782,91.27,3,2382.39,0.229,3.5,142.64,Defect
2744,2,2025-11-17 02:00:00,259.0,17691.86,96.64,2.0,4.3802,64.66,14.0,4.78,2.65,0.0376,97.79,9,1552.83,0.3827,6.29,456.36,Defect
2745,3,2025-11-17 08:00:00,622.0,7742.2,89.88,1.0,1.2555,95.19,9.0,2.13,8.9,0.0433,82.2,2,2860.26,0.4819,7.59,245.51,No Defect
2746,4,2025-11-17 14:00:00,749.0,19344.38,82.37,2.0,1.9707,77.61,16.0,0.93,4.19,0.0362,94.29,6,2571.8,0.3035,7.4,349.81,Defect
2747,5,2025-11-17 20:00:00,689.0,10650.15,80.27,2.0,1.276,85.01,8.0,2.57,7.33,0.0316,82.93,4,4886.93,0.303,1.19,438.62,No Defect
2748,6,2025-11-18 02:00:00,176.0,10088.61,86.06,2.0,3.2059,79.62,3.0,0.17,3.17,0.0491,81.22,8,4959.47,0.1469,9.98,104.1,Defect
2749,1,2025-11-18 08:00:00,608.0,5936.47,93.96,3.0,3.7048,94.9,13.0,2.58,7.4,0.0166,82.66,2,2642.34,0.2561,9.35,206.28,Defect
2750,2,2025-11-18 14:00:00,540.0,12292.6,95.81,2.0,1.9268,81.88,2.0,2.97,2.29,0.0441,99.02,5,1595.14,0.441,2.08,463.34,No Defect
2751,3,2025-11-18 20:00:00,353.0,6635.2,85.92,1.0,2.9278,79.23,20.0,1.79,6.81,0.0942,88.81,9,4642.44,0.154,5.89,255.27,Defect
2752,4,2025-11-19 02:00:00,869.0,8728.1,89.91,4.0,3.6091,96.98,11.0,3.81,7.17,0.0027,80.98,1,4174.17,0.467,3.83,382.55,Defect
2753,5,2025-11-19 08:00:00,419.0,9754.14,88.42,3.0,2.396,88.79,21.0,0.68,3.96,0.0165,91.67,2,3045.1,0.3669,8.91,156.0,Defect
2754,6,2025-11-19 14:00:00,902.0,17132.39,88.21,0.0,4.3431,64.46,0.0,4.39,9.5,0.0778,83.99,3,2461.42,0.2684,7.28,371.35,Defect
2755,1,2025-11-19 20:00:00,362.0,18132.33,84.63,2.0,3.972,67.11,0.0,4.78,2.37,0.0132,80.14,5,2792.66,0.3186,3.01,129.26,Defect
2756,2,2025-11-20 02:00:00,696.0,9536.99,82.73,4.0,0.791,91.48,12.0,0.01,9.13,0.0271,95.17,0,4607.52,0.1602,1.3,386.93,Defect
2757,3,2025-11-20 08:00:00,757.0,17880.47,83.93,4.0,3.2951,93.43,13.0,4.21,5.06,0.0455,83.1,5,1738.57,0.187,3.63,229.52,Defect
2758,4,2025-11-20 14:00:00,934.0,17858.46,81.11,3.0,1.559,81.81,15.0,2.53,7.71,0.0943,98.85,3,4227.13,0.2146,1.34,286.34,Defect
2759,5,2025-11-20 20:00:00,653.0,16469.76,83.96,0.0,3.0088,82.18,6.0,2.31,7.21,0.0184,91.86,7,1072.76,0.2539,2.27,166.5,Defect
2760,6,2025-11-21 02:00:00,473.0,7200.43,80.18,5.0,4.806,85.28,9.0,1.19,3.35,0.0923,81.74,8,4682.29,0.4662,6.73,351.14,Defect
2761,1,2025-11-21 08:00:00,736.0,15354.84,92.55,1.0,4.4558,77.56,14.0,2.24,4.55,0.0719,84.36,7,3001.19,0.247,7.71,235.03,Defect
2762,2,2025-11-21 14:00:00,266.0,19175.36,86.33,5.0,2.3203,87.21,7.0,4.75,6.24,0.0671,92.22,7,1906.99,0.3095,5.21,253.35,No Defect
2763,3,2025-11-21 20:00:00,852.0,15238.11,99.46,4.0,1.8118,64.34,10.0,1.05,8.77,0.0724,86.76,1,1011.43,0.1648,6.4,360.88,Defect
2764,4,2025-11-22 02:00:00,558.0,9974.25,83.87,5.0,1.5548,98.45,23.0,0.9,9.64,0.0031,90.64,9,3238.19,0.3944,2.4,171.54,Defect
2765,5,2025-11-22 08:00:00,379.0,12508.69,86.92,4.0,2.8963,90.01,13.0,1.21,2.16,0.0099,95.99,1,1977.95,0.3241,3.85,440.8,Defect
2766,6,2025-11-22 14:00:00,799.0,14685.88,87.16,5.0,1.0141,85.25,12.0,2.76,4.82,0.0335,95.85,5,3525.06,0.276,7.42,395.71,Defect
2767,1,2025-11-22 20:00:00,401.0,12658.56,80.17,4.0,2.9717,72.65,22.0,4.65,7.35,0.0074,93.96,4,2124.68,0.4789,4.28,331.09,Defect
2768,2,2025-11-23 02:00:00,630.0,6799.29,96.78,4.0,0.506,66.44,12.0,2.87,6.22,0.0988,97.72,5,1352.1,0.4563,4.14,151.33,Defect
2769,3,2025-11-23 08:00:00,679.0,9680.96,80.64,3.0,1.9573,76.37,8.0,1.22,9.54,0.058,83.99,8,3020.21,0.3638,2.75,374.84,No Defect
2770,4,2025-11-23 14:00:00,317.0,17035.94,98.8,0.0,1.4897,86.46,16.0,2.2,2.14,0.0487,83.54,9,3257.94,0.4687,6.35,107.24,Defect
2771,5,2025-11-23 20:00:00,201.0,17921.27,97.84,4.0,4.8705,85.35,17.0,1.95,5.5,0.0786,95.99,6,2810.36,0.3259,8.29,421.76,Defect
2772,6,2025-11-24 02:00:00,653.0,7059.5,90.71,1.0,3.7726,75.31,18.0,0.23,7.35,0.0977,86.42,4,2832.14,0.4308,5.23,221.52,Defect
2773,1,2025-11-24 08:00:00,387.0,19285.8,90.87,1.0,2.0734,84.53,12.0,2.55,3.74,0.0955,90.24,9,3358.6,0.2638,2.04,146.88,Defect
2774,2,2025-11-24 14:00:00,266.0,9932.34,93.08,2.0,0.9178,92.55,11.0,0.63,7.81,0.0793,94.88,6,3105.41,0.1347,8.55,165.8,Defect
2775,3,2025-11-24 20:00:00,720.0,14934.71,87.74,4.0,2.8256,61.05,20.0,4.21,2.65,0.0377,87.92,7,1530.27,0.4977,1.64,485.25,Defect
2776,4,2025-11-25 02:00:00,135.0,16277.38,92.94,4.0,1.4605,78.02,19.0,2.74,5.61,0.0066,82.6,0,1788.34,0.1663,5.25,409.53,Defect
2777,5,2025-11-25 08:00:00,843.0,17179.19,80.9,4.0,2.9139,90.34,19.0,4.22,7.41,0.0098,93.59,9,1567.16,0.2006,3.35,195.15,Defect
2778,6,2025-11-25 14:00:00,840.0,19186.25,81.08,5.0,4.2591,81.85,7.0,4.78,4.13,0.0001,96.34,6,3773.18,0.1652,9.43,485.39,Defect
2779,1,2025-11-25 20:00:00,452.0,9693.79,89.14,4.0,3.2711,86.06,23.0,4.72,2.59,0.0002,80.26,3,3114.39,0.235,7.64,156.05,Defect
2780,2,2025-11-26 02:00:00,775.0,17877.6,90.99,4.0,3.352,80.67,10.0,0.5,9.66,0.0936,91.25,4,2719.42,0.2157,6.1,393.41,Defect
2781,3,2025-11-26 08:00:00,998.0,6975.3,97.76,1.0,2.9346,99.67,6.0,4.72,9.31,0.0927,89.39,1,4193.36,0.3404,7.01,362.7,Defect
2782,4,2025-11-26 14:00:00,172.0,15575.61,82.09,0.0,4.6727,62.18,0.0,3.98,9.41,0.0668,85.19,9,2303.18,0.4986,5.79,428.59,Defect
2783,5,2025-11-26 20:00:00,747.0,16129.67,96.45,0.0,4.6936,79.64,9.0,3.89,9.83,0.0727,83.22,4,3272.43,0.121,2.33,252.68,Defect
2784,6,2025-11-27 02:00:00,452.0,15165.85,84.2,2.0,2.8073,63.66,14.0,0.45,3.48,0.0513,83.76,8,1297.63,0.4114,7.38,260.73,Defect
2785,1,2025-11-27 08:00:00,990.0,8784.72,87.88,1.0,1.8759,66.39,3.0,0.9,3.26,0.0238,94.5,0,3977.62,0.1512,5.43,349.83,Defect
2786,2,2025-11-27 14:00:00,169.0,18095.65,86.33,4.0,2.5681,75.32,0.0,4.88,2.27,0.0914,90.72,2,3780.77,0.1079,6.71,259.28,No Defect
2787,3,2025-11-27 20:00:00,524.0,7532.88,88.0,0.0,1.3395,66.22,10.0,1.07,9.13,0.0278,99.62,3,4209.52,0.3554,1.41,116.54,Defect
2788,4,2025-11-28 02:00:00,807.0,5804.52,83.01,3.0,3.3635,98.55,4.0,0.85,8.02,0.074,84.86,8,4537.9,0.4493,2.28,391.88,Defect
2789,5,2025-11-28 08:00:00,880.0,15761.97,90.07,3.0,2.7504,97.87,18.0,1.81,7.07,0.0245,99.14,1,4032.11,0.1705,6.3,356.38,Defect
2790,6,2025-11-28 14:00:00,660.0,12132.14,96.03,3.0,0.9649,73.44,18.0,4.57,9.42,0.087,90.3,6,4377.96,0.2366,5.13,269.49,Defect
2791,1,2025-11-28 20:00:00,927.0,17736.47,88.83,4.0,1.3894,85.59,3.0,2.38,6.6,0.0651,82.92,8,2382.62,0.1675,3.04,221.13,Defect
2792,2,2025-11-29 02:00:00,741.0,10750.96,89.81,4.0,2.6583,81.35,1.0,4.6,3.04,0.0643,82.96,9,2373.35,0.4626,3.17,228.29,No Defect
2793,3,2025-11-29 08:00:00,616.0,7524.18,96.98,2.0,4.4942,92.62,6.0,1.67,3.41,0.0097,92.17,3,4777.2,0.2081,6.68,396.41,Defect
2794,4,2025-11-29 14:00:00,527.0,17546.63,94.12,2.0,3.0488,85.1,12.0,1.13,3.06,0.0419,96.63,4,4658.3,0.2779,1.53,391.66,Defect
2795,5,2025-11-29 20:00:00,638.0,13233.64,89.81,2.0,3.5669,60.01,19.0,2.48,4.46,0.0525,94.95,9,3193.99,0.4579,4.91,427.57,Defect
2796,6,2025-11-30 02:00:00,259.0,7837.94,85.15,5.0,2.0256,90.53,20.0,3.08,5.04,0.0294,93.11,3,2466.24,0.3211,5.71,404.87,Defect
2797,1,2025-11-30 08:00:00,248.0,15805.76,97.7,3.0,3.0714,89.87,11.0,1.96,8.37,0.0881,83.44,6,4464.01,0.4731,3.77,403.18,Defect
2798,2,2025-11-30 14:00:00,875.0,12666.7,91.54,4.0,2.5132,80.39,1.0,1.73,3.53,0.0838,82.17,7,2293.64,0.4706,8.38,200.71,Defect
2799,3,2025-11-30 20:00:00,329.0,14064.69,84.42,3.0,3.4661,96.12,21.0,1.09,7.8,0.0494,80.0,7,1614.54,0.2846,1.51,140.65,Defect
2800,4,2025-12-01 02:00:00,811.0,11913.48,85.38,2.0,0.7276,96.34,8.0,1.38,5.93,0.034,82.04,2,3557.97,0.333,8.79,404.7,Defect
2801,5,2025-12-01 08:00:00,661.0,17430.63,96.06,4.0,2.7199,80.96,15.0,3.37,10.0,0.0802,95.33,1,1170.49,0.1921,7.51,139.45,Defect
2802,6,2025-12-01 14:00:00,166.0,17443.44,80.88,1.0,1.832,84.32,7.0,1.85,8.21,0.0197,97.9,5,2516.41,0.4962,5.02,492.84,No Defect
2803,1,2025-12-01 20:00:00,911.0,15640.83,99.84,0.0,1.9678,99.86,23.0,0.4,9.75,0.0072,84.81,0,4230.66,0.2113,9.32,450.04,Defect
2804,2,2025-12-02 02:00:00,480.0,6581.02,82.61,0.0,4.8241,71.95,17.0,0.69,4.74,0.0046,95.9,8,2180.86,0.4133,7.32,313.38,Defect
2805,3,2025-12-02 08:00:00,157.0,17582.81,95.92,2.0,1.3221,72.98,3.0,1.86,2.98,0.0039,83.98,6,4725.26,0.2252,9.38,240.87,Defect
2806,4,2025-12-02 14:00:00,358.0,15065.19,87.9,3.0,1.9006,67.31,23.0,4.62,6.05,0.0489,84.99,7,4823.3,0.2252,5.25,310.74,Defect
2807,5,2025-12-02 20:00:00,441.0,15455.36,89.84,1.0,2.7945,95.83,10.0,1.9,2.99,0.0255,84.48,6,4263.27,0.1415,5.08,393.72,No Defect
2808,6,2025-12-03 02:00:00,937.0,10444.74,97.61,4.0,4.3836,89.78,16.0,0.3,5.94,0.069,81.03,4,4950.57,0.324,5.78,402.53,Defect
2809,1,2025-12-03 08:00:00,229.0,18189.19,88.26,3.0,2.375,64.23,7.0,2.09,4.16,0.0654,83.88,4,3123.06,0.1979,1.59,129.47,Defect
2810,2,2025-12-03 14:00:00,826.0,15880.57,90.75,2.0,3.8474,99.27,18.0,3.34,5.93,0.0542,87.47,6,3276.8,0.1594,9.18,421.94,Defect
2811,3,2025-12-03 20:00:00,271.0,6688.86,80.99,3.0,4.3537,89.24,7.0,2.97,9.6,0.0353,88.11,6,4344.67,0.1907,7.01,356.6,Defect
2812,4,2025-12-04 02:00:00,869.0,11116.67,80.05,2.0,1.8951,94.02,5.0,1.39,4.31,0.085,86.19,1,2971.22,0.2004,6.56,116.23,Defect
2813,5,2025-12-04 08:00:00,713.0,18295.71,84.9,5.0,2.2674,61.93,22.0,3.44,9.95,0.071,90.29,1,2626.88,0.3016,9.34,225.26,Defect
2814,6,2025-12-04 14:00:00,308.0,5707.95,93.61,0.0,2.1045,80.2,1.0,3.15,3.83,0.0272,87.56,6,3459.01,0.2544,9.94,304.26,No Defect
2815,1,2025-12-04 20:00:00,902.0,19421.25,82.43,0.0,4.2479,87.94,14.0,0.86,3.66,0.0502,99.41,4,3630.64,0.1302,2.47,175.38,Defect
2816,2,2025-12-05 02:00:00,453.0,15187.44,82.28,3.0,0.6996,81.72,0.0,0.81,6.36,0.0156,96.15,1,4003.58,0.3144,7.74,162.1,No Defect
2817,3,2025-12-05 08:00:00,570.0,14470.64,88.22,1.0,1.8879,86.67,5.0,2.74,8.74,0.0329,98.62,0,3672.8,0.4151,6.22,105.71,No Defect
2818,4,2025-12-05 14:00:00,897.0,9058.39,92.96,4.0,3.5573,92.71,18.0,3.3,8.0,0.0997,91.15,8,3982.89,0.3297,5.15,464.62,Defect
2819,5,2025-12-05 20:00:00,215.0,8731.88,94.24,2.0,3.0445,74.97,3.0,4.81,7.79,0.0224,93.57,7,3698.24,0.4898,9.8,122.44,Defect
2820,6,2025-12-06 02:00:00,363.0,19130.87,83.57,4.0,2.4633,93.95,12.0,2.11,4.26,0.0698,83.33,1,2921.78,0.1397,8.65,246.4,Defect
2821,1,2025-12-06 08:00:00,761.0,9474.09,81.59,0.0,2.9298,66.52,14.0,3.82,2.18,0.0238,95.06,1,1539.74,0.4285,7.27,182.31,Defect
2822,2,2025-12-06 14:00:00,911.0,16632.58,98.81,1.0,1.3891,70.84,8.0,0.58,3.29,0.0938,84.72,2,4141.77,0.3023,4.44,396.41,Defect
2823,3,2025-12-06 20:00:00,541.0,10896.83,85.21,1.0,2.4382,61.73,2.0,4.45,4.8,0.031,82.92,3,1123.12,0.3086,6.99,382.87,Defect
2824,4,2025-12-07 02:00:00,647.0,7088.81,97.07,4.0,2.7577,74.58,1.0,3.17,9.77,0.0347,80.84,8,4970.0,0.3076,5.79,422.49,Defect
2825,5,2025-12-07 08:00:00,552.0,5160.73,97.27,0.0,4.5554,75.2,15.0,3.15,9.36,0.0594,89.44,5,4313.83,0.2301,3.24,346.72,Defect
2826,6,2025-12-07 14:00:00,944.0,13163.86,95.45,4.0,1.6738,92.21,17.0,0.71,3.61,0.0588,85.74,2,3683.64,0.2298,5.05,336.66,Defect
2827,1,2025-12-07 20:00:00,576.0,19636.68,83.38,3.0,4.4052,86.13,17.0,0.2,7.8,0.0579,99.73,7,4866.43,0.3527,2.91,262.84,Defect
2828,2,2025-12-08 02:00:00,386.0,10537.04,96.44,1.0,3.3991,77.47,5.0,3.51,6.63,0.0573,85.0,5,3449.88,0.1179,5.5,354.54,Defect
2829,3,2025-12-08 08:00:00,402.0,10357.89,95.39,1.0,0.5915,86.08,17.0,0.59,2.4,0.0312,97.33,7,1225.73,0.3355,7.48,146.08,Defect
2830,4,2025-12-08 14:00:00,410.0,10161.37,91.93,3.0,3.7608,62.11,10.0,0.63,4.97,0.0434,86.33,9,3237.53,0.3898,1.33,373.81,Defect
2831,5,2025-12-08 20:00:00,307.0,12808.16,86.74,0.0,0.66,67.21,6.0,0.94,5.89,0.0593,94.98,1,2108.82,0.2425,7.89,141.56,Defect
2832,6,2025-12-09 02:00:00,717.0,11609.97,85.25,1.0,4.9882,85.08,22.0,0.49,7.34,0.0671,93.2,7,2477.91,0.1869,1.18,444.7,Defect
2833,1,2025-12-09 08:00:00,545.0,18198.72,82.44,5.0,4.4269,85.65,22.0,3.13,4.36,0.0253,91.24,4,2838.34,0.1854,5.66,302.27,Defect
2834,2,2025-12-09 14:00:00,769.0,12582.81,90.2,5.0,1.838,90.97,13.0,2.11,9.47,0.0701,88.34,9,4098.4,0.1327,6.16,312.14,Defect
2835,3,2025-12-09 20:00:00,732.0,12616.37,91.71,5.0,1.6584,76.12,17.0,1.33,5.62,0.0923,93.42,3,3011.72,0.1359,7.85,333.94,Defect
2836,4,2025-12-10 02:00:00,154.0,7075.57,87.19,2.0,2.2165,88.9,6.0,2.2,3.99,0.0758,88.15,2,2898.72,0.1667,7.85,410.42,No Defect
2837,5,2025-12-10 08:00:00,111.0,19741.09,89.51,2.0,2.1028,87.36,9.0,4.22,4.53,0.0084,90.96,8,2207.89,0.1077,4.76,291.39,No Defect
2838,6,2025-12-10 14:00:00,756.0,8749.59,87.27,0.0,2.1755,98.54,7.0,4.64,8.02,0.0469,91.8,9,3159.49,0.2065,1.6,271.04,No Defect
2839,1,2025-12-10 20:00:00,499.0,6100.46,92.82,3.0,1.9322,68.61,23.0,2.44,7.12,0.0435,85.35,6,1993.56,0.2226,7.24,215.33,Defect
2840,2,2025-12-11 02:00:00,747.0,14947.19,98.03,4.0,3.2951,82.07,13.0,2.83,7.94,0.0337,86.79,6,2043.98,0.4981,5.6,151.22,Defect
2841,3,2025-12-11 08:00:00,614.0,13930.5,83.28,0.0,1.2392,84.07,17.0,1.29,4.34,0.0491,80.36,5,4029.04,0.4967,4.0,176.14,Defect
2842,4,2025-12-11 14:00:00,755.0,11227.18,87.63,4.0,4.3069,99.95,4.0,2.57,4.61,0.044,97.04,8,2370.19,0.1748,3.11,100.21,Defect
2843,5,2025-12-11 20:00:00,641.0,11332.88,82.82,0.0,4.1558,68.05,13.0,3.74,5.17,0.0006,95.12,2,1205.6,0.1852,2.08,447.77,Defect
2844,6,2025-12-12 02:00:00,336.0,16775.96,92.5,2.0,2.6442,80.93,21.0,2.46,3.51,0.0237,83.67,0,2374.71,0.2968,3.66,405.98,Defect
2845,1,2025-12-12 08:00:00,378.0,7935.69,94.58,5.0,4.3373,73.85,21.0,1.51,7.53,0.0214,87.24,6,3554.29,0.1595,5.13,187.47,Defect
2846,2,2025-12-12 14:00:00,447.0,17303.8,98.64,3.0,1.6122,81.04,21.0,2.91,4.63,0.0349,88.42,8,4255.94,0.3016,5.3,100.96,Defect
2847,3,2025-12-12 20:00:00,726.0,14731.21,85.58,2.0,0.579,69.29,9.0,4.73,4.61,0.0174,86.69,5,4847.75,0.2598,6.24,296.85,Defect
2848,4,2025-12-13 02:00:00,203.0,11284.55,99.0,3.0,3.2864,61.9,14.0,4.44,4.15,0.0068,95.96,9,3984.88,0.2298,4.26,265.03,Defect
2849,5,2025-12-13 08:00:00,729.0,11870.43,81.27,4.0,2.5606,82.9,5.0,3.85,5.62,0.0197,94.51,1,2715.41,0.429,9.28,410.4,No Defect
2850,6,2025-12-13 14:00:00,616.0,8849.71,92.06,0.0,3.0522,73.43,8.0,1.38,8.18,0.0854,95.34,7,2196.48,0.4312,5.46,261.16,Defect
2851,1,2025-12-13 20:00:00,971.0,16281.71,81.14,1.0,4.547,67.28,9.0,1.21,8.68,0.0797,98.08,8,1518.52,0.4952,4.81,445.65,Defect
2852,2,2025-12-14 02:00:00,347.0,12693.12,97.88,1.0,4.8647,72.96,22.0,4.19,8.44,0.0442,91.9,9,3510.75,0.1892,1.43,138.34,Defect
2853,3,2025-12-14 08:00:00,463.0,9812.82,90.6,3.0,3.355,61.97,16.0,0.91,6.97,0.0878,92.29,7,3039.53,0.4553,6.39,246.34,Defect
2854,4,2025-12-14 14:00:00,420.0,13940.75,93.39,5.0,3.9383,98.02,0.0,3.03,4.24,0.0233,94.44,8,3710.81,0.3151,6.43,473.58,Defect
2855,5,2025-12-14 20:00:00,732.0,19936.02,96.63,5.0,0.8771,83.25,13.0,2.19,7.88,0.0584,93.62,0,1948.53,0.3366,6.25,104.69,Defect
2856,6,2025-12-15 02:00:00,385.0,11528.93,83.01,3.0,1.2232,92.59,3.0,2.34,2.31,0.0143,97.4,2,2294.58,0.4585,8.99,256.32,No Defect
2857,1,2025-12-15 08:00:00,248.0,18810.37,80.77,2.0,3.7994,76.92,1.0,2.27,8.39,0.0833,95.4,2,2168.38,0.4771,7.87,203.88,Defect
2858,2,2025-12-15 14:00:00,183.0,10175.25,97.58,1.0,2.4411,96.13,2.0,4.5,8.24,0.0131,82.41,8,4190.61,0.3907,8.81,312.74,No Defect
2859,3,2025-12-15 20:00:00,505.0,5820.99,86.3,2.0,2.5068,79.33,6.0,0.44,7.36,0.0032,98.57,2,1684.92,0.2391,1.53,211.51,No Defect
2860,4,2025-12-16 02:00:00,555.0,8063.63,82.58,4.0,1.8887,82.96,22.0,3.91,2.78,0.0273,93.66,9,3433.89,0.2959,3.86,447.96,Defect
2861,5,2025-12-16 08:00:00,842.0,11280.43,89.37,1.0,3.2331,79.67,13.0,4.18,9.98,0.0901,82.54,0,1205.42,0.346,3.87,474.86,Defect
2862,6,2025-12-16 14:00:00,899.0,8294.52,91.97,4.0,1.3332,89.33,11.0,4.71,8.05,0.0129,95.44,2,3198.11,0.4315,6.91,439.65,Defect
2863,1,2025-12-16 20:00:00,260.0,5003.41,80.62,0.0,3.3211,82.67,18.0,2.26,7.88,0.0331,87.17,1,1255.66,0.3632,5.04,259.43,Defect
2864,2,2025-12-17 02:00:00,883.0,18725.02,85.5,2.0,1.2821,70.86,17.0,2.5,2.51,0.0316,96.12,8,1703.51,0.2462,8.0,495.97,Defect
2865,3,2025-12-17 08:00:00,559.0,17658.19,80.66,3.0,0.7872,65.82,14.0,4.81,5.19,0.0802,99.11,0,1452.1,0.2672,4.46,394.01,Defect
2866,4,2025-12-17 14:00:00,649.0,16134.38,88.41,1.0,1.9866,84.24,0.0,2.29,2.69,0.0422,85.1,1,2386.9,0.1202,2.99,242.24,No Defect
2867,5,2025-12-17 20:00:00,599.0,7517.22,97.9,2.0,1.5401,79.57,2.0,2.52,4.89,0.0612,97.15,0,2374.93,0.4697,3.62,137.48,No Defect
2868,6,2025-12-18 02:00:00,837.0,6805.45,99.65,3.0,4.5005,63.84,14.0,1.66,6.56,0.0404,95.47,8,4305.68,0.1352,2.64,366.82,Defect
2869,1,2025-12-18 08:00:00,608.0,6014.07,92.74,0.0,0.7473,75.82,3.0,0.16,9.03,0.0551,93.42,6,1902.75,0.332,2.78,391.43,No Defect
2870,2,2025-12-18 14:00:00,753.0,15860.44,83.23,1.0,1.2948,80.59,14.0,2.17,4.26,0.0062,87.7,0,1345.55,0.4487,2.95,148.98,Defect
2871,3,2025-12-18 20:00:00,903.0,18932.12,98.12,4.0,2.9692,93.08,9.0,3.28,6.99,0.0374,82.2,9,3414.05,0.2683,1.14,319.89,Defect
2872,4,2025-12-19 02:00:00,580.0,11458.04,90.32,0.0,2.6648,63.04,5.0,3.45,3.32,0.0855,89.68,5,3749.8,0.4201,7.44,494.84,Defect
2873,5,2025-12-19 08:00:00,762.0,6787.11,83.07,5.0,0.7063,73.94,12.0,0.03,4.83,0.0691,82.11,4,2179.29,0.4215,4.6,230.5,Defect
2874,6,2025-12-19 14:00:00,213.0,12685.89,98.43,3.0,0.5326,92.91,6.0,4.01,9.58,0.0982,90.0,9,3411.26,0.1239,1.2,220.76,No Defect
2875,1,2025-12-19 20:00:00,848.0,10232.48,95.15,1.0,4.9463,85.94,21.0,2.46,7.98,0.0788,96.41,4,4104.23,0.2649,4.33,461.32,Defect
2876,2,2025-12-20 02:00:00,677.0,10622.37,94.63,1.0,3.4648,71.6,0.0,2.6,6.37,0.0452,99.95,3,2390.21,0.3764,9.15,146.97,Defect
2877,3,2025-12-20 08:00:00,460.0,14319.96,94.18,0.0,2.1443,93.81,21.0,4.81,4.01,0.0676,83.96,2,3101.42,0.2689,5.6,473.41,Defect
2878,4,2025-12-20 14:00:00,440.0,15780.77,84.01,1.0,2.6169,79.73,10.0,1.42,5.04,0.0776,84.16,7,1586.53,0.3181,9.88,411.79,No Defect
2879,5,2025-12-20 20:00:00,869.0,6659.05,84.22,3.0,1.6995,79.93,13.0,3.81,3.25,0.027,96.22,6,1094.59,0.3378,5.86,256.34,Defect
2880,6,2025-12-21 02:00:00,860.0,5533.85,93.77,0.0,2.0519,99.06,5.0,2.87,4.83,0.006,89.38,4,4925.47,0.1605,9.67,133.42,Defect
2881,1,2025-12-21 08:00:00,548.0,19914.95,84.39,4.0,3.4207,97.88,4.0,3.5,3.21,0.0406,98.32,8,2198.92,0.2648,2.82,107.67,Defect
2882,2,2025-12-21 14:00:00,942.0,8490.93,88.77,0.0,4.4727,74.34,18.0,2.09,8.36,0.0145,95.38,6,2115.61,0.1114,3.61,250.33,Defect
2883,3,2025-12-21 20:00:00,934.0,5807.46,95.64,0.0,1.3286,65.62,18.0,1.4,2.65,0.0277,94.73,9,4892.98,0.1599,7.3,382.14,Defect
2884,4,2025-12-22 02:00:00,279.0,7848.13,95.68,4.0,4.2816,73.03,12.0,2.73,3.52,0.0947,82.04,1,3912.93,0.3049,9.88,295.01,Defect
2885,5,2025-12-22 08:00:00,801.0,5584.37,89.07,5.0,1.047,61.22,6.0,1.87,7.53,0.0847,80.72,6,3341.19,0.3294,8.43,395.46,Defect
2886,6,2025-12-22 14:00:00,506.0,10877.16,95.84,3.0,1.4675,60.83,7.0,1.11,9.22,0.0592,86.34,6,3797.29,0.1585,5.98,368.23,Defect
2887,1,2025-12-22 20:00:00,765.0,17036.03,96.77,5.0,0.6673,75.82,13.0,4.2,9.72,0.0401,84.35,3,3839.71,0.4022,1.77,329.16,Defect
2888,2,2025-12-23 02:00:00,295.0,10118.67,93.1,5.0,1.1337,97.64,18.0,2.38,8.69,0.0264,94.25,7,4053.34,0.2492,4.28,487.0,Defect
2889,3,2025-12-23 08:00:00,565.0,11662.75,84.57,5.0,4.6279,94.85,18.0,4.24,3.69,0.0571,89.01,3,1268.76,0.4683,1.78,391.35,Defect
2890,4,2025-12-23 14:00:00,410.0,15133.8,85.48,2.0,2.5675,80.46,22.0,2.37,4.29,0.0533,90.46,6,2651.33,0.2551,3.8,465.85,Defect
2891,5,2025-12-23 20:00:00,361.0,12633.41,86.3,5.0,0.8495,82.61,11.0,2.78,8.97,0.0781,96.27,3,2180.52,0.1599,3.33,196.86,Defect
2892,6,2025-12-24 02:00:00,518.0,17921.69,82.34,2.0,4.8188,60.24,22.0,4.98,9.11,0.0928,89.57,7,1282.28,0.4032,4.5,385.46,Defect
2893,1,2025-12-24 08:00:00,505.0,17990.54,85.46,4.0,4.4555,68.62,8.0,4.76,7.13,0.0329,90.9,2,2650.4,0.3271,8.54,339.12,Defect
2894,2,2025-12-24 14:00:00,242.0,5148.66,84.19,3.0,3.8961,60.99,13.0,1.36,4.51,0.0206,96.85,1,3464.69,0.2547,2.35,469.72,Defect
2895,3,2025-12-24 20:00:00,441.0,16670.69,89.11,5.0,4.7006,90.18,5.0,4.34,3.79,0.0403,88.63,9,1713.99,0.2424,3.75,304.18,Defect
2896,4,2025-12-25 02:00:00,415.0,11911.0,98.17,1.0,1.4906,65.83,14.0,1.95,8.82,0.0438,81.66,5,2220.11,0.1603,3.35,211.86,Defect
2897,5,2025-12-25 08:00:00,200.0,19832.61,82.09,4.0,4.2637,94.76,12.0,0.36,3.64,0.004,90.43,6,3556.68,0.2363,3.67,253.94,Defect
2898,6,2025-12-25 14:00:00,343.0,12248.48,94.41,2.0,3.605,85.73,6.0,2.88,7.29,0.0862,91.59,6,3317.3,0.1117,4.25,187.53,Defect
2899,1,2025-12-25 20:00:00,589.0,19803.44,93.75,3.0,4.4139,69.18,10.0,4.89,9.74,0.0996,90.24,5,4475.14,0.301,3.2,187.99,Defect
2900,2,2025-12-26 02:00:00,111.0,16318.54,81.92,0.0,4.0861,66.31,9.0,4.87,7.64,0.0923,85.16,7,4164.92,0.4587,9.48,288.17,Defect
2901,3,2025-12-26 08:00:00,338.0,8729.07,98.45,3.0,2.0592,85.1,0.0,0.63,4.06,0.0861,84.47,5,4862.44,0.4181,4.78,457.03,No Defect
2902,4,2025-12-26 14:00:00,660.0,13075.92,91.37,3.0,3.9848,96.03,6.0,3.86,4.26,0.0993,87.4,5,3388.77,0.1114,2.03,176.75,Defect
2903,5,2025-12-26 20:00:00,141.0,19882.03,87.27,5.0,1.6811,88.73,17.0,4.01,2.74,0.0908,83.32,2,3793.87,0.4525,5.21,215.15,Defect
2904,6,2025-12-27 02:00:00,777.0,17862.96,95.13,5.0,1.9787,73.94,22.0,1.84,7.49,0.0688,93.32,1,4442.03,0.2809,2.66,441.2,Defect
2905,1,2025-12-27 08:00:00,693.0,6460.5,85.15,2.0,0.9856,83.5,2.0,3.29,6.15,0.0167,92.29,6,4359.97,0.1764,2.95,235.7,No Defect
2906,2,2025-12-27 14:00:00,528.0,15595.58,93.87,2.0,4.7078,72.43,8.0,2.44,3.65,0.0156,92.65,5,3874.89,0.401,3.57,484.97,Defect
2907,3,2025-12-27 20:00:00,902.0,10183.69,80.79,5.0,1.8095,99.97,4.0,1.14,3.82,0.0049,84.5,0,3001.02,0.2291,2.12,207.57,Defect
2908,4,2025-12-28 02:00:00,257.0,5104.73,96.79,5.0,2.8428,89.95,22.0,3.81,2.07,0.0412,84.93,1,2092.83,0.2013,7.49,276.86,Defect
2909,5,2025-12-28 08:00:00,315.0,11052.21,88.96,1.0,2.261,84.58,23.0,1.31,9.83,0.0809,95.75,1,4508.86,0.1645,8.13,138.24,Defect
2910,6,2025-12-28 14:00:00,769.0,8521.32,92.73,1.0,4.8197,76.93,12.0,1.7,8.62,0.049,93.8,0,4106.62,0.2946,4.55,496.87,Defect
2911,1,2025-12-28 20:00:00,561.0,17283.04,84.42,4.0,2.0077,84.73,15.0,0.95,5.15,0.0366,97.5,2,4351.63,0.1374,7.2,456.06,Defect
2912,2,2025-12-29 02:00:00,233.0,10059.96,93.54,5.0,4.0035,73.66,15.0,3.6,9.57,0.0109,88.07,4,1563.16,0.4142,4.5,427.02,Defect
2913,3,2025-12-29 08:00:00,166.0,17412.86,95.44,0.0,4.3494,61.15,11.0,2.29,7.42,0.0052,90.95,3,2259.25,0.2883,2.48,162.94,Defect
2914,4,2025-12-29 14:00:00,947.0,5008.97,89.46,1.0,2.4602,75.8,17.0,2.22,8.01,0.0399,94.78,1,2699.54,0.2788,4.57,487.74,Defect
2915,5,2025-12-29 20:00:00,106.0,9617.29,92.35,2.0,2.2018,97.22,10.0,3.02,7.44,0.01,99.48,7,4353.41,0.1007,6.01,471.66,No Defect
2916,6,2025-12-30 02:00:00,625.0,8617.48,89.13,3.0,3.8649,85.05,16.0,0.79,8.05,0.0104,99.79,8,4571.55,0.4271,1.37,274.27,Defect
2917,1,2025-12-30 08:00:00,172.0,8503.51,97.88,4.0,4.608,63.36,6.0,4.49,3.37,0.0395,99.98,7,2139.57,0.2971,6.89,372.65,Defect
2918,2,2025-12-30 14:00:00,498.0,6022.8,89.96,1.0,3.8972,95.4,14.0,2.33,6.5,0.0503,97.81,6,3745.72,0.276,7.68,496.98,Defect
2919,3,2025-12-30 20:00:00,504.0,7806.86,96.84,3.0,1.5221,70.75,5.0,1.83,8.8,0.0187,92.79,9,1311.26,0.4046,8.74,263.9,Defect
2920,4,2025-12-31 02:00:00,774.0,13333.24,96.03,3.0,4.4974,69.75,5.0,0.63,2.16,0.0685,80.14,1,2638.29,0.1252,1.92,145.22,Defect
2921,5,2025-12-31 08:00:00,677.0,9370.42,88.21,1.0,2.2441,71.88,17.0,0.84,2.99,0.0419,93.99,5,2946.68,0.2467,1.0,447.11,Defect
2922,6,2025-12-31 14:00:00,958.0,11260.92,84.6,0.0,3.093,83.09,18.0,4.6,3.97,0.0092,84.77,3,4062.53,0.3303,1.66,290.59,Defect
2923,1,2025-12-31 20:00:00,229.0,10653.0,88.12,0.0,4.2415,81.79,19.0,2.28,4.36,0.0637,81.14,4,4567.89,0.2842,9.32,494.79,Defect
2924,2,2026-01-01 02:00:00,565.0,18138.57,96.52,4.0,1.3478,79.66,18.0,3.61,3.46,0.0357,93.94,8,2349.13,0.1727,7.89,320.36,Defect
2925,3,2026-01-01 08:00:00,305.0,18579.48,84.55,0.0,4.0303,88.7,1.0,0.4,6.99,0.0052,95.12,8,3110.96,0.2197,8.52,111.79,Defect
2926,4,2026-01-01 14:00:00,887.0,12394.35,90.49,4.0,3.1827,72.66,2.0,3.22,4.35,0.0948,93.19,3,3589.79,0.2201,5.65,296.69,Defect
2927,5,2026-01-01 20:00:00,867.0,9952.34,96.12,2.0,4.52,91.28,13.0,4.61,3.26,0.0571,87.3,7,2314.75,0.4968,5.74,387.22,Defect
2928,6,2026-01-02 02:00:00,365.0,6602.01,87.07,1.0,1.2739,67.01,21.0,1.5,9.25,0.0478,90.22,4,4942.15,0.2305,3.69,110.41,Defect
2929,1,2026-01-02 08:00:00,636.0,19301.04,92.84,3.0,2.3931,91.3,3.0,2.9,7.56,0.0859,98.7,8,4503.1,0.1821,8.58,265.38,No Defect
2930,2,2026-01-02 14:00:00,892.0,5903.4,84.91,4.0,4.2478,86.55,21.0,4.7,3.97,0.0937,94.59,1,2185.61,0.4291,8.47,162.22,Defect
2931,3,2026-01-02 20:00:00,352.0,9464.75,82.19,0.0,0.5865,87.33,16.0,3.6,4.89,0.022,90.09,3,3031.78,0.2685,4.53,357.24,Defect
2932,4,2026-01-03 02:00:00,921.0,9470.99,95.89,4.0,1.0049,79.26,5.0,0.31,7.93,0.081,91.87,2,1923.36,0.2775,3.96,482.94,Defect
2933,5,2026-01-03 08:00:00,388.0,9806.02,81.98,5.0,4.9575,86.68,18.0,1.89,8.33,0.0831,98.55,6,3058.02,0.3196,7.65,349.83,Defect
2934,6,2026-01-03 14:00:00,263.0,7464.3,85.43,4.0,1.7618,63.19,8.0,0.43,3.41,0.0054,87.88,1,3733.33,0.3383,1.24,377.95,Defect
2935,1,2026-01-03 20:00:00,194.0,16747.42,97.1,0.0,4.8899,94.06,3.0,4.31,9.49,0.0712,82.04,2,1342.08,0.3362,8.74,258.63,Defect
2936,2,2026-01-04 02:00:00,881.0,6837.47,86.93,5.0,1.3214,62.22,6.0,3.11,8.28,0.0063,86.52,8,4480.47,0.1138,5.02,325.26,Defect
2937,3,2026-01-04 08:00:00,932.0,14523.6,99.46,5.0,2.1249,65.95,3.0,4.78,8.85,0.0595,88.3,7,3374.98,0.4275,4.97,317.54,Defect
2938,4,2026-01-04 14:00:00,209.0,6857.69,99.59,0.0,3.8879,83.07,10.0,0.1,3.15,0.0669,85.46,1,4958.41,0.1779,7.02,403.84,Defect
2939,5,2026-01-04 20:00:00,435.0,6058.03,85.37,5.0,3.46,89.58,21.0,2.12,3.15,0.0367,90.58,5,1102.37,0.2169,6.81,442.76,Defect
2940,6,2026-01-05 02:00:00,921.0,18641.44,80.82,1.0,3.1151,63.05,22.0,0.52,4.44,0.0881,86.1,2,4325.99,0.1694,3.39,365.15,Defect
2941,1,2026-01-05 08:00:00,337.0,7851.93,94.1,3.0,2.8845,96.83,1.0,1.75,2.52,0.0801,82.06,5,4167.85,0.4068,9.49,491.92,No Defect
2942,2,2026-01-05 14:00:00,480.0,17318.75,89.02,1.0,4.2955,98.94,9.0,0.81,2.73,0.0926,83.76,4,1531.41,0.3335,9.88,431.32,Defect
2943,3,2026-01-05 20:00:00,535.0,13169.46,82.02,1.0,1.5573,84.24,5.0,1.64,3.15,0.0315,98.36,9,2341.22,0.4021,5.73,149.86,No Defect
2944,4,2026-01-06 02:00:00,998.0,6167.85,94.15,0.0,2.4911,79.25,7.0,4.1,7.7,0.0022,92.59,3,4539.18,0.3614,6.05,302.99,Defect
2945,5,2026-01-06 08:00:00,582.0,19331.72,80.62,0.0,1.1995,89.66,14.0,0.8,2.24,0.0811,86.29,6,3073.82,0.1417,5.99,461.29,Defect
2946,6,2026-01-06 14:00:00,124.0,8704.42,97.4,3.0,3.1817,73.13,12.0,2.37,2.67,0.0223,87.34,9,2605.13,0.2206,5.37,477.57,Defect
2947,1,2026-01-06 20:00:00,752.0,17894.68,82.77,4.0,1.6274,79.73,21.0,4.61,9.55,0.0467,89.87,6,4621.99,0.3029,9.51,252.08,Defect
2948,2,2026-01-07 02:00:00,216.0,7532.15,82.55,1.0,2.0023,96.65,1.0,4.99,2.67,0.0817,93.46,3,1373.38,0.222,3.2,390.28,No Defect
2949,3,2026-01-07 08:00:00,581.0,17809.14,83.51,5.0,2.6206,98.23,19.0,1.25,6.3,0.0216,91.64,2,2892.49,0.1829,1.97,264.22,Defect
2950,4,2026-01-07 14:00:00,491.0,5198.43,99.21,3.0,0.6205,97.08,0.0,4.68,7.14,0.0312,98.65,3,3609.5,0.4479,9.37,149.46,No Defect
2951,5,2026-01-07 20:00:00,636.0,12676.71,93.86,1.0,0.9137,70.5,14.0,1.31,9.67,0.0439,92.51,1,3434.17,0.3991,2.92,453.84,Defect
2952,6,2026-01-08 02:00:00,178.0,16541.64,96.03,4.0,3.5867,69.3,6.0,2.07,9.2,0.0272,98.22,3,2057.11,0.2381,7.74,472.78,Defect
2953,1,2026-01-08 08:00:00,679.0,19021.93,87.95,5.0,2.4304,71.91,23.0,4.39,5.53,0.0461,80.11,3,3253.25,0.406,2.83,301.9,Defect
2954,2,2026-01-08 14:00:00,272.0,18638.03,86.73,1.0,4.3916,77.65,17.0,3.93,9.54,0.001,97.81,4,3834.25,0.351,9.64,107.32,Defect
2955,3,2026-01-08 20:00:00,111.0,17294.37,84.69,2.0,3.626,72.57,9.0,4.29,5.46,0.0212,94.43,0,3339.54,0.1015,8.12,426.41,Defect
2956,4,2026-01-09 02:00:00,899.0,18322.87,89.61,3.0,0.5365,74.97,14.0,4.0,7.36,0.0833,83.44,1,3737.85,0.2521,9.27,290.78,Defect
2957,5,2026-01-09 08:00:00,227.0,7988.3,91.04,0.0,3.2752,84.83,4.0,1.18,4.08,0.0413,85.26,7,2024.31,0.2162,9.56,130.01,Defect
2958,6,2026-01-09 14:00:00,707.0,9262.76,92.64,1.0,0.9218,90.5,23.0,2.79,7.09,0.0636,90.86,7,4331.4,0.1872,1.76,175.76,Defect
2959,1,2026-01-09 20:00:00,191.0,9334.53,85.14,5.0,4.0142,89.42,10.0,1.93,6.31,0.0232,82.5,7,2798.76,0.2006,4.9,160.85,Defect
2960,2,2026-01-10 02:00:00,752.0,10655.81,98.97,5.0,4.9618,92.58,7.0,2.3,6.85,0.065,95.71,4,4948.9,0.4769,6.83,374.51,Defect
2961,3,2026-01-10 08:00:00,642.0,10899.81,83.4,3.0,2.8904,61.29,20.0,0.77,7.46,0.1,95.82,7,1093.14,0.2945,8.22,219.76,Defect
2962,4,2026-01-10 14:00:00,945.0,13168.33,99.31,3.0,3.5725,61.91,7.0,1.58,3.39,0.0595,86.02,8,2521.26,0.4391,3.17,151.08,Defect
2963,5,2026-01-10 20:00:00,631.0,7398.2,80.3,5.0,1.5679,91.58,5.0,4.29,4.41,0.0628,81.4,3,1721.9,0.1857,9.23,467.06,No Defect
2964,6,2026-01-11 02:00:00,757.0,15368.7,89.62,5.0,2.4692,81.32,14.0,4.49,7.89,0.0112,99.78,3,3222.44,0.1698,2.99,482.61,Defect
2965,1,2026-01-11 08:00:00,927.0,7513.5,86.67,5.0,4.3524,83.13,14.0,3.05,3.31,0.0403,85.01,6,1972.82,0.4555,8.8,155.43,Defect
2966,2,2026-01-11 14:00:00,546.0,9654.63,88.98,1.0,1.2534,62.1,4.0,2.49,4.75,0.0861,81.35,4,3949.91,0.2983,5.61,192.09,Defect
2967,3,2026-01-11 20:00:00,489.0,12550.18,91.41,5.0,1.6949,70.21,12.0,3.56,7.33,0.0834,86.6,9,4527.46,0.4581,5.64,336.85,Defect
2968,4,2026-01-12 02:00:00,771.0,16946.61,88.71,0.0,2.5045,85.53,13.0,3.04,9.5,0.0522,99.38,0,1843.54,0.1252,4.37,160.2,Defect
2969,5,2026-01-12 08:00:00,960.0,16092.04,88.3,5.0,3.7051,94.37,10.0,4.92,2.6,0.0903,95.86,7,1642.71,0.4666,1.93,163.44,Defect
2970,6,2026-01-12 14:00:00,142.0,14683.02,94.65,0.0,2.1915,96.68,19.0,0.95,6.13,0.0143,89.61,3,4501.43,0.2662,4.12,234.63,Defect
2971,1,2026-01-12 20:00:00,353.0,7336.6,93.72,1.0,4.6748,80.02,20.0,2.25,2.66,0.0658,86.11,7,2445.09,0.1621,4.84,479.67,Defect
2972,2,2026-01-13 02:00:00,229.0,13205.68,96.67,3.0,0.9251,81.82,11.0,4.59,5.03,0.0249,88.47,1,2738.33,0.3734,5.31,484.98,Defect
2973,3,2026-01-13 08:00:00,159.0,6311.7,85.0,0.0,2.1686,93.32,19.0,4.57,3.4,0.0646,80.35,3,1883.88,0.4188,7.65,436.72,Defect
2974,4,2026-01-13 14:00:00,762.0,10660.45,92.19,1.0,3.6903,81.5,0.0,2.48,7.2,0.0087,94.37,1,2701.26,0.1189,4.17,378.29,Defect
2975,5,2026-01-13 20:00:00,566.0,11202.75,91.7,5.0,1.5169,80.67,2.0,0.67,8.06,0.0944,81.99,4,1925.2,0.4949,4.66,388.27,No Defect
2976,6,2026-01-14 02:00:00,386.0,5597.17,87.39,1.0,3.4539,96.2,7.0,4.07,3.98,0.0786,90.38,9,3663.71,0.3788,9.15,287.83,Defect
2977,1,2026-01-14 08:00:00,616.0,9109.82,89.72,5.0,1.239,91.6,22.0,2.93,7.7,0.0201,91.32,9,2995.51,0.2286,7.77,312.06,Defect
2978,2,2026-01-14 14:00:00,566.0,19334.74,86.28,1.0,0.7519,96.36,11.0,3.87,5.57,0.0637,80.03,7,4152.24,0.1605,1.21,353.78,Defect
2979,3,2026-01-14 20:00:00,877.0,19304.49,82.84,3.0,1.0446,68.73,14.0,2.31,4.27,0.0759,99.6,6,2250.91,0.257,8.31,392.51,Defect
2980,4,2026-01-15 02:00:00,444.0,10284.91,84.28,0.0,4.6849,80.98,22.0,1.02,6.19,0.0209,86.04,4,3022.38,0.1882,9.91,138.74,Defect
2981,5,2026-01-15 08:00:00,741.0,5646.5,82.11,3.0,2.9829,93.7,2.0,0.12,5.04,0.0093,81.54,6,2038.09,0.2977,9.46,189.95,No Defect
2982,6,2026-01-15 14:00:00,481.0,7686.42,93.66,2.0,4.0836,64.45,21.0,2.8,3.84,0.0352,97.09,4,4737.9,0.4128,8.52,485.18,Defect
2983,1,2026-01-15 20:00:00,878.0,10883.27,93.21,5.0,1.9969,91.79,7.0,0.81,8.05,0.0136,83.04,6,3087.74,0.3641,6.66,234.06,Defect
2984,2,2026-01-16 02:00:00,789.0,19216.7,99.01,0.0,3.167,67.32,23.0,0.94,8.38,0.0566,80.5,3,1693.85,0.2744,3.5,207.39,Defect
2985,3,2026-01-16 08:00:00,352.0,7117.99,94.59,3.0,2.7273,92.32,18.0,2.18,8.4,0.0424,89.89,3,2091.06,0.1476,6.89,268.76,Defect
2986,4,2026-01-16 14:00:00,155.0,16452.74,81.04,0.0,4.7558,84.48,19.0,2.21,5.06,0.0462,82.6,9,1331.61,0.4829,7.26,216.37,Defect
2987,5,2026-01-16 20:00:00,562.0,6630.24,97.68,2.0,3.8641,67.73,5.0,1.37,3.36,0.0543,99.65,3,1111.26,0.2081,3.53,136.47,Defect
2988,6,2026-01-17 02:00:00,556.0,19718.86,97.25,4.0,3.7874,78.93,17.0,0.66,8.72,0.0982,80.21,7,3103.69,0.2111,3.3,183.18,Defect
2989,1,2026-01-17 08:00:00,182.0,10724.25,88.87,5.0,0.7086,87.28,10.0,4.72,4.63,0.0793,81.02,0,2348.49,0.3582,4.57,356.06,No Defect
2990,2,2026-01-17 14:00:00,198.0,16628.52,91.72,5.0,2.9735,85.35,11.0,0.66,7.98,0.0629,96.67,9,4855.09,0.4082,6.77,189.27,Defect
2991,3,2026-01-17 20:00:00,248.0,10138.87,99.52,1.0,2.6015,77.09,22.0,1.75,8.54,0.0364,84.8,4,1685.33,0.4937,3.64,359.07,Defect
2992,4,2026-01-18 02:00:00,428.0,14415.03,90.65,5.0,4.6753,95.97,1.0,1.52,8.15,0.0027,98.23,9,4175.65,0.4877,6.0,140.03,Defect
2993,5,2026-01-18 08:00:00,255.0,7880.24,98.11,5.0,1.658,80.77,4.0,4.33,5.12,0.0117,86.22,1,2263.89,0.4655,9.09,116.75,No Defect
2994,6,2026-01-18 14:00:00,289.0,7190.32,81.66,3.0,1.7143,80.23,3.0,2.05,9.5,0.0731,81.4,9,1894.15,0.2741,3.66,444.63,No Defect
2995,1,2026-01-18 20:00:00,593.0,19070.96,83.82,5.0,2.3511,62.49,8.0,0.62,7.28,0.0369,80.21,3,4878.55,0.1667,9.69,404.01,Defect
2996,2,2026-01-19 02:00:00,982.0,18764.71,88.82,5.0,1.5952,96.88,12.0,0.05,6.61,0.0334,85.65,4,4210.31,0.3338,5.26,366.41,Defect
2997,3,2026-01-19 08:00:00,362.0,18312.03,91.7,2.0,1.0813,67.08,12.0,3.61,7.58,0.0889,89.47,7,3522.48,0.1069,1.91,112.36,Defect
2998,4,2026-01-19 14:00:00,179.0,14381.5,96.32,2.0,4.3584,81.13,14.0,3.57,2.36,0.0485,80.02,1,3788.48,0.1785,1.5,195.74,Defect
2999,5,2026-01-19 20:00:00,499.0,17124.02,99.77,0.0,3.0122,92.14,1.0,2.09,5.12,0.09,91.62,1,4965.53,0.101,4.05,424.93,Defect
3000,6,2026-01-20 02:00:00,863.0,6035.55,87.78,0.0,4.3761,68.62,22.0,0.63,9.05,0.0887,86.67,1,3372.83,0.1722,3.33,157.87,Defect
3001,1,2026-01-20 08:00:00,708.0,10021.84,80.95,5.0,4.2401,81.09,12.0,1.86,3.29,0.008,87.8,7,1407.6,0.2899,8.59,425.14,Defect
3002,2,2026-01-20 14:00:00,359.0,9705.55,96.02,5.0,1.7692,69.63,6.0,2.95,5.32,0.0945,85.23,2,1259.46,0.2573,7.64,333.69,Defect
3003,3,2026-01-20 20:00:00,871.0,14534.68,92.09,1.0,2.9648,90.39,22.0,3.52,5.24,0.0077,90.58,4,3666.43,0.2477,8.96,396.15,Defect
3004,4,2026-01-21 02:00:00,714.0,10339.37,83.97,0.0,0.8745,82.57,16.0,0.39,4.85,0.0964,84.6,1,3630.4,0.4324,6.3,357.8,Defect
3005,5,2026-01-21 08:00:00,651.0,7227.6,89.9,3.0,4.6186,94.24,7.0,2.78,6.5,0.0453,82.7,5,3992.7,0.37,4.92,266.8,Defect
3006,6,2026-01-21 14:00:00,884.0,13947.01,94.85,5.0,2.3192,95.78,17.0,1.38,9.97,0.0761,97.81,9,1435.11,0.4746,3.44,216.79,Defect
3007,1,2026-01-21 20:00:00,200.0,17215.76,95.41,3.0,2.2715,85.95,14.0,3.09,4.05,0.0706,87.81,5,4779.61,0.2781,6.25,369.09,Defect
3008,2,2026-01-22 02:00:00,458.0,10731.85,89.99,5.0,1.8624,89.02,14.0,3.24,7.64,0.0518,81.54,1,3204.63,0.2089,6.56,422.77,Defect
3009,3,2026-01-22 08:00:00,479.0,6984.03,86.1,3.0,2.573,81.97,4.0,4.55,8.06,0.0619,84.61,3,3598.22,0.1491,4.54,117.89,No Defect
3010,4,2026-01-22 14:00:00,919.0,7950.32,99.47,4.0,1.6329,75.38,1.0,2.05,6.68,0.095,86.2,1,1139.41,0.3688,9.43,251.96,Defect
3011,5,2026-01-22 20:00:00,320.0,8562.25,93.27,3.0,2.1868,85.92,15.0,2.69,2.78,0.0927,95.39,9,4843.9,0.4367,6.76,240.29,Defect
3012,6,2026-01-23 02:00:00,919.0,9498.46,88.16,0.0,4.0998,96.33,4.0,1.34,6.58,0.0654,80.45,3,3250.37,0.1735,8.54,323.79,Defect
3013,1,2026-01-23 08:00:00,519.0,14641.93,85.61,5.0,4.2541,76.67,22.0,1.43,9.63,0.0658,89.56,6,3253.45,0.4515,6.58,145.57,Defect
3014,2,2026-01-23 14:00:00,223.0,14014.18,94.62,0.0,1.8688,72.58,5.0,0.23,4.74,0.0247,88.15,4,4774.22,0.3105,3.85,473.37,Defect
3015,3,2026-01-23 20:00:00,521.0,15441.2,84.84,3.0,2.6106,75.54,11.0,1.43,7.12,0.0829,99.37,9,4717.4,0.1576,7.63,319.4,Defect
3016,4,2026-01-24 02:00:00,330.0,10437.53,83.43,2.0,4.4322,77.42,4.0,0.32,9.68,0.0633,83.6,3,1881.19,0.3571,3.07,469.5,No Defect
3017,5,2026-01-24 08:00:00,789.0,17359.96,90.6,2.0,0.737,62.94,19.0,4.82,8.38,0.0826,92.56,9,4724.4,0.308,6.37,426.78,Defect
3018,6,2026-01-24 14:00:00,162.0,8061.31,85.8,2.0,4.5012,79.94,7.0,3.12,7.51,0.0658,84.04,9,3946.49,0.1113,4.62,176.66,Defect
3019,1,2026-01-24 20:00:00,584.0,12035.61,92.58,5.0,1.4863,79.77,10.0,0.87,9.77,0.0299,90.97,2,1075.6,0.2597,2.35,152.94,No Defect
3020,2,2026-01-25 02:00:00,727.0,17014.08,82.36,1.0,3.5534,83.54,13.0,0.58,3.36,0.0189,91.1,5,1959.37,0.4139,4.72,444.5,No Defect
3021,3,2026-01-25 08:00:00,802.0,7702.38,93.1,4.0,3.1215,74.51,23.0,1.85,8.18,0.0077,81.51,1,2651.92,0.3222,3.79,314.44,No Defect
3022,4,2026-01-25 14:00:00,673.0,6647.95,85.67,3.0,2.9882,84.52,16.0,1.54,5.25,0.0586,89.13,3,3331.29,0.2128,2.01,107.9,No Defect
3023,5,2026-01-25 20:00:00,867.0,18255.26,80.0,1.0,4.3671,95.13,9.0,1.4,4.88,0.0284,89.22,7,3805.32,0.4715,8.41,473.69,Defect
3024,6,2026-01-26 02:00:00,582.0,10143.94,82.54,2.0,0.9571,98.22,1.0,2.34,6.17,0.0631,86.38,1,1840.84,0.1951,5.49,289.21,No Defect
3025,1,2026-01-26 08:00:00,618.0,15258.05,98.67,3.0,2.0616,83.34,2.0,4.56,2.27,0.0059,85.54,8,4346.8,0.2011,4.12,220.37,No Defect
3026,2,2026-01-26 14:00:00,254.0,5380.23,97.35,1.0,2.9221,61.7,12.0,2.84,4.5,0.0376,84.49,1,4382.86,0.2419,5.54,306.64,Defect
3027,3,2026-01-26 20:00:00,191.0,15350.7,84.67,0.0,4.1508,98.77,16.0,2.61,3.33,0.0261,80.12,7,3540.0,0.4578,7.79,429.17,No Defect
3028,4,2026-01-27 02:00:00,625.0,9741.52,95.57,2.0,1.474,88.23,2.0,4.03,3.11,0.037,80.04,7,4684.38,0.3031,1.16,144.12,No Defect
3029,5,2026-01-27 08:00:00,554.0,5836.11,92.17,1.0,4.1132,73.44,9.0,0.02,4.7,0.0054,91.8,6,4251.93,0.3729,5.92,243.57,Defect
3030,6,2026-01-27 14:00:00,840.0,14147.19,99.42,5.0,2.2984,65.89,7.0,0.99,8.42,0.0724,85.83,9,1886.49,0.4905,5.31,227.55,Defect
3031,1,2026-01-27 20:00:00,697.0,8612.06,87.47,0.0,1.3501,65.74,3.0,2.48,3.61,0.0117,83.36,5,4194.71,0.4133,9.04,435.86,No Defect
3032,2,2026-01-28 02:00:00,744.0,10802.11,93.63,2.0,3.9154,66.71,12.0,3.53,6.25,0.0014,93.69,0,4812.81,0.169,6.0,411.39,No Defect
3033,3,2026-01-28 08:00:00,609.0,6208.71,81.27,4.0,0.909,61.82,6.0,2.43,7.99,0.0946,90.58,1,1550.43,0.4153,2.24,260.04,Defect
3034,4,2026-01-28 14:00:00,282.0,7207.45,87.92,2.0,2.8165,96.09,6.0,0.82,3.93,0.0193,98.3,6,4914.79,0.3993,4.5,365.8,No Defect
3035,5,2026-01-28 20:00:00,485.0,9469.66,99.28,5.0,0.7874,81.63,15.0,4.65,9.39,0.0828,96.62,3,1099.97,0.193,6.59,257.78,Defect
3036,6,2026-01-29 02:00:00,673.0,6346.39,90.78,4.0,2.1039,88.0,4.0,1.64,8.93,0.0964,94.53,8,3088.67,0.2301,1.41,328.53,Defect
3037,1,2026-01-29 08:00:00,830.0,18662.39,85.76,4.0,3.2048,93.12,16.0,3.94,4.01,0.0534,82.53,2,4095.57,0.3841,8.96,496.49,No Defect
3038,2,2026-01-29 14:00:00,504.0,5090.71,82.41,4.0,3.0025,91.66,9.0,4.46,9.92,0.0526,93.32,3,4161.75,0.1954,1.61,314.23,Defect
3039,3,2026-01-29 20:00:00,345.0,12257.9,94.07,3.0,2.3209,95.3,3.0,1.73,7.35,0.0367,93.88,2,3938.69,0.1833,1.28,495.43,No Defect
3040,4,2026-01-30 02:00:00,841.0,6848.71,92.9,3.0,2.4307,98.69,22.0,4.23,4.29,0.0426,95.27,6,3117.41,0.3814,1.02,398.88,Defect
3041,5,2026-01-30 08:00:00,690.0,9615.19,87.48,4.0,1.5205,77.56,13.0,3.55,7.45,0.0482,85.26,1,3603.86,0.4522,7.15,148.29,Defect
3042,6,2026-01-30 14:00:00,760.0,18890.89,99.02,0.0,2.5515,98.01,4.0,4.52,7.33,0.0152,92.81,9,3799.73,0.13,5.1,418.39,No Defect
3043,1,2026-01-30 20:00:00,749.0,7425.42,80.44,4.0,4.7896,88.93,1.0,1.26,6.85,0.0365,92.37,1,2978.16,0.2784,1.93,164.51,No Defect
3044,2,2026-01-31 02:00:00,570.0,19487.48,86.07,1.0,4.327,62.83,13.0,4.66,7.69,0.0816,87.71,1,3382.74,0.3429,8.71,312.93,Defect
3045,3,2026-01-31 08:00:00,925.0,8086.92,98.42,4.0,1.1535,87.27,23.0,0.33,4.15,0.0182,93.27,3,4385.47,0.3705,2.82,345.3,No Defect
3046,4,2026-01-31 14:00:00,987.0,16123.49,86.42,3.0,0.634,87.47,17.0,3.97,9.83,0.073,81.73,7,2251.52,0.4985,3.94,456.89,Defect
3047,5,2026-01-31 20:00:00,522.0,13200.16,85.05,3.0,4.7009,96.23,23.0,2.18,8.86,0.0652,92.87,7,3092.83,0.3731,2.6,184.17,No Defect
3048,6,2026-02-01 02:00:00,164.0,18267.18,90.68,1.0,2.8704,74.92,10.0,0.89,7.97,0.0057,92.12,7,1033.92,0.3481,9.34,450.38,No Defect
3049,1,2026-02-01 08:00:00,112.0,13309.9,96.48,1.0,2.9203,83.4,15.0,0.4,2.21,0.0022,84.21,7,3749.75,0.4959,7.82,473.8,No Defect
3050,2,2026-02-01 14:00:00,312.0,13018.39,82.06,2.0,4.0132,60.49,17.0,1.95,6.72,0.0353,96.36,6,1781.54,0.1243,7.52,135.79,No Defect
3051,3,2026-02-01 20:00:00,341.0,7931.87,98.86,0.0,1.9161,73.28,15.0,1.95,7.65,0.0692,97.49,5,2924.01,0.1298,1.4,454.11,Defect
3052,4,2026-02-02 02:00:00,592.0,7493.44,95.9,0.0,2.6686,62.49,20.0,1.15,8.83,0.033,84.21,6,1840.82,0.3243,5.7,203.67,No Defect
3053,5,2026-02-02 08:00:00,312.0,18747.34,83.63,0.0,4.859,80.87,3.0,1.08,9.57,0.0668,81.52,4,1094.13,0.2435,6.18,132.4,No Defect
3054,6,2026-02-02 14:00:00,792.0,9917.57,94.24,5.0,3.5247,92.7,0.0,2.0,9.33,0.0665,92.07,7,2932.88,0.1387,4.44,483.43,No Defect
3055,1,2026-02-02 20:00:00,437.0,10581.23,87.7,3.0,1.1919,68.26,13.0,2.05,5.25,0.0807,89.6,1,2699.33,0.2226,3.9,256.88,No Defect
3056,2,2026-02-03 02:00:00,272.0,16397.35,88.05,0.0,1.0995,81.1,11.0,2.21,9.17,0.0099,88.55,4,2700.6,0.3697,8.67,349.19,No Defect
3057,3,2026-02-03 08:00:00,771.0,10082.35,95.67,2.0,1.4192,68.16,23.0,4.34,2.01,0.0577,95.22,6,1835.22,0.4522,1.21,321.15,No Defect
3058,4,2026-02-03 14:00:00,263.0,19280.94,99.26,2.0,3.9502,64.83,9.0,3.06,4.81,0.0062,99.39,8,4788.82,0.1377,6.63,185.27,No Defect
3059,5,2026-02-03 20:00:00,564.0,16068.92,82.53,0.0,1.8292,80.44,18.0,0.1,2.91,0.0176,89.55,9,1014.03,0.3161,4.55,367.83,Defect
3060,6,2026-02-04 02:00:00,596.0,13961.44,88.41,1.0,0.5962,63.17,3.0,2.6,9.06,0.0326,80.12,0,4566.18,0.2184,6.99,118.45,Defect
3061,1,2026-02-04 08:00:00,799.0,18213.43,89.62,2.0,4.7488,83.49,19.0,3.81,9.42,0.0707,91.93,8,3947.61,0.3669,2.78,181.24,No Defect
3062,2,2026-02-04 14:00:00,494.0,5744.09,87.53,1.0,1.2637,61.25,20.0,0.28,4.05,0.0974,93.08,2,1688.29,0.3198,3.15,477.87,Defect
3063,3,2026-02-04 20:00:00,802.0,8855.94,87.26,3.0,0.543,64.27,2.0,2.11,4.94,0.0343,96.56,0,2888.77,0.4707,6.28,481.4,No Defect
3064,4,2026-02-05 02:00:00,407.0,11975.55,81.05,5.0,1.5671,82.0,3.0,2.26,9.87,0.0521,83.99,6,4955.4,0.1151,9.82,293.06,Defect
3065,5,2026-02-05 08:00:00,867.0,8404.68,93.71,2.0,1.5576,83.66,14.0,4.77,6.53,0.0259,90.49,2,3574.79,0.288,9.77,167.63,No Defect
3066,6,2026-02-05 14:00:00,282.0,16158.58,88.72,1.0,2.399,61.16,10.0,2.38,5.98,0.0675,88.94,7,1509.51,0.1771,3.24,268.65,No Defect
3067,1,2026-02-05 20:00:00,728.0,18788.12,83.9,0.0,4.6418,82.94,15.0,3.75,6.0,0.0367,93.29,1,2830.57,0.3147,1.92,450.83,No Defect
3068,2,2026-02-06 02:00:00,893.0,11356.55,96.32,3.0,4.4563,93.54,3.0,1.51,7.57,0.0482,81.28,3,2872.81,0.4414,6.31,128.11,Defect
3069,3,2026-02-06 08:00:00,609.0,10131.99,96.05,4.0,2.556,88.89,5.0,3.9,9.64,0.0568,97.68,1,4209.05,0.4645,4.78,151.15,No Defect
3070,4,2026-02-06 14:00:00,807.0,19423.26,89.73,4.0,2.349,65.25,7.0,1.61,4.93,0.0686,90.22,3,4664.65,0.2593,7.86,458.26,No Defect
3071,5,2026-02-06 20:00:00,645.0,11672.79,85.97,0.0,2.9975,83.7,12.0,2.15,3.38,0.006,97.54,0,1328.97,0.4247,5.75,266.15,No Defect
3072,6,2026-02-07 02:00:00,663.0,12335.73,92.76,3.0,1.5955,86.89,22.0,2.4,3.48,0.0555,86.8,9,2256.15,0.2122,5.6,133.38,No Defect
3073,1,2026-02-07 08:00:00,723.0,10274.75,85.76,3.0,0.7348,61.49,19.0,4.63,2.16,0.0431,93.07,4,2193.75,0.1025,6.82,155.68,No Defect
3074,2,2026-02-07 14:00:00,863.0,18643.23,84.72,3.0,4.7265,94.21,3.0,0.27,6.44,0.0134,99.13,2,4984.19,0.4421,2.14,452.98,Defect
3075,3,2026-02-07 20:00:00,693.0,13534.33,94.61,3.0,1.3401,96.25,4.0,0.98,9.43,0.0208,98.87,8,3236.91,0.1478,7.09,296.04,Defect
3076,4,2026-02-08 02:00:00,843.0,16432.62,80.81,4.0,1.3928,94.02,9.0,3.53,7.7,0.0884,98.88,3,4519.33,0.107,5.4,165.2,Defect
3077,5,2026-02-08 08:00:00,326.0,17177.1,81.9,1.0,2.6261,92.99,4.0,2.89,9.94,0.0872,80.86,5,2704.13,0.2415,8.38,457.62,No Defect
3078,6,2026-02-08 14:00:00,844.0,10127.74,80.14,3.0,2.7123,89.8,11.0,1.26,9.28,0.0033,88.06,8,3890.89,0.2518,2.25,438.11,No Defect
3079,1,2026-02-08 20:00:00,832.0,11505.41,83.06,1.0,0.583,85.34,0.0,1.45,5.93,0.0689,81.22,1,2146.34,0.1309,3.71,109.21,No Defect
3080,2,2026-02-09 02:00:00,535.0,17727.08,81.38,3.0,1.1658,87.15,23.0,1.84,5.89,0.0554,86.19,6,4647.14,0.4257,9.55,332.4,Defect
3081,3,2026-02-09 08:00:00,521.0,10448.83,99.92,2.0,2.2017,92.26,9.0,2.25,7.03,0.094,83.49,2,2820.58,0.2622,5.98,197.73,No Defect
3082,4,2026-02-09 14:00:00,653.0,16909.03,85.78,5.0,3.5768,86.5,4.0,4.09,2.89,0.0908,92.4,0,4214.9,0.296,9.36,313.25,Defect
3083,5,2026-02-09 20:00:00,120.0,19114.88,82.99,2.0,1.5279,73.11,18.0,0.07,6.86,0.058,95.61,8,2023.27,0.2059,7.2,211.71,No Defect
3084,6,2026-02-10 02:00:00,653.0,14348.16,84.82,5.0,2.4036,75.04,18.0,4.49,5.71,0.0139,90.27,8,3774.42,0.3046,9.34,226.35,No Defect
3085,1,2026-02-10 08:00:00,496.0,16124.41,98.72,2.0,3.0081,95.88,19.0,2.07,7.14,0.046,95.91,3,2620.63,0.4067,3.86,340.74,Defect
3086,2,2026-02-10 14:00:00,724.0,17076.46,90.4,3.0,4.4987,60.68,11.0,1.15,6.52,0.0725,80.26,8,1125.76,0.4625,1.81,315.54,No Defect
3087,3,2026-02-10 20:00:00,204.0,17675.59,87.3,1.0,1.9673,87.95,22.0,2.54,4.48,0.0952,96.41,6,2652.03,0.4882,8.22,258.08,No Defect
3088,4,2026-02-11 02:00:00,291.0,10925.8,97.47,5.0,1.101,98.19,15.0,3.3,6.86,0.0364,83.57,3,3200.09,0.2707,8.24,143.03,Defect
3089,5,2026-02-11 08:00:00,116.0,5768.95,87.9,4.0,2.7017,88.25,4.0,0.22,4.93,0.0785,89.22,1,1607.05,0.496,6.57,487.77,Defect
3090,6,2026-02-11 14:00:00,219.0,11028.14,86.7,0.0,3.8602,99.76,16.0,3.58,3.56,0.0683,88.85,4,1735.65,0.218,6.22,169.84,Defect
3091,1,2026-02-11 20:00:00,492.0,15106.34,84.15,5.0,0.9944,87.5,13.0,3.8,7.4,0.0078,97.46,7,2859.45,0.1028,9.23,353.25,No Defect
3092,2,2026-02-12 02:00:00,524.0,11755.26,87.56,5.0,2.4111,61.37,11.0,0.83,4.45,0.0558,99.32,9,2370.92,0.407,2.59,133.1,No Defect
3093,3,2026-02-12 08:00:00,228.0,16234.45,86.33,4.0,0.58,93.08,12.0,0.84,9.11,0.0184,85.1,9,2762.96,0.1714,6.55,375.33,Defect
3094,4,2026-02-12 14:00:00,229.0,10354.74,93.55,3.0,0.651,71.39,20.0,1.02,3.59,0.0684,81.35,5,2843.31,0.121,1.45,137.94,Defect
3095,5,2026-02-12 20:00:00,671.0,14521.16,85.79,2.0,2.6733,77.84,13.0,3.98,6.8,0.061,93.01,4,1560.3,0.4696,2.27,191.8,No Defect
3096,6,2026-02-13 02:00:00,659.0,7796.3,91.54,2.0,1.8419,72.48,4.0,1.36,6.57,0.0973,90.06,3,1724.78,0.4167,4.94,358.79,No Defect
3097,1,2026-02-13 08:00:00,128.0,16240.54,81.32,1.0,4.303,70.74,21.0,3.98,3.58,0.0935,91.31,5,4392.66,0.1411,8.39,213.17,No Defect
3098,2,2026-02-13 14:00:00,196.0,13185.44,83.83,3.0,3.2097,77.26,22.0,2.7,5.52,0.0009,80.93,2,1650.87,0.4108,7.6,313.14,No Defect
3099,3,2026-02-13 20:00:00,109.0,8060.97,88.15,4.0,2.5427,75.15,4.0,3.84,7.4,0.008,95.51,1,3663.66,0.4376,9.77,149.8,No Defect
3100,4,2026-02-14 02:00:00,341.0,9378.67,98.74,3.0,2.3357,85.33,17.0,2.77,4.55,0.0769,84.65,0,2674.11,0.4621,1.4,180.96,Defect
3101,5,2026-02-14 08:00:00,925.0,16229.13,87.55,3.0,2.7376,92.53,13.0,1.68,2.91,0.0686,86.7,8,4872.95,0.3175,4.43,393.51,No Defect
3102,6,2026-02-14 14:00:00,331.0,12239.02,93.28,2.0,0.682,71.88,17.0,4.55,6.92,0.0801,84.57,0,1264.42,0.3814,2.43,114.06,No Defect
3103,1,2026-02-14 20:00:00,888.0,8240.47,85.1,4.0,4.5176,68.55,19.0,3.58,3.79,0.0267,98.92,3,4321.56,0.4049,1.33,144.72,Defect
3104,2,2026-02-15 02:00:00,383.0,19509.07,82.54,0.0,4.9924,86.68,0.0,2.42,7.45,0.0849,83.37,5,2965.8,0.3755,3.38,185.98,Defect
3105,3,2026-02-15 08:00:00,814.0,15726.88,81.17,5.0,1.3167,86.81,6.0,3.19,8.72,0.0442,94.65,8,1021.41,0.3587,3.2,108.08,No Defect
3106,4,2026-02-15 14:00:00,858.0,19357.02,86.11,2.0,1.0417,96.05,16.0,3.08,2.99,0.0262,84.91,3,2054.64,0.319,4.78,138.15,No Defect
3107,5,2026-02-15 20:00:00,901.0,11406.58,83.15,4.0,1.1461,60.64,2.0,1.79,5.5,0.0011,88.5,6,2630.79,0.2917,2.26,212.56,No Defect
3108,6,2026-02-16 02:00:00,875.0,12126.51,83.48,1.0,3.4746,94.12,9.0,2.12,5.56,0.0871,99.92,6,2256.78,0.4985,5.4,137.17,Defect
3109,1,2026-02-16 08:00:00,825.0,18469.33,95.22,5.0,3.4765,80.84,6.0,1.59,7.06,0.0535,82.01,5,2449.8,0.235,9.28,446.45,No Defect
3110,2,2026-02-16 14:00:00,299.0,12875.74,80.32,5.0,4.3157,84.85,11.0,5.0,4.68,0.0975,97.63,8,4666.69,0.1353,7.73,126.43,No Defect
3111,3,2026-02-16 20:00:00,178.0,15609.18,91.16,2.0,3.8832,63.65,21.0,2.9,5.35,0.0715,98.92,9,2443.74,0.406,8.58,444.39,No Defect
3112,4,2026-02-17 02:00:00,954.0,8782.59,87.59,1.0,2.5236,77.3,14.0,0.46,2.1,0.008,93.96,6,2675.32,0.1855,8.24,429.14,Defect
3113,5,2026-02-17 08:00:00,955.0,11700.9,90.13,2.0,3.2578,69.09,22.0,2.6,2.98,0.0588,80.2,2,4044.53,0.3131,4.51,140.3,No Defect
3114,6,2026-02-17 14:00:00,272.0,6851.75,91.26,3.0,3.5973,70.17,20.0,0.25,6.56,0.0017,96.42,5,4175.33,0.1383,7.38,110.08,No Defect
3115,1,2026-02-17 20:00:00,566.0,8089.7,86.27,4.0,2.8073,80.16,15.0,1.44,3.73,0.0558,97.65,6,1336.36,0.3477,7.79,120.0,No Defect
3116,2,2026-02-18 02:00:00,680.0,5014.15,85.9,1.0,2.6404,92.5,7.0,2.23,3.16,0.035,99.62,6,3816.28,0.4776,2.85,336.15,No Defect
3117,3,2026-02-18 08:00:00,515.0,5588.98,94.67,5.0,3.4029,89.75,5.0,2.67,4.6,0.0643,96.79,5,2930.29,0.3891,8.74,368.14,Defect
3118,4,2026-02-18 14:00:00,548.0,19659.26,97.43,2.0,3.0086,83.64,3.0,4.88,3.31,0.0542,88.91,2,1535.42,0.1858,5.12,348.26,No Defect
3119,5,2026-02-18 20:00:00,186.0,8635.31,83.85,5.0,3.3977,81.58,10.0,4.91,2.48,0.0261,93.77,5,2058.84,0.4885,1.15,316.59,Defect
3120,6,2026-02-19 02:00:00,200.0,14949.66,81.95,1.0,3.2578,77.09,16.0,0.49,4.27,0.0162,89.7,1,1180.14,0.2228,6.79,169.87,Defect
3121,1,2026-02-19 08:00:00,107.0,17586.5,97.96,5.0,3.7364,98.91,1.0,2.69,3.31,0.0405,87.06,9,2440.95,0.2746,7.09,436.38,Defect
3122,2,2026-02-19 14:00:00,944.0,13259.91,87.0,2.0,3.3926,82.41,5.0,4.09,8.4,0.0987,92.53,0,2021.63,0.2992,5.97,231.02,No Defect
3123,3,2026-02-19 20:00:00,299.0,7297.17,91.03,2.0,2.8388,70.16,3.0,1.19,2.5,0.0436,95.4,7,2528.41,0.4963,2.91,494.47,No Defect
3124,4,2026-02-20 02:00:00,604.0,15921.75,87.19,0.0,3.5681,69.2,2.0,3.75,7.98,0.0749,92.72,2,3321.36,0.1276,5.34,253.94,No Defect
3125,5,2026-02-20 08:00:00,186.0,14003.77,82.52,5.0,2.5227,84.45,6.0,4.39,5.06,0.0057,96.53,7,3929.36,0.3787,4.6,205.2,Defect
3126,6,2026-02-20 14:00:00,142.0,15968.76,91.79,0.0,1.5875,80.91,6.0,3.31,7.4,0.0379,83.53,2,3421.41,0.2448,9.77,457.7,No Defect
3127,1,2026-02-20 20:00:00,484.0,16546.2,90.5,0.0,0.5064,60.31,15.0,1.64,2.42,0.058,87.47,1,3713.51,0.1313,8.42,326.97,Defect
3128,2,2026-02-21 02:00:00,720.0,19631.16,84.06,5.0,3.0198,93.2,1.0,4.62,9.37,0.0751,86.25,7,4462.56,0.474,7.86,388.74,Defect
3129,3,2026-02-21 08:00:00,534.0,13603.45,89.04,1.0,3.1579,88.16,7.0,4.42,8.14,0.0528,83.88,2,4495.3,0.3359,2.63,263.36,Defect
3130,4,2026-02-21 14:00:00,507.0,10124.62,95.94,3.0,4.8742,86.47,14.0,3.58,3.12,0.0515,88.86,7,4442.88,0.4014,3.98,454.77,No Defect
3131,5,2026-02-21 20:00:00,582.0,14726.97,91.81,2.0,2.1267,62.75,15.0,1.82,3.75,0.0764,98.96,1,1612.68,0.1962,4.42,467.09,No Defect
3132,6,2026-02-22 02:00:00,763.0,6026.61,81.94,4.0,2.2736,74.48,0.0,3.96,7.15,0.0313,90.76,3,2004.28,0.4046,5.43,274.71,Defect
3133,1,2026-02-22 08:00:00,116.0,18460.96,90.96,0.0,1.4081,97.42,9.0,1.58,9.37,0.0091,85.73,8,3009.3,0.4314,1.27,196.29,Defect
3134,2,2026-02-22 14:00:00,744.0,6790.72,94.05,1.0,0.8174,94.5,6.0,1.26,5.57,0.0347,87.08,0,2434.96,0.2723,6.34,359.07,Defect
3135,3,2026-02-22 20:00:00,247.0,9917.64,95.85,5.0,3.9776,71.42,15.0,2.58,5.89,0.0159,92.26,1,1526.68,0.3288,4.22,481.83,No Defect
3136,4,2026-02-23 02:00:00,376.0,17236.18,92.58,1.0,1.6236,66.28,9.0,4.99,3.9,0.0966,87.05,1,2151.0,0.4887,6.06,348.98,Defect
3137,5,2026-02-23 08:00:00,331.0,13959.69,83.05,1.0,3.2401,77.96,11.0,4.02,5.06,0.0578,90.77,8,4901.72,0.4387,1.08,481.69,No Defect
3138,6,2026-02-23 14:00:00,925.0,10904.53,94.2,5.0,3.595,74.23,16.0,3.65,4.29,0.0447,85.48,9,2387.71,0.2779,3.89,237.52,No Defect
3139,1,2026-02-23 20:00:00,465.0,12101.53,93.55,4.0,2.6206,87.29,12.0,2.26,4.8,0.0912,86.92,4,2675.66,0.3658,7.92,466.03,Defect
3140,2,2026-02-24 02:00:00,327.0,17818.21,80.49,5.0,4.4436,98.66,11.0,1.56,2.16,0.09,94.11,3,1025.61,0.4137,5.51,145.03,No Defect
3141,3,2026-02-24 08:00:00,750.0,10100.07,88.23,4.0,2.4971,74.52,14.0,4.28,2.33,0.0416,91.69,9,3877.66,0.1097,8.1,243.53,No Defect
3142,4,2026-02-24 14:00:00,535.0,18044.75,86.66,5.0,1.7821,62.49,13.0,2.84,7.45,0.0875,81.87,9,2654.2,0.3353,7.29,297.79,Defect
3143,5,2026-02-24 20:00:00,498.0,6322.02,93.39,0.0,4.5321,95.9,18.0,4.07,7.45,0.0064,99.46,3,1412.56,0.4938,8.69,361.24,No Defect
3144,6,2026-02-25 02:00:00,310.0,16651.98,84.32,4.0,4.377,61.52,18.0,2.44,4.64,0.0886,80.99,6,4874.23,0.4789,1.07,217.66,No Defect
3145,1,2026-02-25 08:00:00,490.0,17713.21,91.82,0.0,1.2382,98.11,13.0,3.77,9.08,0.0311,81.66,2,4109.73,0.433,3.35,469.7,No Defect
3146,2,2026-02-25 14:00:00,598.0,7727.26,98.26,4.0,0.6168,86.58,17.0,4.34,4.13,0.0565,94.03,8,3904.6,0.1425,5.94,461.4,No Defect
3147,3,2026-02-25 20:00:00,639.0,11455.2,95.96,4.0,0.9049,97.67,4.0,1.96,5.17,0.027,94.16,4,4831.49,0.4976,9.47,419.73,No Defect
3148,4,2026-02-26 02:00:00,662.0,7482.5,98.43,5.0,1.7895,67.99,19.0,0.07,7.85,0.0985,80.38,8,2629.92,0.3438,7.12,145.75,No Defect
3149,5,2026-02-26 08:00:00,590.0,15599.06,99.57,4.0,4.8752,61.63,5.0,1.27,7.95,0.0072,92.86,0,3874.13,0.1892,5.11,131.32,No Defect
3150,6,2026-02-26 14:00:00,541.0,13030.22,80.21,0.0,3.0133,79.53,17.0,4.57,8.89,0.0447,80.67,9,1824.83,0.3697,2.17,299.25,Defect
3151,1,2026-02-26 20:00:00,360.0,14529.85,92.45,5.0,2.1797,78.02,13.0,3.44,2.23,0.0621,99.22,7,3788.48,0.4426,5.44,406.14,Defect
3152,2,2026-02-27 02:00:00,872.0,7947.3,88.26,2.0,4.4992,73.26,3.0,3.69,3.47,0.0616,93.92,1,1056.32,0.1449,4.97,149.29,No Defect
3153,3,2026-02-27 08:00:00,449.0,8176.19,97.2,0.0,2.5391,98.31,22.0,1.63,7.12,0.0739,83.73,7,1505.22,0.4666,8.01,356.57,No Defect
3154,4,2026-02-27 14:00:00,451.0,5622.46,85.04,2.0,1.9186,92.9,0.0,3.51,4.71,0.0724,83.16,3,2701.04,0.4681,4.72,311.14,Defect
3155,5,2026-02-27 20:00:00,619.0,9831.01,99.62,1.0,4.7355,86.46,12.0,3.23,2.35,0.0793,91.39,1,1048.37,0.1054,3.87,390.4,No Defect
3156,6,2026-02-28 02:00:00,419.0,13396.17,92.27,5.0,4.3228,66.51,10.0,0.89,6.69,0.0234,92.67,1,2847.86,0.4601,1.81,274.15,No Defect
3157,1,2026-02-28 08:00:00,237.0,17869.02,95.87,1.0,4.2965,89.37,2.0,4.84,5.14,0.0371,96.62,5,3091.17,0.4787,1.42,377.32,No Defect
3158,2,2026-02-28 14:00:00,649.0,15003.91,81.71,5.0,2.8053,89.08,16.0,1.77,4.91,0.0382,98.07,2,3486.43,0.1151,4.95,163.84,No Defect
3159,3,2026-02-28 20:00:00,722.0,11530.94,83.67,5.0,4.0525,77.0,17.0,1.65,4.11,0.0956,87.85,9,1401.55,0.2177,4.12,185.84,Defect
3160,4,2026-03-01 02:00:00,467.0,19296.8,95.17,0.0,1.3071,96.99,9.0,1.85,2.05,0.0409,96.88,2,1724.05,0.2492,6.0,461.33,Defect
3161,5,2026-03-01 08:00:00,319.0,15788.68,80.44,2.0,3.0795,66.68,15.0,0.46,3.46,0.0222,90.85,8,3453.13,0.2396,7.41,231.75,No Defect
3162,6,2026-03-01 14:00:00,436.0,18952.48,96.34,5.0,4.9273,70.69,20.0,3.12,5.79,0.0632,89.41,4,3632.75,0.4036,1.36,494.2,Defect
3163,1,2026-03-01 20:00:00,322.0,12913.82,80.28,2.0,1.8093,62.53,12.0,1.19,4.21,0.0427,93.98,6,1103.6,0.2432,5.47,118.48,No Defect
3164,2,2026-03-02 02:00:00,747.0,8883.56,93.14,5.0,4.0746,91.82,19.0,4.02,9.0,0.025,82.06,4,3161.47,0.4826,8.76,298.35,Defect
3165,3,2026-03-02 08:00:00,867.0,5792.4,87.3,2.0,2.7072,84.87,11.0,1.97,3.14,0.0715,85.31,1,4139.93,0.498,5.1,229.99,No Defect
3166,4,2026-03-02 14:00:00,459.0,15891.27,92.23,1.0,0.6791,72.6,3.0,2.29,9.0,0.0192,96.34,7,1276.4,0.2267,5.69,498.39,Defect
3167,5,2026-03-02 20:00:00,428.0,6819.54,93.92,0.0,3.9336,66.55,7.0,3.23,5.24,0.0633,90.08,8,2652.69,0.3035,5.38,496.01,No Defect
3168,6,2026-03-03 02:00:00,562.0,9541.63,86.85,5.0,1.2586,61.61,11.0,3.81,4.21,0.0431,98.16,1,2306.05,0.3231,4.51,194.1,No Defect
3169,1,2026-03-03 08:00:00,660.0,12987.06,82.16,3.0,3.3416,66.67,18.0,1.16,4.43,0.0319,81.77,1,4654.66,0.3318,1.99,206.9,Defect
3170,2,2026-03-03 14:00:00,903.0,13466.25,81.39,2.0,0.8855,78.13,14.0,4.83,4.64,0.0946,86.27,3,1743.21,0.2497,2.14,399.87,Defect
3171,3,2026-03-03 20:00:00,481.0,14008.75,91.78,2.0,4.7609,69.89,15.0,3.11,6.05,0.0324,87.11,7,2273.44,0.1664,2.61,455.87,No Defect
3172,4,2026-03-04 02:00:00,935.0,7493.83,90.41,3.0,1.8128,70.36,11.0,0.03,4.83,0.0348,88.45,4,4593.78,0.1218,8.13,365.48,Defect
3173,5,2026-03-04 08:00:00,689.0,10696.06,94.84,0.0,1.5191,95.02,19.0,2.08,7.18,0.0871,99.74,4,2322.61,0.1425,3.48,445.88,Defect
3174,6,2026-03-04 14:00:00,716.0,14257.91,90.19,2.0,1.0811,80.61,17.0,2.18,5.4,0.0129,86.21,6,3125.39,0.4605,9.53,125.32,No Defect
3175,1,2026-03-04 20:00:00,268.0,19547.28,88.45,0.0,4.757,89.17,21.0,4.05,7.37,0.0108,90.37,3,1132.14,0.2122,8.29,356.21,Defect
3176,2,2026-03-05 02:00:00,316.0,15914.47,87.96,2.0,3.7036,61.43,11.0,1.53,6.84,0.0283,90.72,8,4939.61,0.1307,7.16,380.07,No Defect
3177,3,2026-03-05 08:00:00,477.0,18839.06,80.53,4.0,3.8375,74.61,15.0,1.66,3.96,0.0592,95.42,3,4299.79,0.3494,7.48,176.13,Defect
3178,4,2026-03-05 14:00:00,218.0,16433.18,86.71,2.0,2.7473,79.17,19.0,0.35,8.5,0.0384,90.36,7,3537.6,0.1301,1.43,411.19,No Defect
3179,5,2026-03-05 20:00:00,289.0,13875.75,99.52,4.0,2.6363,67.46,10.0,1.42,8.39,0.0609,92.11,2,1243.02,0.128,6.12,477.71,No Defect
3180,6,2026-03-06 02:00:00,866.0,7880.35,97.47,5.0,0.9951,64.81,21.0,3.58,9.91,0.016,95.07,5,1299.48,0.3486,9.47,459.19,Defect
3181,1,2026-03-06 08:00:00,469.0,15000.28,86.59,0.0,3.0193,94.81,19.0,3.17,3.4,0.0261,82.02,0,3179.89,0.3366,1.35,197.99,No Defect
3182,2,2026-03-06 14:00:00,877.0,14350.69,91.76,2.0,1.6111,97.58,13.0,0.41,8.78,0.0565,99.27,6,2140.26,0.1166,3.62,229.6,No Defect
3183,3,2026-03-06 20:00:00,248.0,14037.04,96.95,1.0,4.8972,63.15,1.0,0.57,8.98,0.0217,96.93,6,3491.16,0.2842,1.46,299.84,Defect
3184,4,2026-03-07 02:00:00,775.0,12346.79,88.83,1.0,4.0846,73.96,12.0,1.88,7.14,0.0423,87.78,1,3392.77,0.2743,6.13,163.34,No Defect
3185,5,2026-03-07 08:00:00,751.0,12929.85,80.36,3.0,2.3585,98.33,13.0,3.72,6.05,0.0573,94.57,4,4354.61,0.3187,2.05,481.58,Defect
3186,6,2026-03-07 14:00:00,958.0,10016.64,81.49,1.0,1.181,63.33,5.0,4.16,9.66,0.0974,95.25,3,2125.51,0.3951,5.31,164.64,Defect
3187,1,2026-03-07 20:00:00,587.0,12789.69,90.21,4.0,4.034,85.75,11.0,0.07,9.78,0.008,97.0,9,3311.45,0.2131,7.48,404.57,No Defect
3188,2,2026-03-08 02:00:00,869.0,7963.34,99.39,1.0,1.0492,98.89,6.0,1.65,7.13,0.046,83.77,8,4109.45,0.2731,2.48,236.57,Defect
3189,3,2026-03-08 08:00:00,473.0,17077.62,93.86,1.0,1.352,99.13,3.0,2.12,4.88,0.0396,94.07,1,2963.09,0.4171,7.8,329.49,Defect
3190,4,2026-03-08 14:00:00,880.0,7786.65,81.42,1.0,1.4518,78.85,6.0,4.56,8.54,0.0824,80.67,2,4322.57,0.469,1.54,118.87,No Defect
3191,5,2026-03-08 20:00:00,792.0,6274.49,83.79,2.0,3.006,66.51,12.0,2.51,2.71,0.09,82.31,0,1525.1,0.4565,2.35,182.0,Defect
3192,6,2026-03-09 02:00:00,259.0,11543.69,95.43,3.0,4.0418,68.08,10.0,1.35,4.32,0.0907,95.52,9,3935.59,0.2911,3.52,277.76,No Defect
3193,1,2026-03-09 08:00:00,450.0,14874.61,96.83,0.0,1.9144,95.58,7.0,1.95,9.88,0.0375,96.26,4,4771.93,0.3083,8.16,370.88,Defect
3194,2,2026-03-09 14:00:00,387.0,11565.75,92.35,3.0,0.881,96.47,18.0,2.18,8.51,0.0305,91.85,2,2327.53,0.3116,8.65,411.02,No Defect
3195,3,2026-03-09 20:00:00,387.0,9151.31,92.89,4.0,2.5904,84.32,1.0,3.35,9.52,0.0449,91.63,3,2465.35,0.4475,2.98,112.06,Defect
3196,4,2026-03-10 02:00:00,991.0,13372.57,80.57,2.0,3.8665,90.65,20.0,0.21,6.76,0.0344,94.99,3,1334.2,0.436,1.86,161.0,No Defect
3197,5,2026-03-10 08:00:00,325.0,10205.04,96.57,5.0,1.4975,89.6,17.0,1.95,5.26,0.0719,98.12,5,3565.97,0.2246,8.63,391.92,No Defect
3198,6,2026-03-10 14:00:00,622.0,18993.02,95.77,2.0,1.4897,86.47,20.0,3.23,9.84,0.0214,88.42,9,3209.8,0.1651,6.84,425.22,Defect
3199,1,2026-03-10 20:00:00,621.0,18839.68,85.18,1.0,4.7625,93.09,9.0,1.42,4.48,0.0659,82.3,6,1161.38,0.2516,2.42,194.63,No Defect
3200,2,2026-03-11 02:00:00,882.0,12535.58,94.17,1.0,4.7937,87.42,5.0,2.96,8.06,0.0927,96.78,6,4008.85,0.2154,6.02,191.86,No Defect
3201,3,2026-03-11 08:00:00,372.0,9918.26,84.3,4.0,4.9571,81.36,23.0,1.79,6.47,0.028,86.83,7,4317.14,0.4803,8.85,135.21,No Defect
3202,4,2026-03-11 14:00:00,501.0,16056.99,80.81,5.0,4.1345,69.48,21.0,3.79,3.83,0.0677,82.68,2,4628.48,0.2064,1.63,160.12,Defect
3203,5,2026-03-11 20:00:00,282.0,5550.69,84.02,2.0,1.3468,89.76,3.0,0.3,2.14,0.0144,92.29,4,3182.94,0.1725,1.75,103.21,No Defect
3204,6,2026-03-12 02:00:00,764.0,12121.54,83.57,5.0,1.4539,78.94,18.0,4.59,5.07,0.0121,91.56,9,2810.32,0.4598,3.46,335.93,Defect
3205,1,2026-03-12 08:00:00,587.0,10044.85,86.75,0.0,2.031,71.79,13.0,0.86,6.38,0.0116,89.48,5,4504.55,0.1346,6.87,461.56,Defect
3206,2,2026-03-12 14:00:00,926.0,18808.04,88.37,3.0,1.9316,92.08,13.0,0.79,3.47,0.0139,97.2,5,2594.79,0.2041,2.6,159.83,Defect
3207,3,2026-03-12 20:00:00,945.0,5180.05,90.17,2.0,4.8044,87.87,17.0,4.2,5.32,0.0216,85.44,7,3621.77,0.2756,8.35,400.58,No Defect
3208,4,2026-03-13 02:00:00,223.0,13292.22,89.54,5.0,4.0508,97.49,16.0,4.35,6.92,0.0563,80.26,4,3461.45,0.338,7.75,329.46,Defect
3209,5,2026-03-13 08:00:00,725.0,16109.95,85.41,0.0,3.758,66.62,17.0,0.46,7.72,0.0767,86.47,4,2488.64,0.2311,6.05,475.97,No Defect
3210,6,2026-03-13 14:00:00,889.0,12275.27,80.58,0.0,1.3368,85.97,17.0,4.54,2.42,0.0127,80.19,0,1347.56,0.2985,2.04,419.25,Defect
3211,1,2026-03-13 20:00:00,513.0,6281.05,92.1,3.0,4.5929,69.77,4.0,1.37,7.31,0.087,90.87,0,1085.66,0.1795,9.89,441.09,Defect
3212,2,2026-03-14 02:00:00,824.0,19586.92,87.91,0.0,4.2254,96.14,8.0,3.09,2.45,0.0843,87.56,5,2712.95,0.3297,5.41,355.66,Defect
3213,3,2026-03-14 08:00:00,271.0,12770.16,85.97,4.0,1.2364,63.98,0.0,0.34,2.23,0.0727,96.28,9,2924.81,0.2631,5.07,424.53,No Defect
3214,4,2026-03-14 14:00:00,387.0,14212.79,97.34,0.0,4.4203,86.25,3.0,1.9,3.22,0.0426,95.95,9,4290.71,0.4397,9.96,240.35,Defect
3215,5,2026-03-14 20:00:00,534.0,8549.15,94.93,5.0,1.7251,91.64,6.0,2.25,7.23,0.0002,88.69,4,2657.65,0.2663,8.77,183.61,No Defect
3216,6,2026-03-15 02:00:00,785.0,12252.47,97.16,4.0,0.8639,74.2,10.0,3.0,2.42,0.0735,84.33,9,2124.64,0.2775,5.11,465.01,No Defect
3217,1,2026-03-15 08:00:00,212.0,11437.24,89.9,0.0,3.4557,98.17,13.0,2.63,2.17,0.0879,88.45,5,2848.39,0.3369,4.77,393.73,Defect
3218,2,2026-03-15 14:00:00,987.0,6123.44,82.62,1.0,3.4421,94.03,9.0,2.31,2.94,0.0335,92.83,8,1951.96,0.1493,1.86,136.28,Defect
3219,3,2026-03-15 20:00:00,221.0,6592.41,93.92,0.0,0.9272,71.78,18.0,4.8,9.6,0.0718,83.8,7,1365.44,0.1627,9.34,446.76,Defect
3220,4,2026-03-16 02:00:00,643.0,17562.09,84.12,4.0,1.9348,60.3,7.0,0.93,9.26,0.0062,95.46,6,1452.17,0.4161,8.59,239.56,No Defect
3221,5,2026-03-16 08:00:00,321.0,8597.3,88.82,0.0,4.9677,71.87,2.0,0.79,2.69,0.0709,86.61,6,2276.62,0.2094,3.79,219.31,No Defect
3222,6,2026-03-16 14:00:00,730.0,7924.37,81.3,0.0,3.5529,71.25,7.0,3.57,4.43,0.0068,98.64,5,1050.71,0.3739,7.78,349.33,No Defect
3223,1,2026-03-16 20:00:00,138.0,12573.67,96.51,0.0,3.7853,95.6,17.0,0.37,9.58,0.0587,90.24,5,1880.81,0.139,7.86,327.44,Defect
3224,2,2026-03-17 02:00:00,596.0,16531.21,82.52,4.0,1.4581,98.68,4.0,2.41,2.78,0.0598,96.94,0,4150.09,0.4287,3.05,315.3,No Defect
3225,3,2026-03-17 08:00:00,879.0,5929.2,98.06,0.0,0.8545,62.82,19.0,2.42,2.76,0.0302,92.32,6,1938.47,0.4953,6.52,201.95,No Defect
3226,4,2026-03-17 14:00:00,332.0,13652.12,97.28,3.0,1.7461,78.85,10.0,1.55,2.69,0.0079,91.09,4,1442.92,0.2495,3.3,483.91,No Defect
3227,5,2026-03-17 20:00:00,629.0,6788.16,89.29,5.0,1.62,81.93,8.0,4.65,9.81,0.0949,93.64,6,4796.32,0.3022,8.11,480.05,No Defect
3228,6,2026-03-18 02:00:00,248.0,5546.92,94.89,3.0,1.5554,63.72,18.0,1.41,7.94,0.0536,96.23,5,3489.88,0.2771,2.38,101.66,Defect
3229,1,2026-03-18 08:00:00,496.0,5791.16,92.39,4.0,1.3674,75.1,11.0,1.44,3.72,0.058,92.89,7,1240.1,0.4577,7.02,235.13,Defect
3230,2,2026-03-18 14:00:00,760.0,17512.46,96.06,1.0,3.0864,72.68,4.0,1.17,2.37,0.0615,95.94,2,1248.98,0.104,3.93,118.22,Defect
3231,3,2026-03-18 20:00:00,737.0,6769.59,88.64,3.0,1.9765,81.44,15.0,0.73,9.72,0.0891,83.81,7,3448.49,0.3614,1.33,440.1,No Defect
3232,4,2026-03-19 02:00:00,401.0,5677.27,95.72,5.0,4.1916,86.45,12.0,1.82,5.4,0.006,85.55,6,3160.52,0.3609,2.11,454.61,No Defect
3233,5,2026-03-19 08:00:00,459.0,11568.5,89.25,2.0,1.3278,88.14,5.0,3.4,6.79,0.0893,84.59,0,1273.5,0.253,6.89,307.32,Defect
3234,6,2026-03-19 14:00:00,337.0,17659.9,98.82,5.0,2.5908,65.47,15.0,3.71,4.23,0.024,95.97,2,1897.26,0.1877,3.16,435.87,Defect
3235,1,2026-03-19 20:00:00,746.0,8936.13,89.73,3.0,0.5615,92.52,17.0,4.07,8.07,0.0078,81.72,9,4716.17,0.1959,6.68,381.34,No Defect
3236,2,2026-03-20 02:00:00,762.0,11325.69,89.25,2.0,2.6676,87.14,16.0,0.99,3.57,0.0657,95.92,3,3288.04,0.4202,4.73,299.83,No Defect
3237,3,2026-03-20 08:00:00,335.0,5598.84,95.7,4.0,0.7513,95.56,11.0,0.18,8.3,0.0977,87.78,8,2761.3,0.1264,7.23,245.52,No Defect
3238,4,2026-03-20 14:00:00,835.0,11736.18,96.43,5.0,4.8998,77.97,0.0,4.87,3.84,0.0057,81.59,5,2000.62,0.3255,5.44,206.49,Defect
3239,5,2026-03-20 20:00:00,302.0,13664.2,91.09,1.0,4.0577,95.76,6.0,0.07,2.78,0.0426,88.49,6,1534.79,0.2227,3.78,203.77,No Defect
3240,6,2026-03-21 02:00:00,355.0,13563.61,83.6,2.0,2.7055,94.63,13.0,4.8,5.83,0.053,86.01,4,2610.53,0.2061,2.31,324.83,No Defect
